--- Page 1 (parsed text) --Rabat, le 18 janvier 2021
CIRCULAIRE N° 6146/222
Objet: - Accord d’association Maroc-UE.
- Modification des codifications douanières figurant sur les listes annexées à la
circulaire d’application de l’Accord suite à la modification de la nomenclature du
tarif des droits de douane.
Réf. : - Circulaire n° 4617/222 du 15 février 2000 telle que modifiée.
- Circulaire n° 6135/211 du 31 décembre 2020.
- Arrêté du Ministre de l’Economie, des Finances et de la Réforme de
l’Administration n° 3280. 20 du 29 décembre 2020, modifiant la nomenclature du
tarif des droits de douane.
Par circulaire n° 6135/211 du 31 décembre 2020, prise pour l’application de l’arrêté cité en
référence, le service a été informé de la modification ayant touché la nomenclature du tarif
des droits de douane et entrée en vigueur à compter du 1er janvier 2021.
Cette modification a eu des répercussions sur les codifications douanières figurant sur les
listes annexées à la circulaire de base de l’Accord d’Association Maroc-Union Européenne,
mentionnée en première référence.
En conséquence, les listes 1, 2 et 3 de l’Annexe I, jointes à la présente, ont été modifiées
pour tenir compte des nouvelles codifications.
SGIA/Diffusion/18-01-21/10h55
[Note: 5 image(s) found on this page. ]
--- Page 2 (parsed text) --Circulaire n°6146/222 du 18 janvier 2021
1
Accord d’Association: : Annexe I: : Liste 1
Produits originaires de la Communauté admis au Maroc en exonération du DI
2503001000
2503009010
2503009020
2503009090
2601110000
2601120000
2601200000
2602000000
2603000000
2604000000
2605000000
2606000000
2607000000
2608000000
2609000000
2610000000
2611000000
2612100000
2612200000
2613100000
2613900000
2614000000
2615100000
2615900000
2616100000
2616900000
2617100000
2617900010
2617900080
2618000000
2619000010
2619000080
2620110000
2620190000
2620210000
2620290000
2620300000
2620400000
2620600000
2620910000
2620990010
2620990080
2621100000
2621901000
2621902000
2621903000
2621909000
2716000000
2835250000
2835260000
2835310000
2844302100
3002200000
3004102000
3004202000
3004322000
3004392000
3004492000
3004902000
3004907000
3006922200
3006924120
3006924220
3006924420
3006924520
3006924692
3006924920
3006924970
3212100000
3213100000
3213900000
3601001000
3601002000
3601009000
3602000010
3602000020
3602000031
3602000039
3602000040
3602000090
3603001010
3603001090
3603002110
3603002190
3603002900
3603009010
3603009091
3603009099
3604100000
3604901000
3604909100
3604909200
3604909910
3604909990
3606100000
3702521000
3702551000
3702561000
3702961000
3702971000
3702981000
3706101010
3706101091
3706101099
3706109100
3706109910
3706109920
3706109991
3706109999
3706901010
3706901091
3706901099
3706909100
3706909910
3706909920
3706909991
3706909999
3707100000
3707900000
3825306000
3825307000
3825308000
3825309000
3907611000
3907691000
4010111010
4010111090
4011100010
4011100091
4011100099
4011201000
4011209000
4011701011
4011701019
4011701090
4011702000
4011709000
4011801011
4011801019
4011801020
4011801090
4011809011
4011809019
4011809020
4011809090
4011901100
4011901900
4011902000
4011909000
4823903800
5104000000
5105101000
5105109000
5105211000
5105219000
5105291011
5105291019
5105291090
5105299011
5105299019
--- Page 3 (parsed text) --Circulaire n°6146/222 du 18 janvier 2021
2
5105299090
5105311000
5105319000
5105392000
5105398000
5105402000
5105408000
5303100000
5303900010
5303900090
5305000000
5501100000
5501200000
5501300000
5501400000
5501900000
5502100000
5502900010
5502900020
5502900030
5502900090
5503110000
5503190000
5503200000
5503300000
5503400000
5503900010
5503900020
5503900090
5504100000
5504900010
5504900020
5504900090
5505100010
5505100020
5505100030
5505100090
5505200010
5505200020
5505200030
5505200090
5506100010
5506100090
5506200010
5506200090
5506300010
5506300090
5506400010
5506400090
5506900011
5506900015
5506900019
5506900091
5506900095
5506900099
5507000011
5507000013
5507000015
5507000019
5507000091
5507000093
5507000095
5507000099
6815100000
6902100000
6903100000
7017100000
7017200000
7017900000
7302901000
7302902000
7304221010
7304221090
7304229100
7304229900
7304231010
7304231090
7304239100
7304239900
7304393900
7304394010
7304394090
7309003100
7309008200
7311001000
7311002000
7311003000
7311004000
7311005000
7311006000
7312100010
7312100020
7312100090
7312900000
7316000000
7419995000
7616997000
7907002000
8202100010
8202100090
8202310010
8202310091
8202310099
8202390010
8202390090
8202400000
8202990011
8202990019
8202990090
8203100000
8203200000
8203300000
8203400000
8204110000
8204120000
8204201010
8204201020
8204201090
8204209000
8205100000
8205300000
8205400000
8205600000
8205700000
8205900011
8205900012
8205900019
8205900090
8206000000
8207130010
8207130090
8207191010
8207191090
8207192010
8207192090
8207199000
8207201000
8207209010
8207209020
8207209090
8207301000
8207309011
8207309019
8207309030
8207309090
8207401000
8207402000
8207409010
8207409090
8207501100
8207501900
8207502000
8207509011
8207509019
8207509090
8207601000
8207602000
8207609010
8207609090
8207701000
8207702000
8207709011
8207709019
8207709090
8207801100
8207801900
8207802000
8207803000
8207809000
8207901100
8207901910
8207901920
8207901990
8207902000
8207903100
8207903300
8207903900
8207905000
8207909000
8208100010
--- Page 4 (parsed text) --Circulaire n°6146/222 du 18 janvier 2021
3
8208100090
8208200010
8208200090
8208300010
8208300090
8208400010
8208400090
8208900010
8208900090
8401100000
8401201010
8401201020
8401201090
8401209010
8401209090
8401300010
8401300020
8401300090
8401400000
8402110010
8402110020
8402110090
8402121000
8402191010
8402191090
8402901000
8402909100
8402909900
8404101000
8404109000
8404200000
8404900010
8404900090
8405100010
8405100090
8405900000
8406100000
8406810000
8406820000
8406900000
8407211000
8407219000
8407290010
8407290090
8408109010
8408109090
8408901000
8409100000
8409911100
8409911900
8409912910
8409912990
8409914910
8409914990
8409919000
8409991100
8409991900
8409994100
8409994900
8409999000
8410110010
8410110090
8410120010
8410120090
8410130010
8410130090
8410900000
8411110000
8411120000
8411210000
8411220000
8411810000
8411820000
8411910000
8411990000
8412100000
8412210000
8412290000
8412310000
8412390000
8412801000
8412802000
8412809100
8412809900
8412901000
8412909010
8412909020
8412909090
8413110000
8413190000
8413200010
8413200090
8413300010
8413300090
8413400011
8413400019
8413400090
8413501000
8413509010
8413509091
8413509099
8413601000
8413609011
8413609019
8413609091
8413609092
8413609099
8413701100
8413811000
8413819011
8413819019
8413819090
8413820000
8413910010
8413910020
8413910090
8413920000
8414101000
8414102100
8414102900
8414109000
8414200000
8414301100
8414301900
8414302000
8414309000
8414401100
8414401900
8414402000
8414409000
8414511900
8414519000
8414599010
8414599090
8414609000
8414801000
8414802100
8414802900
8414803000
8414804000
8414809000
8414901000
8414902000
8414903000
8414904000
8414905000
8414906000
8414907000
8414909000
8415100010
8415100091
8415100092
8415100093
8415100099
8415200000
8415810000
8415820000
8415830010
8415830020
8415830030
8415830090
8415900000
8416100000
8416200000
8416300000
8416900000
8417100010
8417100090
8417201000
8417800010
8417800090
8417900000
EX 8418501500 (*)
8418610000
8418691000
8418699000
8418990010
8418990090
8419201000
8419209000
--- Page 5 (parsed text) --Circulaire n°6146/222 du 18 janvier 2021
4
8419310000
8419320000
8419390010
8419390090
8419400010
8419400020
8419400030
8419400040
8419400050
8419400060
8419400070
8419400080
8419400090
8419500000
8419600000
8419811010
8419811090
8419813000
8419818000
8419890010
8419890091
8419890092
8419890093
8419890094
8419890095
8419890096
8419890097
8419890098
8419890099
8419909010
8419909080
8420100011
8420100012
8420100019
8420100090
8420910010
8420910090
8420990000
8421110000
8421120010
8421120020
8421120090
8421190010
8421190020
8421190030
8421190080
8421211000
8421219000
8421220000
8421299000
8421399000
8421910000
8421991000
8421992900
8422110010
8422110090
8422190010
8422190090
8422200000
8422300000
8422400000
8422901000
8422909010
8422909090
8423100000
8423200000
8423300000
8423812000
8423818100
8423818900
8423822000
8423828100
8423828900
8423890000
8423901100
8423901900
8423909000
8424200000
8424300000
8424410000
8424490000
8424820000
8424890000
8424900010
8424900080
8425110000
8425190000
8425310010
8425310090
8425390010
8425390090
8425410000
8425420000
8425490000
8426119000
8426121000
8426129010
8426129021
8426129029
8426129031
8426129039
8426129090
8426190000
8426201010
8426201090
8426209000
8426301010
8426301090
8426309000
8426411000
8426419010
8426419021
8426419029
8426419031
8426419039
8426419090
8426491000
8426499000
8426910000
8426990000
8427100010
8427100091
8427100099
8427200010
8427200091
8427200099
8427901010
8427901090
8427909010
8427909090
8428100000
8428200000
8428310000
8428320000
8428331000
8428390000
8428400000
8428600000
8428901000
8428902000
8428903500
8428904500
8428905000
8428907010
8428907090
8428909000
8429110000
8429190000
8429200000
8429300000
8429400010
8429400020
8429400090
8429511000
8429519000
8429521000
8429529000
8429591000
8429599000
8430101000
8430109000
8430200000
8430310000
8430390000
8430410000
8430490000
8430500000
8430610000
8430690010
8430690090
8431100000
8431200010
8431200020
8431200090
8431310000
8431392000
8431398000
8431411100
8431430000
8431491100
--- Page 6 (parsed text) --Circulaire n°6146/222 du 18 janvier 2021
5
8431491900
8431492200
8431492900
8431493010
8431493090
8432102000
8432210000
8432291000
8432299011
8432299012
8432299019
8432299090
8432310000
8432390000
8432410000
8432420000
8432801000
8432809010
8432809020
8432809031
8432809032
8432809033
8432809039
8432809090
8433110000
8433190010
8433190090
8433200010
8433200021
8433200029
8433200030
8433200090
8433300010
8433300090
8433400000
8433510010
8433510093
8433510095
8433510097
8433520000
8433530000
8433590010
8433590090
8433600010
8433600020
8433600030
8433600090
8433900010
8433900020
8433900031
8433900039
8433900041
8433900042
8433900043
8433900049
8433900090
8434100000
8434200000
8434900000
8435100000
8435900000
8436100000
8436210000
8436291000
8436299000
8436800000
8436910000
8436990000
8437101000
8437109010
8437109020
8437109030
8437109040
8437109090
8437800000
8437901000
8437909000
8438109000
8438200000
8438300000
8438400000
8438500000
8438600000
8438801100
8438801900
8438809000
8438900000
8439100000
8439200000
8439300000
8439910000
8439990010
8439990090
8440100000
8440900000
8441101000
8441109010
8441109020
8441109090
8441200000
8441300000
8441400000
8441800000
8441901000
8441909000
8442301000
8442302010
8442302091
8442302099
8442308010
8442308091
8442308099
8442401000
8442409000
8442500010
8442500020
8442500031
8442500039
8442500040
8442500050
8442500090
8443110010
8443110090
8443120000
8443130010
8443130090
8443140010
8443140091
8443140099
8443150010
8443150091
8443150099
8443160010
8443160091
8443160099
8443170000
8443190010
8443190020
8443190031
8443190039
8443190090
8443310000
8443321000
8443322000
8443323010
8443323090
8443329000
8443391000
8443392000
8443394010
8443394090
8443398010
8443398020
8443398090
8443911000
8443912000
8443913000
8443914000
8443915000
8443919000
8443991000
8443992500
8443993000
8443994000
8443995000
8443996000
8443997500
8443998010
8443998020
8443998030
8443998040
8443998051
8443998052
8443998055
8443998056
8443998057
8443998058
8443998059
8443998061
8443998065
--- Page 7 (parsed text) --Circulaire n°6146/222 du 18 janvier 2021
6
8443998067
8443998069
8443998070
8443998080
8443999000
8444000010
8444000090
8445110000
8445120000
8445130000
8445190000
8445200000
8445300000
8445400000
8445900000
8446100000
8446210000
8446290000
8446300000
8447110000
8447120000
8447200010
8447200091
8447200099
8447900010
8447900090
8448110010
8448110090
8448190010
8448190090
8448200000
8448310000
8448320000
8448330010
8448330090
8448390000
8448420000
8448490010
8448490090
8448510000
8448590000
8449001100
8449001900
8449009011
8449009019
8449009091
8449009099
8451100000
8451210000
8451290000
8451300010
8451300090
8451400000
8451500000
8451801000
8451809010
8451809090
8451900010
8451900090
8452100010
8452100090
8452210000
8452290000
8452300000
8452900000
8453100000
8453200000
8453800000
8453900010
8453900090
8454100000
8454200010
8454200091
8454200099
8454300000
8454900000
8455100010
8455100090
8455210010
8455210090
8455220010
8455220090
8455300000
8455900000
8456110010
8456110020
8456110030
8456110090
8456120010
8456120020
8456120030
8456120090
8456200012
8456200018
8456200030
8456200080
8456300012
8456300018
8456300030
8456300080
8456400010
8456400090
8456500011
8456500019
8456500020
8456500030
8456500090
8456900012
8456900018
8456900040
8456900050
8456900090
8457100010
8457100090
8457200010
8457200090
8457300010
8457300090
8458111000
8458119000
8458191000
8458199000
8458911000
8458919000
8458991000
8458999010
8458999090
8459100000
8459210000
8459290000
8459310000
8459390000
8459410000
8459490000
8459511000
8459519000
8459591000
8459599000
8459611000
8459619000
8459691000
8459699000
8459700000
8460120010
8460120090
8460190010
8460190090
8460220010
8460220090
8460230010
8460230090
8460240010
8460240090
8460290010
8460290090
8460310010
8460310090
8460390010
8460390090
8460400011
8460400019
8460400091
8460400099
8460900012
8460900018
8460900092
8460900098
8461200010
8461200090
8461300010
8461300090
8461400010
8461400090
8461500010
8461500090
8461900011
8461900019
8461900090
8462100010
8462100090
--- Page 8 (parsed text) --Circulaire n°6146/222 du 18 janvier 2021
7
8462210000
8462290000
8462310000
8462390000
8462410000
8462490000
8462910010
8462910090
8462990011
8462990019
8462990090
8463100000
8463200000
8463300000
8463900011
8463900019
8463900090
8464100000
8464200020
8464200080
8464902000
8464908000
8465100000
8465200000
8465910000
8465920000
8465930000
8465940000
8465950000
8465960000
8465990000
8466100000
8466200000
8466300000
8466910000
8466920000
8466930030
8466930070
8466940000
8467110010
8467110090
8467190010
8467190090
8467210000
8467220010
8467220091
8467220099
8467291000
8467299010
8467299091
8467299099
8467810000
8467891000
8467899000
8467910000
8467920000
8467990000
8468100000
8468200000
8468800000
8468900000
8470101000
8470102100
8470102900
8470109000
8470210000
8470290000
8470300011
8470300019
8470300020
8470300091
8470300099
8470500000
8470900010
8470900090
8471300011
8471300019
8471300091
8471300099
8471410011
8471410019
8471410091
8471410099
8471490011
8471490019
8471490091
8471490099
8471500011
8471500019
8471500091
8471500099
8471600012
8471600018
8471600092
8471600098
8471700011
8471700019
8471700091
8471700099
8471800011
8471800018
8471800091
8471800098
8471900011
8471900012
8471900013
8471900014
8471900019
8471900091
8471900092
8471900093
8471900094
8471900099
8472100000
8472300000
8472901000
8472902010
8472902020
8472902031
8472902039
8472902091
8472902099
8472909010
8472909020
8472909030
8472909090
8473210000
8473290000
8473300010
8473300090
8473400010
8473400070
8473500000
8474101000
8474102000
8474109000
8474200010
8474200090
8474311900
8474319000
8474320000
8474390000
8474800000
8474909200
8475100000
8475210000
8475290010
8475290020
8475290031
8475290039
8475290090
8475900000
8476210000
8476290000
8476810000
8476890010
8476890090
8476901000
8476909000
8477100000
8477200000
8477300000
8477400000
8477510010
8477510090
8477590020
8477590080
8477800000
8477900000
8478100000
8478900000
8479100000
8479200010
8479200090
8479300010
8479300090
8479400010
8479400090
8479500000
8479600000
--- Page 9 (parsed text) --Circulaire n°6146/222 du 18 janvier 2021
8
8479710010
8479710090
8479790000
8479810010
8479810091
8479810099
8479820000
8479891000
8479899000
8479901000
8479909010
8479909020
8479909030
8479909040
8479909060
8479909080
8480100000
8480200010
8480200020
8480200030
8480200090
8480301000
8480302100
8480302900
8480303000
8480309010
8480309090
8480410000
8480490000
8480500010
8480500090
8480600000
8480710000
8480790000
8482100000
8482200000
8482300000
8482400000
8482500000
8482800000
8482910000
8482990000
8486100000
8486201000
8486202000
8486203010
8486203020
8486203090
8486209000
8486300000
8486401010
8486401020
8486401090
8486409000
8486901000
8486902000
8486903000
8486904000
8486905000
8486906000
8486909000
8487100010
8487100090
EX 8408909000 (1)
8501101000
8501102100
8501102900
8501109100
8501109900
8501201010
8501201090
8501209000
8501311010
8501311090
8501319100
8501319900
8501321000
8501329100
8501329200
8501329900
8501331000
8501339000
8501341000
8501349000
8501401100
8501401900
8501402100
8501402900
8501403000
8501409100
8501409900
8501511100
8501511200
8501511300
8501511900
8501519000
8501521000
8501522100
8501522900
8501529100
8501529900
8501531000
8501539100
8501539900
8501610010
8501610091
8501610099
8501620010
8501620090
8501631000
8501639000
8501640010
8501640090
8502120000
8502130000
8502200010
8502200091
8502200099
8502310010
8502310091
8502310099
8502390010
8502390091
8502390099
8502400000
8503001000
8503002100
8503002200
8503002900
8503009000
8504218100
8504319100
8504319200
8504402000
8504409100
8505110000
8505190000
8505200000
8505901000
8505909010
8505909090
8506901100
8506901900
8508110000
8508191000
8508199000
8508600000
8508701000
8508709000
8509400010
8509400090
8509800010
8509800020
8509800090
8509900000
8510101000
8510109100
8510109900
8510200000
8510300000
8510901000
8510902000
8510903100
8510903200
8510903900
8510909100
8510909900
8511100000
8511400000
8512400000
8513100010
8513100090
8513900010
8513900090
8514100010
8514100080
8514200010
8514200080
8514300010
8514300092
--- Page 10 (parsed text) --Circulaire n°6146/222 du 18 janvier 2021
9
8514300098
8514400010
8514400090
8514900000
8515110000
8515190000
8515210000
8515290000
8515310010
8515310090
8515390010
8515390090
8515800005
8515800022
8515800028
8515800080
8515900000
8516102000
8516310000
8516320000
8516330000
8516400000
8516500000
8516710000
8516720000
8516790000
8517110010
8517110020
8517110090
8517120010
8517120020
8517120090
8517180010
8517180020
8517180090
8517610000
8517620000
8517690000
8517700010
8517700090
8518100000
8518210000
8518220000
8518290000
8518301000
8518309000
8518400000
8518501000
8518509000
8518901000
8518902000
8518909000
8519201000
8519209000
8519301000
8519309000
8519500000
8519811100
8519811910
8519811920
8519811991
8519811999
8519819010
8519819021
8519819029
8519819091
8519819099
8519891010
8519891020
8519891091
8519891099
8519899010
8519899090
8521100010
8521100090
8521900010
8521900090
8522100000
8522901020
8522901080
8522908012
8522908013
8522908019
8522908020
8522908092
8522908098
8523211090
8523219010
8523291010
8523291091
8523299111
8523299119
8523299220
8523299910
8523410010
8523490005
8523490013
8523490041
8523490042
8523490051
8523490052
8523519111
8523519112
8523520000
8523599111
8523599112
8523599910
8523809111
8523809112
8525500010
8525500090
8525600010
8525600090
8525801000
8525809000
8526100000
8526910000
8527121000
8527129100
8527129910
8527129990
8527131010
8527131090
8527139100
8527139910
8527139991
8527139999
8527191010
8527191090
8527199100
8527199910
8527199991
8527199999
8527211010
8527211090
8527219100
8527219910
8527219991
8527219993
8527219999
8527291010
8527291090
8527299100
8527299910
8527299991
8527299993
8527299999
8527911010
8527911090
8527919100
8527919910
8527919991
8527919999
8527921010
8527921090
8527929100
8527929910
8527929991
8527929999
8527991010
8527991090
8527999100
8527999910
8527999991
8527999999
8528420000
8528490000
8528520000
8528590000
8528620000
8528690000
8528711010
8528711090
8528719910
8528719920
8528721010
8528721090
8528729910
8528729920
8528730000
--- Page 11 (parsed text) --Circulaire n°6146/222 du 18 janvier 2021
10
8529101000
8529102900
8529109000
8529900012
8529900018
8529900082
8529900088
8529900092
8529900094
8529900096
8529900098
8530100000
8530800000
8530900000
8531100000
8531200000
8531800000
8531900000
8532100000
8532210010
8532210090
8532220010
8532220090
8532230010
8532230090
8532240010
8532240090
8532250010
8532250090
8532290011
8532290019
8532290090
8532300000
8532900000
8533100010
8533100090
8533210010
8533210090
8533290010
8533290090
8533310011
8533310019
8533310091
8533310099
8533390011
8533390019
8533390091
8533390099
8533400011
8533400019
8533400091
8533400099
8533900000
8534001000
8534009000
8539211000
8539219000
8539310010
8539310090
8539390000
8539411000
8539500000
8540120000
8540200000
8540400020
8540400080
8540600010
8540600090
8540710000
8540790010
8540790090
8540810010
8540810090
8540890010
8540890090
8540910000
8540990000
8541100010
8541100090
8541210000
8541290000
8541300000
8541401000
8541409000
8541500000
8541600000
8541900000
8542310000
8542320000
8542330000
8542390000
8542900000
8543100000
8543201000
8543209000
8543300010
8543300090
8543701000
8543708000
8543902000
8543908000
8544700010
8544700090
8545110000
8545190010
8545190090
8545900010
8545900090
8546100000
8546200000
8546900010
8546900020
8546900030
8546900090
8547100000
8547200000
8547900010
8547900091
8547900093
8547900099
8601100010
8601100090
8601200010
8601200090
8602100011
8602100019
8602100091
8602100099
8602900011
8602900019
8602900030
8602900041
8602900049
8602900091
8602900099
8603100010
8603100090
8603900010
8603900090
8604000010
8604000090
8606300010
8606300090
8606910011
8606910091
8607110000
8607120000
8607190011
8607190019
8607190020
8607190030
8607190091
8607190092
8607190099
8607210010
8607210091
8607210099
8607290010
8607290091
8607290099
8607300000
8607910010
8607910020
8607910030
8607910090
8607990010
8607990020
8607990030
8607990090
8608000010
8608000091
8608000099
8609000010
8609000091
8609000099
8701101111
8701101119
8701101190
8701101900
8701109111
--- Page 12 (parsed text) --Circulaire n°6146/222 du 18 janvier 2021
11
8701109119
8701109121
8701109129
8701109191
8701109199
8701109910
8701109990
EX 8701201000 (*)
8701301110
8701301190
8701301911
8701301919
8701301991
8701301999
8701309100
8701309910
8701309990
8701911010
8701911020
8701912010
8701912090
8701913011
8701913019
8701913091
8701913099
8701914011
8701914019
8701914091
8701914099
8701915000
8701916010
8701916090
8701919010
8701919090
8701921010
8701921020
8701922010
8701922090
8701923011
8701923019
8701923091
8701923099
8701924011
8701924019
8701924091
8701924099
8701925000
8701926010
8701926090
8701929010
8701929090
8701931010
8701931020
8701932010
8701932090
8701933011
8701933019
8701933091
8701933099
8701934011
8701934019
8701934091
8701934099
8701935000
8701936010
8701936090
8701939010
8701939090
8701941010
8701941020
8701942010
8701942090
8701943011
8701943019
8701943091
8701943099
8701944091
8701944099
8701945000
8701946010
8701946090
8701949010
8701949090
8701951010
8701951020
8701952010
8701952090
8701953011
8701953019
8701953091
8701953099
8701954091
8701954099
8701955000
8701956010
8701956090
8701959010
8701959090
8702102011
8702102019
8702102091
8702102099
8702201011
8702201019
8702201091
8702201099
8702301011
8702301019
8702301091
8702301099
8702400000
8702901511
8702901519
8702901591
8702901599
8703214100
8703214900
8703228200
8703234200
8703235200
8703238200
8703248200
8703324200
8703325200
8703328200
8703338200
EX 8703401010 (*)
EX 8703401020 (*)
EX 8703401030 (*)
EX 8703401090 (*)
EX 8703501020 (*)
EX 8703501090 (*)
EX 8703601010 (*)
EX 8703601020 (*)
EX 8703601030 (*)
EX 8703601090 (*)
EX 8703701020 (*)
EX 8703701090 (*)
8703800000
EX 8703902000
8704101010
8704101090
8704102010
8704102090
8704103000
8704104100
8704104900
8704105010
8704105090
8704108000
EX 8704219100 (1)
8704221011
8704221019
8704221091
8704221099
8704222000
8704231010
8704231090
8704321011
8704321019
8704321091
8704321099
8704901000
8704909100
8705200010
8705200090
8705300010
8705300090
8705400010
8705400090
8705901000
8705902000
8705903010
8705903090
8705904010
8705904090
8705909200
8709110010
8709110090
8709191000
--- Page 13 (parsed text) --Circulaire n°6146/222 du 18 janvier 2021
12
8709199000
8709900010
8709900090
8713100000
8713900000
8714201000
8714209000
8716101100
8716201100
8716311100
8716392100
EX 8716391000 (1)
8716401100
8801000010
8801000091
8801000099
9001101000
9001109010
9001109090
9001300000
9002111100
9002111200
9002111800
9002119000
9002190000
9002201100
9002201900
9002209000
9002901100
9002901700
9002903000
9002909000
9005100010
9005100090
9005801000
9005809000
9005902000
9005908000
9006301000
9006302000
9006309010
9006309090
9006400000
9006510000
9006520010
9006520090
9006530010
9006530090
9006590010
9006590020
9006590090
9006610000
9006690010
9006690090
9006911000
9006912000
9006919010
9006919091
9006919097
9006990000
9007101010
9007101091
9007101099
9007109010
9007109091
9007109099
9007201011
9007201019
9007209020
9007209031
9007209039
9007209080
9007914000
9007918010
9007918090
9007920010
9007920091
9007920092
9007920093
9007920094
9007920099
9008501000
9008502000
9008503010
9008503090
9008504010
9008504090
9008901000
9008909000
9010100010
9010100090
9010500020
9010500031
9010500039
9010500090
9010601000
9010609000
9010901100
9010901900
9010904100
9010904910
9010904990
9010908100
9010908700
9011100000
9011200000
9011800000
9011900000
9012100000
9012900000
9013100000
9013200000
9013800010
9013800090
9013900000
9014100010
9014100090
9014200010
9014200091
9014200099
9014800010
9014800091
9014800099
9014900010
9014900020
9014900030
9014900090
9015100010
9015100090
9015200010
9015200090
9015300010
9015300090
9015400010
9015400090
9015800010
9015800090
9015900030
9015900040
9015900080
9016000010
9016000090
9017100010
9017100090
9017200012
9017200018
9017200030
9017200080
9017300010
9017300090
9017800010
9017800090
9017900012
9017900018
9017900092
9017900098
9018110000
9018120000
9018130000
9018140000
9018190000
9018200000
9018310010
9018310090
9018320000
9018391100
9018391900
9018392010
9018392090
9018399000
9018410000
9018491000
9018499000
9018500000
9018901000
9018909010
9018909091
9018909093
9018909095
9018909099
--- Page 14 (parsed text) --Circulaire n°6146/222 du 18 janvier 2021
13
9019100000
9019200000
9020000000
9021101000
9021109000
9021290010
9021290090
9021310000
9021399010
9021399020
9021399090
9021400000
9021500000
9021901000
9021902000
9021903000
9021904000
9021909000
9022120000
9022130000
9022140000
9022190000
9022210000
9022290000
9022300000
9022900000
9023000010
9023000020
9023000090
9024101000
9024109010
9024109020
9024109090
9024801000
9024809010
9024809090
9024901000
9024909000
9025111000
9025119000
9025191000
9025199010
9025199090
9025801211
9025801219
9025809210
9025809220
9025809230
9025809290
9025900010
9025900090
9026100010
9026100091
9026100099
9026200010
9026200091
9026200099
9026800010
9026800091
9026800099
9026900010
9026900090
9027100010
9027100090
9027200010
9027200090
9027300010
9027300090
9027500010
9027500090
9027800020
9027800091
9027800092
9027800099
9027900010
9027900090
9029101000
9029109010
9029109090
9029200500
9029202000
9029203000
9029208091
9029208099
9029900000
9030100010
9030100090
9030200020
9030200080
9030310010
9030310090
9030320010
9030320090
9030330010
9030330090
9030390010
9030390090
9030400010
9030400090
9030820010
9030820090
9030840010
9030840090
9030890012
9030890092
9030900000
9031100010
9031100090
9031200010
9031200090
9031410010
9031410090
9031490010
9031490020
9031490090
9031800010
9031800091
9031800092
9031800099
9031900010
9031900090
9032101000
9032109100
9032109900
9032200010
9032200090
9032810000
9032891000
9032899010
9032899090
9032900010
9032900090
9033000015
9033000020
9033000080
9101110000
9101190010
9101190090
9101210000
9101290000
9101910000
9101990000
9102110000
9102120000
9102190000
9102210000
9102290000
9102910000
9102990000
9103100000
9103900000
9104000000
9105110000
9105190000
9105210000
9105290000
9105910000
9105990010
9105990090
9106100010
9106100090
9106900010
9108110000
9108120000
9108190000
9108200000
9108900000
9109100000
9109900000
9110110000
9110120000
9110190000
9110900000
9111100000
9111200000
9111800000
9111901100
9111901900
9111909010
9111909090
--- Page 15 (parsed text) --Circulaire n°6146/222 du 18 janvier 2021
14
9112201000
9112209000
9112901100
9112901900
9112909010
9112909090
9113100011
9113100013
9113100019
9113100091
9113100093
9113100099
9113200000
9113900010
9113900020
9113900030
9113900040
9113900090
9114100000
9114300000
9114400000
9114901000
9114902000
9114909010
9114909020
9114909030
9114909090
9201100000
9201200000
9201900000
9202100000
9202900010
9202900090
9205100000
9205901011
9205901019
9205902000
9205909010
9205909090
9206000000
9207100000
9207900000
9301101000
9301109000
9305201011
9305201019
9305201090
9305209010
9305209021
9305209029
9305209090
9306309110
9306309190
9402100010
9402100090
9405912000
9405921000
9405991000
9503001010
9503001021
9503001029
9503001091
9503001099
9503002011
9503002019
9503002021
9503002029
9503002091
9503002099
9503009110
9503009190
9503009210
9503009220
9503009230
9503009240
9503009250
9503009290
9503009310
9503009320
9503009330
9503009340
9503009350
9503009390
9503009411
9503009412
9503009413
9503009419
9503009491
9503009492
9503009493
9503009494
9503009495
9503009499
9503009510
9503009590
9503009610
9503009620
9503009630
9503009640
9503009650
9503009690
9503009700
9503009810
9503009891
9503009899
9503009910
9503009991
9503009992
9503009993
9503009994
9503009995
9503009996
9503009999
9504201000
9504209010
9504209090
9504300010
9504300090
9504500000
9504900000
9505100000
9505900000
9506110000
9506120000
9506190010
9506190090
9506210000
9506290000
9506310000
9506320000
9506390000
9506400010
9506400090
9506510000
9506590000
9506610000
9506620000
9506690000
9506700000
9506910000
9506991000
9506999010
9506999090
9507100000
9507200010
9507200090
9507300000
9507900000
9508100000
9508900000
9601100000
9601901000
9601909005
9601909010
9601909020
9601909030
9601909060
9601909070
9601909090
9620000019
9620000091
EX 9620000099 (*)
9701100000
9701901000
9701902000
9701909000
9702000000
9703000000
9704000000
9705000000
9706000000
(1) Le bénéfice du démantèlement tarifaire ne profite pas aux produits usagés.
(*) Le démantèlement est opéré sur tous les extraits de la position.
--- Page 16 (parsed text) --Circulaire n°6146/222 du 18 janvier 2021
1
Accord d’Association: : Annexe I: : Liste 2
Produits originaires de la Communauté admis au Maroc avec démantèlement
progressif du DI, à raison de 25% par an
2502000000
2504100000
2504900000
2505100010
2505100090
2505900000
2506100010
2506100090
2506200000
2507000010
2507000090
2508100000
2508300000
2508401010
2508401090
2508409010
2508409090
2508500000
2508600000
2508700000
2509000000
2510100000
2510200000
2511100000
2511200000
2512000000
2513101000
2513109000
2513201000
2513209000
2514000000
2516110000
EX 2516121000 (*)
2516201000
2516209000
2516900010
2516900080
2517100000
2517200000
2517300000
2517410000
2517490000
2518100000
2518200000
2518300000
2519100000
2519901000
2519909000
2521000000
2523210000
2523300000
2523900000
2524100000
2524900000
2525100000
2525200000
2525300000
2526100000
2526201000
2526202000
2526208000
2528001000
2528009000
2529100000
2529210000
2529220000
2529300000
2530100000
2530901000
2530902011
2530902019
2530902090
2530909010
2530909020
2530909030
2530909040
2530909050
2530909060
2530909070
2530909080
2530909091
2530909092
2530909099
2701110000
2701120000
2701190000
2701200011
2701200019
2701200020
2701200090
2702100000
2702200000
2703001000
2703009100
2703009900
2704000010
2704000021
2704000029
2704000030
2704000090
2705000000
2706000011
2706000019
2706000090
2707100010
2707100090
2707200010
2707200090
2707300010
2707300090
2707400010
2707400090
2707500011
2707500019
2707500091
2707500099
2707910011
2707910019
2707910090
2707991010
2707991090
2707999011
2707999019
2707999021
2707999029
2707999031
2707999032
2707999039
2707999041
2707999049
2707999091
2707999099
2708100000
2708200000
2709001010
2709001090
2709009010
2709009090
2711140000
2711190000
2711210000
2711290000
2713110000
2713120000
2713900010
2713900090
2801200010
2801200090
2801300010
2801300090
2803000010
2803000020
--- Page 17 (parsed text) --Circulaire n°6146/222 du 18 janvier 2021
2
2803000030
2803000090
2804210000
2804290000
2804500010
2804500090
2804610000
2804690000
2804700000
2804800000
2804900000
2805110000
2805120000
2805190010
2805190020
2805190030
2805190090
2805300000
2805400010
2805400090
2808000010
2808000020
2808000090
2810000010
2810000090
2811110000
2811120000
2811190010
2811190090
2811220000
2811290010
2811290020
2811290030
2811290040
2811290090
2812110000
2812120000
2812130000
2812140000
2812150000
2812160000
2812170000
2812190010
2812190020
2812190030
2812190040
2812190050
2812190090
2812900000
2813100000
2813901000
2813909010
2813909090
2814100000
2814200000
2815200010
2815200090
2815300000
2816100010
2816100090
2816400000
2817009000
2818100000
2818200000
2818300000
2819100000
2819900010
2819900090
2820100000
2820900000
2821100010
2821100090
2821200000
2822001100
2822001900
2822009000
2823000000
2824100000
2824900010
2824900090
2825100000
2825200000
2825300010
2825300090
2825400010
2825400090
2825500010
2825500090
2825600000
2825700000
2825800000
2825900010
2825900020
2825900030
2825900040
2825900050
2825900060
2825900080
2825900095
2826120000
2826191000
2826199010
2826199020
2826199090
2826300000
2826900010
2826900020
2826900090
2827100000
2827200000
2827310000
2827320000
2827350000
2827390010
2827390020
2827390040
2827390050
2827390080
2827410000
2827490010
2827490080
2827510010
2827510090
2827590000
2827600010
2827600020
2827600030
2827600080
2829110000
2829191000
2829192000
2829193000
2829199000
2829900010
2829900020
2829900030
2829900040
2829900050
2829900060
2829900090
2830100010
2830100090
2830900011
2830900017
2830900020
2830900030
2830900040
2830900060
2830900070
2830900080
2830900090
2830900091
2830900092
2831100000
2831900000
2832100010
2832100090
2832200010
2832200090
2832300000
2833110000
2833190000
2833240000
2833270000
2833290010
2833290020
2833290030
2833290050
2833290060
2833290090
2833400010
2833400020
2833400090
2834100000
2834211000
2834219000
2834291010
2834291090
2834299010
2834299020
--- Page 18 (parsed text) --Circulaire n°6146/222 du 18 janvier 2021
3
2834299035
2834299040
2834299050
2834299060
2834299080
2835100000
2835241000
2835249000
2835291000
2835299010
2835299020
2835299090
2835391000
2835398000
2836201000
2836209000
2836300000
2836400000
2836500000
2836600000
2836910000
2836920000
2836990010
2836990020
2836990031
2836990039
2836990091
2836990092
2836990093
2836990094
2836990099
2837110000
2837190010
2837190020
2837190030
2837190080
2837200010
2837200020
2837200030
2837200060
2837200070
2837200080
2840110010
2840110090
2840190000
2840200000
2840300010
2840300090
2841300000
2841501010
2841501080
2841509011
2841509019
2841509090
2841610000
2841690000
2841700000
2841800000
2841900010
2841900020
2841900030
2841900040
2841900090
2842101800
2842108000
2842900081
2842900082
2842900089
2843100010
2843100090
2843210000
2843290000
2843300000
2843900010
2843900080
2844101000
2844109010
2844109091
2844109099
2844200000
2844301000
2844302900
2844303000
2844309010
2844309090
2844400010
2844400021
2844400029
2844400091
2844400092
2844400099
2844500000
2845100000
2845900010
2845900090
2846100000
2846900000
2847000010
2847000090
2849101000
2849109100
2849109900
2849201000
2849209100
2849209900
2849901010
2849901020
2849901080
2849909200
2849909800
2850001012
2850001018
2850001021
2850001027
2850001040
2850001091
2850001097
2850009200
2850009800
2852101011
2852101012
2852101013
2852101014
2852101015
2852101016
2852101017
2852101018
2852101019
2852101020
2852101091
2852101092
2852101093
2852101095
2852101096
2852101097
2852101098
2852102010
2852102020
2852102030
2852102090
2852109000
2852900010
2852900015
2852900020
2852900025
2852900030
2852900035
2852900040
2853901010
2853901021
2853901029
2853901031
2853901032
2853901039
2853901091
2853901099
2901100010
2901100090
2901210000
2901220000
2901230010
2901230090
2901240000
2901290010
2901290090
2902110010
2902110090
2902190010
2902190021
2902190029
2902190091
2902190099
2902200010
2902200090
2902300010
2902300090
2902410010
2902410090
2902420010
2902420090
--- Page 19 (parsed text) --Circulaire n°6146/222 du 18 janvier 2021
4
2902430010
2902430090
2902440010
2902440090
2902500000
2902600000
2902700000
2902900010
2902900020
2902900030
2902900040
2902900090
2903110010
2903110090
2903120000
2903130000
2903140000
2903150000
2903190010
2903190020
2903190090
2903210000
2903220000
2903230000
2903290000
2903310000
2903390011
2903390019
2903390021
2903390029
2903390090
2903710000
2903720000
2903730000
2903740000
2903750000
2903760010
2903760020
2903760090
2903770011
2903770012
2903770013
2903770014
2903770015
2903770020
2903770031
2903770032
2903770091
2903770092
2903770093
2903770094
2903770095
2903770096
2903770097
2903770099
2903780000
2903791001
2903791002
2903791003
2903791004
2903791007
2903791008
2903791009
2903791012
2903791013
2903791014
2903791015
2903791016
2903791017
2903791018
2903791019
2903791021
2903791022
2903791023
2903791024
2903791025
2903791026
2903791027
2903791028
2903791029
2903791031
2903791032
2903791033
2903791034
2903791035
2903791036
2903791037
2903791038
2903791039
2903791042
2903791043
2903791049
2903791090
2903792001
2903792002
2903792003
2903792004
2903792005
2903792006
2903792007
2903792008
2903792009
2903792011
2903792012
2903792013
2903792014
2903792015
2903792016
2903792017
2903792018
2903792019
2903792021
2903792022
2903792023
2903792024
2903792025
2903792026
2903792027
2903792028
2903792029
2903792031
2903792032
2903792033
2903792034
2903792035
2903792036
2903792039
2903792090
2903799000
2903810000
2903820000
2903830000
2903890000
2903910010
2903910020
2903910090
2903921000
2903929000
2903930000
2903940000
2903991000
2903998000
2904100010
2904100090
2904201010
2904201090
2904209010
2904209020
2904209030
2904209090
2904310000
2904320000
2904330000
2904340000
2904350000
2904360000
2904910000
2904990011
2904990019
2904990020
2904990030
2904990090
2905110000
2905120000
2905130000
2905140010
2905140090
2905160010
2905160090
2905170000
2905191000
2905199010
2905199091
2905199099
2905220010
2905220020
2905220090
2905291000
2905299010
2905299020
--- Page 20 (parsed text) --Circulaire n°6146/222 du 18 janvier 2021
5
2905299090
2905310000
2905320000
2905391000
2905399010
2905399090
2905410000
2905420000
2905450000
2905491000
2905492000
2905493000
2905499010
2905499090
2905510000
2905591000
2905592000
2905598010
2905598030
2905598090
2906110000
2906120000
2906130010
2906130090
2906191000
2906199010
2906199090
2906210000
2906291000
2906299010
2906299020
2906299090
2907110000
2907120000
2907130010
2907130090
2907150000
2907190010
2907190090
2907210000
2907220010
2907220090
2907230000
2907290010
2907290020
2907290030
2907290090
2908110000
2908190000
2908910000
2908920000
2908990011
2908990012
2908990013
2908990014
2908990015
2908990016
2908990019
2908990021
2908990029
2908990089
2909110000
2909190010
2909190090
2909200000
2909300010
2909300020
2909300030
2909300040
2909300090
2909410000
2909430000
2909440000
2909490010
2909490090
2909500010
2909500090
2909600000
2910100000
2910200000
2910300000
2910400000
2910500000
2910900000
2911000010
2911000090
2912110000
2912120000
2912190010
2912190020
2912190030
2912190090
2912210000
2912290010
2912290020
2912290090
2912410000
2912420000
2912490000
2912500010
2912500090
2912600000
2913000010
2913000090
2914110000
2914120000
2914130000
2914190010
2914190020
2914190090
2914220000
2914230000
2914290010
2914290020
2914290080
2914310000
2914390010
2914390020
2914390090
2914401000
2914409010
2914409090
2914500000
2914610000
2914620000
2914690010
2914690020
2914690030
2914690080
2914710000
2914790010
2914790020
2914790090
2915110000
2915120000
2915130000
2915210010
2915210090
2915240000
2915290010
2915290020
2915290030
2915290090
2915310000
2915320000
2915330000
2915360000
2915391000
2915392000
2915399010
2915399020
2915399030
2915399040
2915399050
2915399080
2915400000
2915500000
2915600010
2915600090
2915700010
2915700020
2915700030
2915700040
2915700090
2915900010
2915900020
2915900090
2916111000
2916119000
2916121000
2916129000
2916130000
2916140000
2916150010
2916150020
2916150090
2916160000
2916190010
2916190020
2916190030
--- Page 21 (parsed text) --Circulaire n°6146/222 du 18 janvier 2021
6
2916190080
2916200000
2916310000
2916320010
2916320090
2916340000
2916390010
2916390090
2917110000
2917120000
2917130010
2917130090
2917140000
2917190010
2917190090
2917200000
2917320000
2917330000
2917340010
2917340020
2917340090
2917350000
2917360000
2917370000
2917390010
2917390090
2918110000
2918120000
2918130010
2918130090
2918140000
2918150010
2918150090
2918160010
2918160090
2918170000
2918180000
2918190010
2918190020
2918190030
2918190040
2918190050
2918190090
2918210010
2918210090
2918220000
2918230010
2918230020
2918230030
2918291000
2918299010
2918299020
2918299030
2918299040
2918299050
2918299060
2918299090
2918300010
2918300020
2918300030
2918300090
2918910000
2918990000
2919100000
2919901000
2919902000
2919909010
2919909020
2919909030
2919909090
2920110000
2920190000
2920210000
2920220000
2920230000
2920240000
2920290000
2920300000
2920901010
2920901020
2920901030
2920901090
2920909011
2920909017
2920909021
2920909029
2920909091
2920909097
2921110000
2921120000
2921130000
2921140000
2921191000
2921199010
2921199020
2921199031
2921199032
2921199033
2921199037
2921199090
2921210000
2921220000
2921290000
2921300010
2921300090
2921410000
2921420010
2921420090
2921430000
2921440010
2921440090
2921450010
2921450090
2921460010
2921460020
2921460030
2921460040
2921460050
2921460060
2921460070
2921460080
2921460090
2921490010
2921490020
2921490090
2921510010
2921510020
2921510030
2921510090
2921590010
2921590020
2921590030
2921590090
2922110000
2922120000
2922140000
2922150000
2922160000
2922170010
2922170020
2922180000
2922190011
2922190012
2922190018
2922190080
2922210000
2922291000
2922299010
2922299090
2922310010
2922310020
2922310090
2922390000
2922410000
2922420000
2922430000
2922440000
2922490010
2922490020
2922490030
2922490090
2922500010
2922500090
2923100000
2923200000
2923300000
2923400000
2923900010
2923900080
2924110000
2924120000
2924190010
2924190020
2924190030
2924190080
2924210010
2924210090
2924230000
2924240000
2924250000
--- Page 22 (parsed text) --Circulaire n°6146/222 du 18 janvier 2021
7
2924290010
2924290020
2924290090
2925110000
2925120000
2925190000
2925210000
2925290010
2925290020
2925290080
2926100000
2926200000
2926300010
2926300090
2926400000
2926900010
2926900020
2926900080
2927001000
2927009000
2928000000
2929100000
2929900010
2929900020
2929900030
2929900090
2930200000
2930300000
2930400000
2930600000
2930700000
2930800000
2930901000
2930909010
2930909020
2930909030
2930909040
2930909050
2930909060
2930909071
2930909072
2930909073
2930909074
2930909075
2930909076
2930909077
2930909078
2930909079
2930909081
2930909082
2930909085
2930909089
2930909091
2930909097
2931100000
2931200000
2931310000
2931320000
2931330000
2931340000
2931350000
2931360000
2931370000
2931380000
2931390010
2931390020
2931390030
2931390040
2931390050
2931390060
2931390090
2931900010
2931900020
2931900050
2931900063
2931900064
2931900065
2931900091
2931900099
2932110000
2932120000
2932130000
2932140000
2932190000
2932201010
2932201090
2932209010
2932209020
2932209090
2932910000
2932920000
2932930000
2932940000
2932950000
2932990010
2932990080
2933110000
2933190000
2933210000
2933290000
2933310000
2933320000
2933330011
2933330012
2933330013
2933330014
2933330015
2933330016
2933330017
2933330018
2933330019
2933330021
2933330022
2933330023
2933330024
2933330025
2933330026
2933330027
2933330028
2933330029
2933330080
2933390010
2933390020
2933390090
2933410000
2933490000
2933520000
2933530010
2933530020
2933530031
2933530032
2933530033
2933530034
2933530039
2933530091
2933530092
2933530093
2933530094
2933530099
2933540000
2933550010
2933550020
2933550030
2933550040
2933590000
2933610000
2933690010
2933690090
2933710000
2933720010
2933720090
2933790000
2933910011
2933910012
2933910013
2933910014
2933910015
2933910016
2933910017
2933910018
2933910019
2933910021
2933910022
2933910023
2933910024
2933910025
2933910026
2933910027
2933910028
2933910029
2933910081
2933910082
2933910083
2933910084
2933910085
2933910086
2933910087
2933910088
2933910089
2933910090
--- Page 23 (parsed text) --Circulaire n°6146/222 du 18 janvier 2021
8
2933920000
2933990010
2933990020
2933990030
2933990040
2933990050
2933990080
2934100000
2934201000
2934202000
2934209000
2934300000
2934910011
2934910012
2934910013
2934910014
2934910015
2934910016
2934910017
2934910091
2934910092
2934910093
2934910094
2934910095
2934910099
2934990010
2934990020
2934990030
2934990040
2934990080
2935100000
2935200000
2935300000
2935400000
2935500000
2935900010
2935900021
2935900029
2935900030
2935900040
2935900050
2935900090
2936210000
2936220000
2936230000
2936240010
2936240090
2936250000
2936260000
2936270000
2936280000
2936290010
2936290020
2936290030
2936290090
2936901000
2936909011
2936909019
2936909090
2937111000
2937119100
2937119900
2937120010
2937120090
2937191000
2937199010
2937199091
2937199099
2937210000
2937220000
2937230000
2937291000
2937299010
2937299090
2937501000
2937509000
2937901000
2937909100
2937909910
2937909921
2937909929
2937909940
2937909980
2938100000
2938900010
2938900020
2938900090
2939110010
2939110020
2939110030
2939110040
2939110051
2939110052
2939110053
2939110054
2939110059
2939110091
2939110092
2939110093
2939110094
2939110095
2939110099
2939190010
2939190020
2939190090
2939201010
2939201090
2939209000
2939300000
2939410000
2939420000
2939430000
2939440000
2939490000
2939510000
2939590000
2939610000
2939620000
2939630000
2939690000
2939710011
2939710019
2939710020
2939710030
2939710040
2939710050
2939710090
2939790010
2939790020
2939790030
2939790040
2939790090
2939800000
2940000010
2940000090
2941100000
2941200010
2941200020
2941200090
2941300000
2941400000
2941500000
2941900010
2941900020
2941900090
2942000010
2942000090
3002110000
3002121000
3002129100
3002129910
3002129990
3002130010
3002130090
3002140010
3002140090
3002150010
3002150090
3002191010
3002191091
3002191099
3002199100
3002199910
3002199990
3002900500
3003392000
3003609010
3003909110
3003909180
3004103000
3004109100
3004109200
3004109300
3004203000
3004209100
3004209200
3004209300
3004209400
3004311000
3004319100
--- Page 24 (parsed text) --Circulaire n°6146/222 du 18 janvier 2021
9
3004319200
3004319300
3004323000
3004324000
3004329100
3004329200
3004329300
3004329400
3004393000
3004394000
3004399100
3004399200
3004399300
3004419100
3004419200
3004419300
3004429100
3004429200
3004429300
3004439100
3004439200
3004439300
3004493000
3004496000
3004499100
3004499200
3004499300
3004502000
3004509100
3004509200
3004509300
3004609010
3004609020
3004609030
3004609040
3004903000
3004905000
3004906000
3004909010
3004909020
3004909030
3004909040
3005101010
3005101090
3006102041
3006200000
3006300011
3006300019
3006300090
3006601100
3006601200
3006709000
3006922115
3006922121
3006922122
3006922123
3006922129
3006922131
3006922141
3006922151
3006922191
3006922192
3006922193
3006922194
3006922195
3006922199
3006922905
3006923420
3006923620
3006923930
3006923945
3006924130
3006924140
3006924150
3006924160
3006924230
3006924291
3006924292
3006924293
3006924294
3006924310
3006924330
3006924340
3006924350
3006924430
3006924440
3006924470
3006924480
3006924491
3006924492
3006924530
3006924540
3006924560
3006924570
3006924580
3006924612
3006924613
3006924614
3006924622
3006924623
3006924624
3006924632
3006924633
3006924634
EX 3006924693 (*)
3006924695
3006924696
3006924697
3006924698
3006924720
3006924740
3006924750
3006924760
3006924820
3006924830
3006924840
3006924850
3006924930
3006924950
3006924960
3006924981
3006924982
3006924983
3006924984
3006925110
3006925120
3006929105
3006929200
3006929310
3006929320
3006929390
3006929610
3006929620
3006929990
3101000010
3101000020
3101000080
3102101000
3102109000
3102210000
3102290000
3102300000
3102400000
3102500000
3102600000
3102800000
3102900000
3103110011
3103110019
3103110090
3103190010
3103190090
3103900010
3103900020
3103900030
3103900090
3104200010
3104200090
3104301000
3104309000
3104901000
3104902000
3104903000
3104909000
3105101010
3105101020
3105101090
3105108000
3105200000
3105300000
3105400000
3105510000
3105590000
3105600000
3105900010
3105900020
3105900080
3201100000
3201200000
3201900010
--- Page 25 (parsed text) --Circulaire n°6146/222 du 18 janvier 2021
10
3201900092
3201900098
3202100000
3202900000
3203001000
3203009010
3203009021
3203009029
3203009090
3204110000
3204130000
3204140000
3204150000
3204160000
3204170000
3204190000
3204200000
3204900000
3206110000
3206190000
3206200000
3206410000
3206420000
3206490011
3206490019
3206490021
3206490029
3206490031
3206490039
3206490040
3206490050
3206490090
3206500000
3207100000
3207200010
3207200090
3207300000
3207400000
3208901000
3209901000
3210001000
3210009000
3402111000
3402119000
3402120000
3402130000
3402190000
3402901100
3403111100
3403111910
3403111990
3403119000
3403191100
3403191910
3403191990
3403199000
3403910000
3403991000
3403999000
3404200010
3404200090
3507100000
3507901100
3507901910
3507901990
3507902000
3507909100
3507909300
3507909800
3606900011
3606900019
3606900091
3606900092
3606900099
3701100000
3701201000
3701209900
3701309000
3701910000
3701990000
3702100010
3702100020
3702100090
3702311090
3702319010
3702319090
3702321090
3702329010
3702329090
3702391090
3702399010
3702399090
3702411090
3702419010
3702419090
3702421090
3702429010
3702429090
3702431090
3702439010
3702439090
3702441090
3702449010
3702449090
3702528011
3702528019
3702528080
3702530011
3702530019
3702530090
3702540011
3702540019
3702540080
3702559011
3702559019
3702559080
3702569010
3702569090
3702969011
3702969019
3702969080
3702979011
3702979019
3702979080
3702989010
3702989090
3703100000
3703200000
3703900000
3706109300
3706909300
3801100010
3801100090
3801201000
3801209100
3801209900
3801301000
3801309000
3801901100
3801901900
3801902000
3801909100
3801909900
3802100000
3802900010
3802900090
3803000010
3803000090
3805100010
3805100020
3805100090
3805901010
3805901090
3805902000
3805909100
3805909900
3806100000
3806200010
3806200090
3806300000
3806901000
3806909010
3806909020
3806909090
3807001000
3807009011
3807009019
3807009020
3807009030
3807009041
3807009043
3807009049
3807009091
3807009099
3810100000
3810900010
3810900090
3811111010
3811111020
3811111090
--- Page 26 (parsed text) --Circulaire n°6146/222 du 18 janvier 2021
11
3811119100
3811119900
3811191000
3811199100
3811199900
3811211000
3811219100
3811219900
3811291000
3811299100
3811299900
3811901010
3811901090
3811909100
3811909900
3812100000
3812201000
3812209010
3812209090
3812311000
3812319010
3812319090
3812391000
3812399010
3812399090
3813000000
3814000010
3814000020
3814000090
3815111000
3815119000
3815121000
3815129000
3815191000
3815199000
3815901000
3815909000
3817001100
3817001200
3817001900
3817009100
3817009900
3818001000
3818009000
3821000010
3821000099
3822009100
3822009200
3822009300
3822009900
3823709010
3824101000
3824109100
3824109900
3824301000
3824309000
3824712000
3824718000
3824721000
3824729000
3824731000
3824739000
3824749000
3824759000
3824769000
3824771000
3824779000
3824789000
3824792000
3824798000
3824819000
3824829000
3824839000
3824841000
3824849000
3824851000
3824859000
3824861000
3824869000
3824871000
3824879000
3824881000
3824889000
3824911000
3824919000
3824990500
3824991000
3824992000
3824996050
3824996090
3824997000
3824998000
3824999100
3824999200
3824999300
3824999400
3824999500
3824999600
3824999700
3824999911
3824999912
3824999913
3824999914
3824999915
3824999916
3824999917
3824999918
3824999919
3824999921
3824999922
3824999923
3824999924
3824999925
3824999926
3824999927
3824999929
3824999931
3824999939
3824999940
3824999950
3824999991
3824999992
3824999993
3824999994
3824999995
3824999999
3825100090
3825200090
3825301100
3825301900
3825304200
3825304300
3825304900
3825305100
3825305900
3825410090
3825490090
3825500090
3825610090
3825690090
3825900090
3901109000
3901209000
3901302000
3901309000
3901402000
3901409000
3901902500
3901909500
3902109000
3902209000
3902309000
3902902000
3902909000
3903119000
3903199000
3903209000
3903309000
3903909000
3904309000
3904402000
3904409000
3904509000
3904619000
3904692000
3904699000
3904901900
3904902900
3904909500
3904909900
3905199000
3905291900
3905299500
3905299900
3905309000
3905913000
3905993000
3905999500
3905999900
3906109000
--- Page 27 (parsed text) --Circulaire n°6146/222 du 18 janvier 2021
12
3906901900
3906909500
3906909900
3907100000
3907200000
3907309000
3907400000
3907709900
3907999800
3908109000
3908909000
3909101100
3909209000
3909319000
3909399000
3909409000
3909509000
3910000000
3911101100
3911101300
3911101900
3911109100
3911109300
3911109900
3911909300
3911909900
3912110000
3912201010
3912201090
3912311000
3912391010
3912391090
3912902100
3913100000
3914000010
3914000090
3920432010
3920492010
3921191600
3921902011
3921902019
3921902090
4001101000
4001109000
4001210000
4001220000
4001291000
4001299100
4001299910
4001299920
4001299990
4001301000
4001309100
4001309900
4002111000
4002119010
4002119090
4002191000
4002199100
4002199910
4002199920
4002199990
4002201000
4002209100
4002209910
4002209920
4002209990
4002311000
4002319100
4002319910
4002319920
4002319990
4002391000
4002399100
4002399910
4002399920
4002399990
4002411000
4002419000
4002491000
4002499100
4002499910
4002499990
4002511000
4002519000
4002591000
4002599100
4002599910
4002599990
4002601000
4002609100
4002609910
4002609920
4002609990
4002701000
4002709100
4002709910
4002709920
4002709990
4002801000
4002809000
4002911000
4002919000
4002991000
4002999100
4002999910
4002999920
4002999990
4003000000
4004001000
4004002100
4004002200
4004004000
4004009000
4005101000
4005200000
4005919100
4005999000
4006901100
4007000010
4007000090
4009411000
4011300000
4012902100
4014100000
4014900010
4014900020
4014900090
4015110000
4016999300
4016999420
4115200010
4115200090
4401110000
4401120000
4401210000
4401220000
4401310000
4401390010
4401390080
4401400011
4401400019
4401400090
4402100000
4402900000
4403111011
4403111012
4403111013
4403111019
4403112010
4403112021
4403112029
4403112090
4403121011
4403121012
4403121013
4403121014
4403121015
4403121016
4403121019
4403121091
4403121092
4403121093
4403121094
4403121095
4403121099
4403122011
4403122019
4403122021
4403122022
4403122023
4403122024
4403122025
4403122029
4403122091
4403122092
4403122099
4403211000
4403212010
4403212021
--- Page 28 (parsed text) --Circulaire n°6146/222 du 18 janvier 2021
13
4403212022
4403212029
4403212091
4403212099
4403221000
4403222010
4403222021
4403222022
4403222029
4403222091
4403222099
4403231000
4403232010
4403232021
4403232022
4403232029
4403232091
4403232099
4403241000
4403242010
4403242021
4403242022
4403242029
4403242091
4403242099
4403251000
4403252010
4403252021
4403252022
4403252029
4403252091
4403252099
4403261000
4403262010
4403262021
4403262022
4403262029
4403262091
4403262099
4403411010
4403411090
4403412010
4403412091
4403412099
4403491510
4403491590
4403492010
4403492020
4403492091
4403492099
4403911000
4403912011
4403912012
4403912019
4403912091
4403912099
4403931000
4403932011
4403932012
4403932019
4403932091
4403932099
4403941000
4403942011
4403942012
4403942019
4403942091
4403942099
4403951000
4403952011
4403952012
4403952019
4403952091
4403952099
4403961000
4403962011
4403962012
4403962019
4403962091
4403962099
4403971000
4403972011
4403972012
4403972019
4403972091
4403972099
4403981000
4403982011
4403982012
4403982019
4403982091
4403982099
4403991013
4403991017
4403991091
4403991092
4403991093
4403991094
4403991097
4403992011
4403992012
4403992019
4403992020
4403992031
4403992032
4403992033
4403992034
4403992035
4403992039
4403992091
4403992099
4701001000
4702001010
4702001090
4702002100
4702002900
4702003100
4702009100
4703111000
4703119000
4703191000
4703211000
4703219000
4703291000
4704111000
4704119000
4704191000
4704211000
4704219000
4704291000
4705001000
4706100000
4706200000
4706300000
4706910020
4706910091
4706910098
4706920020
4706920091
4706920098
4706930020
4706930091
4706930098
4707100010
4707100020
4707100090
4707300010
4707300091
4707300092
4707300099
4801001011
4801002010
EX 4801001090 (*)
EX 4801002090 (*)
4802201100
EX 4802201900
4802209000
4802548000
4802611300
4802618000
4802621500
4802628000
EX 4802691000
4802698000
4804311000
4804312000
4804391000
4805241000
4805251000
4805500000
4805911000
4805921000
4805931000
4808102300
4813100000
4813200000
4813901000
4813909000
4816902000
4823201300
--- Page 29 (parsed text) --Circulaire n°6146/222 du 18 janvier 2021
14
4823901300
4823904131
4823904136
4823904221
4823904250
4823904291
4823904511
4901100010
4901100090
4901919000
4901999900
4902109000
4902909000
4904009000
4905100000
4905910010
4905910090
4905990010
4905990090
4906000000
4907001010
4907001090
4907002000
4907009100
4908100011
4908100091
4908900011
4908900091
4911101000
4911109100
4911991000
4911999100
5004001000
5004009110
5004009190
5004009210
5004009290
5004009310
5004009390
5004009900
5005000011
5005000012
5005000013
5005000014
5005000015
5005000016
5005000017
5005000019
5005000021
5005000022
5005000023
5005000024
5005000025
5005000026
5005000027
5005000029
5005000031
5005000032
5005000033
5005000039
5005000091
5005000092
5005000093
5005000099
5006001000
5006009010
5006009020
5006009090
5007101000
5007109011
5007109019
5007109021
5007109029
5007109091
5007109099
5007201000
5007209010
5007209020
5007209031
5007209039
5007209040
5007209091
5007209092
5007209093
5007209094
5007209095
5007209099
5007901000
5007909010
5007909091
5007909092
5007909093
5007909094
5007909095
5007909099
5111112090
5111119290
5111192090
5111199290
5111202090
5111209290
5111302090
5111309290
5111902090
5111909290
5112112090
5112119290
5112192090
5112199290
5112202090
5112209290
5112302090
5112309290
5112902090
5112909290
5601300010
5601300090
5603111000
5604903000
5604904100
5604907000
5604908000
5608111000
5608901010
5608902010
5811001000
5811002000
5811003000
5811004100
5811004900
5811009100
5811009200
5811009300
5811009400
5811009500
5811009600
5811009900
5902101000
5902201000
5902901000
5903101000
5903201000
5903901000
5906991000
5906992000
5907001000
5908000010
5908000020
5908000090
5909000010
5909000090
5910000000
5911101000
5911109000
5911200010
5911200090
5911310011
5911310019
5911310021
5911310029
5911310091
5911310099
5911320011
5911320019
5911320021
5911320029
5911320091
5911320099
5911400000
5911901000
5911902000
5911909010
5911909091
5911909099
6115100010
6214100000
6215100000
6310101110
6310101120
6310101190
--- Page 30 (parsed text) --Circulaire n°6146/222 du 18 janvier 2021
15
6310101910
6310101920
6310101990
6310901100
6310901200
6310901900
6310902010
6310902020
6310902090
6601910000
6601990000
6602000000
6603201000
6603209000
6603908000
6603903000
6603908000
6701001000
6701008000
EX 6702100000 (*)
6702900000
EX 6703000000 (*)
6704110000
6704190000
6704200000
6704900000
6806201000
6806209000
6909111100
6909111900
6909119000
6909120010
6909120020
6909120090
6909190010
6909190020
6909190080
6909900010
6909900090
6914100010
6914100020
6914100090
6914900010
6914900020
6914900030
6914900040
6914900090
7001001000
7001009100
7001009910
7001009990
7002100000
7002200010
7002200090
7002310010
7002310090
7002320010
7002320090
7002390010
7002390091
7002390099
7003121000
7003122010
7003122020
7003122091
7003122099
7003129000
7003191000
7003192010
7003192090
7003199010
7003199090
7003201010
7003201091
7003201099
7003209010
7003209090
7003301010
7003301021
7003301029
7003301030
7003301040
7003301050
7003301091
7003301099
7003309010
7003309090
7004201000
7004202010
7004202090
7004209010
7004209090
7004901010
7004901020
7004901090
7004902011
7004902019
7004902090
7004909010
7004909090
7005101000
7005102011
7005102019
7005102090
7005109010
7005109090
7005211000
7005212000
7005213011
7005213019
7005213090
7005219010
7005219090
7005291000
7005292010
7005292021
7005292029
7005292090
7005299010
7005299091
7005299099
7005301010
7005301021
7005301029
7005301090
7005309010
7005309091
7005309099
7006001200
7006009210
7006009291
7006009299
7008000000
7010903100
7010903200
7010909100
7010909200
7011100000
7011200000
7011900000
7014001010
7014001020
7014001090
7014009010
7014009090
7015100010
7015100090
7015900010
7015900090
7016101000
7016109010
7016109090
7016901000
7016909010
7016909091
7016909099
7018100011
7018100019
7018100020
7018100031
7018100039
7018100090
7018200000
7018901000
7018909011
7018909019
7018909091
7018909099
7019110010
7019110021
7019110029
7019110090
7019120000
7019190010
7019190021
7019190029
7019190090
7019310000
7019320000
7019391100
--- Page 31 (parsed text) --Circulaire n°6146/222 du 18 janvier 2021
16
7019391900
7019399010
7019399090
7019400000
7019510010
7019510090
7019520010
7019520090
7019590010
7019590090
7019901100
7019901200
7019901900
7019909010
7019909090
7020009111
7020009119
7020009191
7020009199
7101101000
7101109010
7101109090
7101211000
7101219000
7101221000
7101229000
7102100011
7102100019
7102100091
7102100099
7102210000
7102290000
7102310000
7102390000
7103100010
7103100090
7103910010
7103910090
7103990000
7104100010
7104100091
7104100099
7104200000
7104900010
7104900090
7105100000
7105900000
7106100000
7106910000
7106920010
7106920020
7106920030
7106920090
7107000010
7107000090
7108110000
7108121000
7108129000
7108131000
7108132000
7108133000
7108139000
7108200010
7108200090
7109000000
7110110010
7110110090
7110190010
7110190020
7110190030
7110190090
7110210000
7110290000
7110310000
7110390000
7110410000
7110490000
7111000000
7112300000
7112911100
7112911900
7112919000
7112921100
7112921900
7112929000
7112991000
7112992100
7112992200
7112992300
7112992400
7112992500
7112992900
7112999000
7113110011
7113110019
7113110021
7113110029
7113110031
7113110039
7113110051
7113110059
7113110061
7113110069
7113110090
7113190011
7113190019
7113190021
7113190029
7113190040
7113190051
7113190059
7113190061
7113190069
7113190091
7113190099
7113200011
7113200019
7113200020
7113200031
7113200039
7113200040
7113200091
7113200099
7114110011
7114110019
7114110091
7114110099
7114190011
7114190019
7114190021
7114190029
7114190091
7114190099
7114200011
7114200019
7114200091
7114200099
7115100000
7115901010
7115901020
7115901090
7115909010
7115909090
7116100010
7116100093
7116100099
7116200010
7116200021
7116200029
7116200090
7117111000
7117112000
7117119000
7117190000
7117901100
7117901900
7117909100
7117909300
7117909900
7118100000
7118901000
7118902100
7118902900
7118903000
7118909000
7201100010
7201100091
7201100099
7201200010
7201200090
7201500010
7201500091
7201500099
7202110000
7202190000
7202210000
7202290000
7202300000
7202410000
7202490000
--- Page 32 (parsed text) --Circulaire n°6146/222 du 18 janvier 2021
17
7202500000
7202600000
7202700000
7202800000
7202910000
7202920000
7202930000
7202991000
7202999010
7202999090
7203100000
7203900000
7204100010
7204100090
7204210012
7204210092
7204290012
7204290092
7204300012
7204300092
7204410010
7204410091
7204410093
7204410095
7204410099
7204490012
7204490092
7204490094
7204490096
7204490098
7204500000
7205100010
7205100090
7205210000
7205290000
7206100010
7206100091
7206100099
7206900010
7206900090
7207110011
7207110019
7207110091
7207110099
7207120011
7207120019
7207120091
7207120099
7207190010
7207190090
7207200011
7207200019
7207200021
7207200029
7207200031
7207200039
7207200041
7207200049
7207200051
7207200059
7207200091
7207200099
7208100010
7208100091
7208100099
7208250010
7208250020
7208250031
7208250039
7208250090
7208260010
7208260020
7208260031
7208260039
7208260090
7208270010
7208270020
7208270031
7208270039
7208270090
7208360010
7208360020
7208360031
7208360039
7208360090
7208371000
7208379010
7208379020
7208379031
7208379039
7208379090
7208381000
7208389010
7208389020
7208389031
7208389039
7208389090
7208391000
7208399010
7208399020
7208399031
7208399039
7208399090
7208400010
7208400091
7208400099
7208510010
7208510090
7208520010
7208520091
7208520099
7208530010
7208530020
7208530090
7208540010
7208540020
7208540030
7208540041
7208540049
7208540090
7208901000
7208902010
7208902090
7208909010
7208909090
7209150010
7209150090
7209160010
7209160020
7209160091
7209160099
7209170010
7209170020
7209170090
7209180010
7209180020
7209180090
7209250010
7209250090
7209260010
7209260020
7209260091
7209260099
7209270010
7209270020
7209270090
7209280010
7209280020
7209280090
7209901000
7209902010
7209902090
7209909000
7210111000
7210112010
7210112090
7210119000
7210121000
7210122010
7210122090
7210129100
7210129900
7210300011
7210300019
7210300021
7210300022
7210300029
7210300030
7210300041
7210300042
7210300049
7210300090
7210501000
7210502000
7210509000
7210611000
7210612000
7210619000
7210691000
7210692000
--- Page 33 (parsed text) --Circulaire n°6146/222 du 18 janvier 2021
18
7210699000
7211130010
7211130021
7211130029
7211130030
7211130040
7211130051
7211130059
7211130090
7211140010
7211140021
7211140022
7211140029
7211140031
7211140039
7211140040
7211140050
7211140061
7211140069
7211140090
7211190010
7211190020
7211190031
7211190039
7211190041
7211190049
7211190051
7211190059
7211190060
7211190071
7211190072
7211190073
7211190074
7211190079
7211190090
7211230010
7211230021
7211230029
7211230030
7211230040
7211230051
7211230052
7211230053
7211230054
7211230059
7211230090
7211290010
7211290020
7211290031
7211290039
7211290040
7211290050
7211290061
7211290062
7211290063
7211290064
7211290069
7211290090
7211901000
7211902010
7211902020
7211902090
7211909000
7212101000
7212102110
7212102190
7212102900
7212109110
7212109190
7212109900
7212200010
7212200021
7212200029
7212200030
7212200091
7212200092
7212200093
7212200099
7212403100
7212501000
7212502000
7212503100
7212503200
7212503300
7212503900
7212506100
7212506200
7212506400
7212506900
7212601000
7212602100
7212602900
7212609110
7212609190
7213101000
7213200000
7213911000
7213912000
7213990000
7214100011
7214100019
7214100090
7214202000
7214300000
7214910010
7214910090
7214991000
7214999900
7215101000
7215109000
7215501000
7215509000
7215901100
7215909000
7216100000
7216210000
7216220000
7216310010
7216310090
7216320010
7216320090
7216330000
7216400000
7216500000
7216611000
7216619100
7216619900
7216691000
7216699100
7216699900
7216911000
7216912100
7216912200
7216912900
7216919100
7216919910
7216919990
7216991000
7216992100
7216992900
7216999100
7216999910
7216999990
7217101000
7217102000
7217201000
7217209100
7217301000
7217309900
7217901000
7217902000
7218100010
7218100090
7218910010
7218910020
7218910091
7218910099
7218990010
7218990020
7218990091
7218990099
7219110000
7219120000
7219130000
7219140000
7219210000
7219220000
7219230000
7219240000
7219310000
7219320000
7219330000
7219340000
7219350000
7219900010
7219900091
7219900099
7220110010
7220110020
7220110030
--- Page 34 (parsed text) --Circulaire n°6146/222 du 18 janvier 2021
19
7220110090
7220120010
7220120020
7220120030
7220120090
7220200010
7220200020
7220200090
7220900011
7220900019
7220900020
7220900030
7220900091
7220900099
7221000000
7222110000
7222190000
7222200000
7222300010
7222300021
7222300029
7222300030
7222300090
7222400012
7222400022
7222400033
7222400037
7222400043
7222400047
7222400060
7222400080
7223000000
7224100010
7224100020
7224100091
7224100099
7224900010
7224900020
7224900030
7224900091
7224900092
7224900099
7225110011
7225110019
7225110091
7225110099
7225190011
7225190019
7225190091
7225190099
7225301100
7225301200
7225301900
7225302100
7225302200
7225302900
7225303100
7225303200
7225303900
7225309100
7225309200
7225309900
7225401000
7225402000
7225409000
7225501000
7225509000
7225911000
7225919010
7225919091
7225919099
7225921000
7225929010
7225929091
7225929099
7225991010
7225991091
7225991099
7225999010
7225999091
7225999099
7226110010
7226110021
7226110029
7226110031
7226110039
7226110040
7226110050
7226110091
7226110099
7226190010
7226190021
7226190029
7226190031
7226190039
7226190040
7226190050
7226190091
7226190099
7226200011
7226200019
7226200021
7226200029
7226200030
7226200040
7226200051
7226200052
7226200059
7226200061
7226200069
7226200091
7226200099
7226910010
7226910020
7226910091
7226910092
7226910099
7226920010
7226920091
7226920099
7226991000
7226992000
7226999011
7226999019
7226999020
7226999030
7226999091
7226999099
7227100000
7227200000
7227900010
7227900090
7228100010
7228100020
7228100030
7228100041
7228100049
7228100050
7228100090
7228201000
7228209010
7228209020
7228209030
7228209041
7228209049
7228209050
7228209090
7228300000
7228400000
7228500000
7228601000
7228609011
7228609019
7228609090
7228700011
7228700019
7228700021
7228700022
7228700029
7228700031
7228700039
7228700041
7228700049
7228700090
7228800000
7229200000
7229900010
7229900090
7301100000
7302101000
7302109011
7302109019
7302109090
7302301000
7302309000
7302401000
7302409000
7302903000
7302904000
7302909000
--- Page 35 (parsed text) --Circulaire n°6146/222 du 18 janvier 2021
20
7303000010
7303000020
7303000031
7303000039
7303000091
7303000099
7304111010
7304111090
7304119100
7304119900
7304191010
7304191090
7304199100
7304199900
7304241010
7304241090
7304249100
7304249900
7304292010
7304292090
7304299200
7304299800
7304311000
7304312010
7304312090
7304313100
7304313900
7304314010
7304314090
7304319100
7304319900
7304391000
7304392010
7304392090
7304393100
7304399100
7304399900
7304411000
7304412010
7304412090
7304413100
7304413900
7304414010
7304414090
7304419100
7304419900
7304491000
7304492010
7304492090
7304493100
7304493900
7304494010
7304494090
7304499100
7304499900
7304511000
7304512010
7304512090
7304513100
7304513900
7304514010
7304514090
7304519100
7304519900
7304591000
7304592010
7304592090
7304593100
7304593900
7304594010
7304594090
7304599100
7304599900
7304901010
7304901090
7304902100
7304902900
7304904010
7304904090
7304909100
7304909900
7305119900
7305129900
7305199900
7305209900
7305319900
7305399900
7305909900
7306119900
7306199900
7306219900
7306299900
7306309900
7306401900
7306409900
7306509900
7306699100
7306699900
7306909900
7314191000
7318121000
7318131000
7318141000
7318151000
7318161000
7318191000
7318211000
7318221000
7318231000
7318241000
7318291000
7319200000
7319300000
7319400000
7319900010
7319900090
7321901000
7401000000
7402000010
7402000090
7403110000
7403120000
7403130000
7403190000
7403210010
7403210090
7403220000
7403291010
7403291090
7403299010
7403299020
7403299030
7403299090
7404000012
7404000093
7404000097
7405001000
7405009000
7406100000
7406200010
7406200090
7407101010
7407101021
7407101029
7407101090
7407109011
7407109019
7407109021
7407109029
7407109091
7407109099
7407210110
7407210191
7407210199
7407211100
7407211910
7407211990
7407212010
7407212090
7407213000
7407214110
7407214190
7407214910
7407214990
7407215011
7407215019
7407215091
7407215099
7407216000
7407217100
7407217900
7407218000
7407219100
7407219900
7407290200
7407290800
7407291310
7407291391
7407291399
7407291900
--- Page 36 (parsed text) --Circulaire n°6146/222 du 18 janvier 2021
21
7407292200
7407292810
7407292890
7407293020
7407293080
7407294210
7407294290
7407294810
7407294890
7407295311
7407295319
7407295391
7407295399
7407295900
7407296010
7407296090
7407297200
7407297800
7407298010
7407298090
7407299200
7407299800
7408110011
7408110019
7408110091
7408110099
7408199000
7408211000
7408212910
7408212990
7408213011
7408213019
7408213091
7408213099
7408214100
7408219100
7408221000
7408222910
7408222990
7408223011
7408223019
7408223091
7408223099
7408224100
7408229100
7408291000
7408292910
7408292990
7408293111
7408293119
7408293191
7408293199
7408293900
7408294100
7408299100
7409110010
7409110090
7409190010
7409190090
7409210011
7409210019
7409210020
7409210091
7409210099
7409290011
7409290019
7409290020
7409290091
7409290099
7409310010
7409310091
7409310099
7409390010
7409390091
7409390099
7409400011
7409400019
7409400020
7409400091
7409400099
7409900011
7409900019
7409900020
7409900030
7409900091
7409900099
7410110000
7410120010
7410120090
7410210000
7410220010
7410220090
7415211000
7415291000
7415331100
7415339100
7415391000
7419913000
7419993000
7501100000
7501200000
7502100000
7502200000
7503000012
7503000017
7503000093
7503000097
7504000000
7505110000
7505120000
7505210000
7505220000
7506100000
7506200000
7507110000
7507120000
7507200000
7508901010
7508901020
7508901090
7508902100
7601100000
7601200000
7602000011
7602000019
7602000090
7603100000
7603200000
7604103100
7604104000
7604105100
7604109100
7604292100
7604293000
7604294100
7604299100
7605110011
7605110019
7605110090
7605192100
7605199010
7605199090
7605210011
7605210019
7605210090
7605292100
7605299010
7605299090
7606111000
7606112000
7606113100
7606113900
7606114000
7606119000
7606121000
7606122000
7606123100
7606123900
7606124000
7606129000
7606911000
7606912010
7606912090
7606913000
7606914100
7606914900
7606915000
7606919000
7606921000
7606922010
7606922090
7606923000
7606924100
7606924900
7606925000
7606929000
7607110010
7607110090
7607191010
7607191090
--- Page 37 (parsed text) --Circulaire n°6146/222 du 18 janvier 2021
22
7616101000
7616995010
7616995090
7801101000
7801109010
7801109090
7801910000
7801990000
7802000000
7804110010
7804110091
7804110099
7804190010
7804190091
7804190099
7804200000
7806000010
7806000021
7806000029
7806000030
7806000040
7806000090
7901110000
7901120000
7901200000
7902000000
7903100000
7903900000
7904001010
7904001090
7904009000
7905000000
7907001000
8001100000
8001200000
8002000000
8101100000
8101940000
8101960000
8101970000
8101991000
8101992000
8101993000
8101999010
8101999020
8101999030
8101999040
8101999090
8102100000
8102940000
8102950000
8102960000
8102970000
8102991100
8102991900
8102999010
8102999020
8102999030
8102999090
8103200000
8103300000
8103901010
8103901020
8103901030
8103901090
8103902100
8103902900
8103909010
8103909020
8103909030
8103909090
8104110000
8104190000
8104200010
8104200090
8104300000
8104901010
8104901020
8104901090
8104902100
8104902900
8104909000
8105200000
8105300000
8105901100
8105901900
8105909000
8106001000
8106002100
8106002900
8106009000
8107200000
8107300000
8107901100
8107901900
8107909000
8108200000
8108300000
8108901100
8108901900
8108909000
8109200000
8109300000
8109901100
8109901900
8109909000
8110101000
8110109000
8110200000
8110902100
8110902900
8110909000
8111001000
8111002100
8111002900
8111009000
8112120000
8112130000
8112191100
8112191900
8112199010
8112199020
8112199090
8112211000
8112219000
8112220000
8112292100
8112292900
8112299000
8112510000
8112520000
8112591100
8112591900
8112599000
8112920000
8112991200
8112991800
8112998000
8113001000
8113002100
8113002900
8113009000
8201501000
8201502000
8201509000
8201600000
8205510000
8205592000
8205593000
8205594000
8205599000
8209000000
8210001000
8210009010
8210009020
8210009090
8212100010
8212100020
8212100090
8212201000
8212209000
8212901100
8212901900
8212902000
8212909010
8212909090
8213000000
8301100010
8301100090
8302200000
8308100010
8308100090
8308200000
8308901000
8308909010
8308909090
8407101000
8407109000
8407331000
8407332000
--- Page 38 (parsed text) --Circulaire n°6146/222 du 18 janvier 2021
23
8407339000
8407341000
8407342100
8407342900
8407349000
8407900010
8407900090
8408101000
8450200000
8450901010
8450901020
8450901030
8450901090
8450909000
8483101900
8483102900
8483109000
8483200000
8483300000
8483401000
8483409010
8483409020
8483409030
8483409090
8483609000
8504211000
8504221000
8504231000
8504329100
8504331000
8504341000
8504901000
8504902000
8504908010
8504908090
8507901000
8507902100
8507902300
8507902900
8507903000
8507908000
8511200011
8511200019
8511200091
8511200099
8511301000
8511309000
8511500000
8511800010
8511800090
8511901000
8511902000
8511909000
8512100000
8512200011
8512200019
8512200090
8512301000
8512309000
8512900000
8523211010
8523219090
8523291099
8523299190
8523299211
8523299219
8523299230
8523299241
8523299242
8523299249
8523299291
8523299299
8523299990
8523410090
8523490018
8523490030
8523490049
8523490059
8523490090
8523511000
8523519119
8523519900
8523591000
8523599119
8523599990
8523801000
8523802000
8523809119
8523809900
8526921000
8526929000
8528719100
8528719991
8528719999
8528729100
8528729991
8528729999
8529102200
8535400010
8535400090
8536410011
8536410019
8536410030
8536410091
8536410099
8536490011
8536490019
8536490030
8536490091
8536490099
8536701000
8536902000
8539101100
8539101900
8539109100
8539109900
8539220010
8539220090
8539291000
8539299000
8539320000
8539419000
8539491000
8539499000
8539901000
8539909010
8539909090
8540110000
8544301000
8544309000
8545200000
8548101010
8548101020
8548101090
8548102100
8548102200
8548102910
8548102920
8548102930
8548102940
8548102990
8548109000
8548900000
EX 8701201000 (*)
8704211110
8704211190
8704211910
8704211990
8704213010
8704213090
8704311011
8704311019
8704311091
8704311099
8708309010
8708309092
8708309099
8708400010
8708400090
8708500010
8708500020
8708500091
8708500099
8708700010
8708700021
8708700029
8708700030
8708700041
8708700049
8708700090
8708800019
8708800029
8708800041
8708800049
8708800090
8708929000
8708939100
8708941000
8708949090
8708950000
--- Page 39 (parsed text) --Circulaire n°6146/222 du 18 janvier 2021
24
8708995000
8708999900
8710000010
8710000090
9001200000
9001400000
9001500000
9001900000
9003900000
9106900090
9107000000
9208100000
9208900000
9209300000
9209910000
9209920000
9209940000
9209990000
9602001000
(*): Le démantèlement est opéré sur tous les extraits de la position.
--- Page 40 (parsed text) --Circulaire n°6146/222 du 18 janvier 2021
1
Accord d’Association: : Annexe I: : Liste 3
Produits originaires de la Communauté admis au Maroc avec démantèlement
progressif du droit d'importation à raison de 10% par an à compter de la
quatrième année de l'entrée en vigueur de l'Accord
2501000011
2501000013
2501000015
2501000019
2501000090
2515110000
2515121000
2515200011
2515200019
2515200020
2515200031
2515200039
2515200090
2520100000
2520201100
2520201900
2520209010
2520209090
2522100000
2522200000
2522300000
2523101000
2523109000
2523290000
2530200000
2710121100
2710121900
2710122100
2710122900
2710129100
2710129200
2710129910
2710129990
2710191300
2710191500
2710191700
2710192210
2710192290
2710192810
2710192891
2710192892
2710192899
2710193100
2710193200
2710193900
2710198010
2710198021
2710198029
2710198081
2710198089
2710200011
2710200012
2710200013
2710200019
2710200021
2710200022
2710200029
2710200031
2710200039
2710200091
2710200092
2710200093
2710200094
2710200099
2710910000
2710990000
2711110000
2711120010
2711120090
2711130010
2711130090
2712100010
2712100090
2712200010
2712200090
2712900011
2712900019
2712900020
2712900091
2712900099
2713200000
2714100010
2714100090
2714900010
2714900090
2715001010
2715001090
2715009100
2715009200
2715009910
2715009990
2801100000
2802000010
2802000020
2802000090
2804100000
2804300000
2804400000
2806100010
2806100020
2806100090
2806200000
2807000010
2807000020
2807000090
2809100000
2809200010
2809200090
2811210000
2815110000
2815120000
2817001000
2827390030
2828100000
2828900010
2828900020
2828900030
2828900040
2828900090
2833210000
2833220000
2833250000
2833290070
2833300010
2833300020
2833300030
2833300090
2835220000
2835299030
2839110000
2839190000
2839900010
2839900021
2839900029
2839900091
2839900099
2842101200
2842900012
2842900013
2842900014
2842900015
2842900016
2842900019
2842900022
2842900023
2842900024
2842900025
2842900026
--- Page 41 (parsed text) --Circulaire n°6146/222 du 18 janvier 2021
2
2842900029
2842900031
2842900035
2842900042
2842900045
2842900052
2842900056
2842900062
2842900066
2842900072
2842900076
2842900079
2842900095
2852101094
2852101099
2852900090
2853100000
2853909010
2853909020
2853909030
2853909090
3001200000
3001901010
3001901090
3001902010
3001902091
3001902099
3001909000
3002130020
3002140020
3002150020
3002301000
3002309100
3002309900
3002901010
3002901080
3002909011
3002909017
3002909091
3002909097
3003101010
3003101020
3003101090
3003109010
3003109021
3003109029
3003109090
3003201000
3003209000
3003310000
3003391000
3003399000
3003411000
3003419000
3003421000
3003429000
3003431000
3003439000
3003491000
3003499000
3003601000
3003609090
3003901010
3003901080
3003909200
3003909300
3003909810
3003909880
3004101000
3004109900
3004201000
3004209500
3004209600
3004209910
3004209990
3004312000
3004319900
3004321000
3004325000
3004326000
3004329900
3004391000
3004395000
3004399910
3004399990
3004411000
3004419900
3004421000
3004429900
3004431000
3004439900
3004491000
3004494000
3004495000
3004499900
3004501000
3004503000
3004509900
3004601000
3004609090
3004901500
3004909050
3004909060
3004909070
3004909090
3005109100
3005109910
3005109990
3005901000
3005909100
3005909910
3005909920
3005909990
3006101000
3006102010
3006102020
3006102030
3006102042
3006102049
3006102050
3006102061
3006102062
3006102063
3006102069
3006102071
3006102072
3006102073
3006102075
3006102079
3006102081
3006102082
3006102083
3006102089
3006102091
3006102092
3006102093
3006102094
3006102099
3006103010
3006103020
3006103030
3006103040
3006103091
3006103092
3006103093
3006103094
3006103095
3006103099
3006109000
3006401000
3006409100
3006409900
3006500000
3006601900
3006609100
3006609900
3006701000
3006910000
3006921010
3006921020
3006921030
3006921040
3006921050
3006921090
3006922132
3006922139
3006922142
3006922149
3006922152
3006922159
3006922310
3006922320
3006922390
3006922910
3006922920
3006922930
3006922940
3006922950
3006922990
3006923110
--- Page 42 (parsed text) --Circulaire n°6146/222 du 18 janvier 2021
3
3006923120
3006923130
3006923140
3006923150
3006923190
3006923210
3006923290
3006923300
3006923410
3006923490
3006923511
3006923519
3006923521
3006923529
3006923531
3006923539
3006923591
3006923599
3006923610
3006923690
3006923910
3006923925
3006923950
3006923960
3006923970
3006923980
3006924110
3006924190
3006924210
3006924295
3006924296
3006924297
3006924299
3006924320
3006924390
3006924410
3006924450
3006924460
3006924499
3006924510
3006924550
3006924591
3006924599
3006924611
3006924619
3006924621
3006924629
3006924631
3006924639
3006924691
3006924693
3006924694
3006924699
3006924710
3006924730
3006924790
3006924810
3006924890
3006924915
3006924985
3006924986
3006924987
3006924989
3006925130
3006925140
3006925190
3006925910
3006925920
3006925930
3006925940
3006925990
3006929101
3006929102
3006929103
3006929104
3006929106
3006929107
3006929108
3006929109
3006929110
3006929111
3006929112
3006929113
3006929114
3006929115
3006929116
3006929117
3006929118
3006929119
3006929120
3006929121
3006929122
3006929123
3006929124
3006929125
3006929126
3006929127
3006929128
3006929129
3006929130
3006929131
3006929132
3006929133
3006929134
3006929135
3006929136
3006929199
3006929410
3006929420
3006929490
3006929500
3006929630
3006929640
3006929690
3006929910
3204121000
3204129000
3205000011
3205000019
3205000091
3205000099
3208100010
3208100090
3208200010
3208200090
3208909010
3208909020
3208909030
3208909090
3209100010
3209100090
3209909010
3209909090
3211000000
3212900011
3212900019
3212900020
3212900030
3212900091
3212900099
3214101000
3214102000
3214103000
3214108010
3214108080
3214900000
3215111000
3215119000
3215191010
3215191090
3215199010
3215199090
3215900011
3215900019
3215900091
3215900099
3302900000
3303000010
3303000020
3303000030
3303000090
3304100000
3304200000
3304300000
3304910000
3304990010
3304990090
3305100000
3305200000
3305300000
3305900000
3306100000
3306200000
3306900000
3307100010
3307100090
3307200000
3307300000
3307410000
3307490000
--- Page 43 (parsed text) --Circulaire n°6146/222 du 18 janvier 2021
4
3307901000
3307902000
3307903000
3307904000
3307908000
3401111000
3401112000
3401113000
3401114100
3401114900
3401115000
3401116100
3401116910
3401116990
3401119000
3401191000
3401192000
3401193100
3401193900
3401194000
3401195010
3401195090
3401196100
3401196900
3401199000
3401201000
3401202000
3401209010
3401209020
3401209031
3401209039
3401209091
3401209099
3401300000
3402200000
3402901300
3402901700
3402909010
3402909090
3404901000
3404902100
3404902900
3404909010
3404909091
3404909099
3405100000
3405200000
3405300000
3405400000
3405901000
3405902000
3405909010
3405909090
3406000000
3407001100
3407001900
3407009010
3407009020
3407009090
3506109000
3506101000
3506102000
3506910020
3506910080
3506990000
3605000010
3605000090
3701209100
3701301000
3702311010
3702321010
3702391010
3702411010
3702421010
3702431010
3702441010
3704001900
3704009010
3704009091
3704009099
3705001010
3705001090
3705009010
3705009090
3804001000
3804009100
3804009900
3808521000
3808529000
3808591011
3808591019
3808591090
3808592011
3808592019
3808592090
3808593011
3808593019
3808593021
3808593029
3808593090
3808594011
3808594019
3808594090
3808599011
3808599019
3808599090
3808611000
3808619000
3808621010
3808621090
3808629010
3808629020
3808629090
3808691000
3808692000
3808699000
3808911100
3808911920
3808911991
3808911997
3808912000
3808918030
3808918040
3808918090
3808921000
3808922100
3808922900
3808929120
3808929191
3808929199
3808929910
3808929980
3808931200
3808931800
3808939120
3808939191
3808939199
3808939910
3808939980
3808941100
3808941920
3808941980
3808949010
3808949080
3808991100
3808991920
3808991980
3808999010
3808999080
3809911010
3809911090
3809919100
3809919900
3809921010
3809921090
3809929100
3809929900
3809931010
3809931090
3809939100
3809939900
3816001000
3816009000
3819001000
3819009000
3820001000
3820009010
3820009090
3821000091
3824401000
3824409000
3824501000
3824509000
3824741000
3824751000
3824761000
3824781000
3824811000
3824821000
3824831000
--- Page 44 (parsed text) --Circulaire n°6146/222 du 18 janvier 2021
5
3824993000
3824994000
3824995000
3824996011
3824996012
3824996013
3824996014
3824996015
3824996016
3824996017
3824996019
3824996021
3824996029
3824996030
3824996040
3825100010
3825200010
3825302100
3825302200
3825302900
3825303000
3825304100
3825410010
3825490010
3825500010
3825610010
3825690010
3825900010
3826000000
3901101000
3901102000
3901201000
3901202000
3901301000
3901303000
3901401000
3901403000
3901901500
3901903500
3902101000
3902102000
3902201000
3902202000
3902301000
3902302000
3902303000
3902901000
3902903000
3903111000
3903112000
3903191000
3903192000
3903201000
3903202000
3903301000
3903302000
3903901000
3903902000
3904101000
3904102000
3904109000
3904211000
3904212000
3904219000
3904221000
3904222000
3904229000
3904301000
3904302000
3904401000
3904403000
3904501000
3904502000
3904611000
3904612000
3904691000
3904693000
3904901100
3904901500
3904902100
3904902500
3904909100
3904909600
3905120000
3905191000
3905192000
3905211000
3905219000
3905291100
3905291500
3905299100
3905299600
3905301100
3905301900
3905302000
3905911100
3905911900
3905912000
3905991100
3905991900
3905992000
3905999100
3905999600
3906101000
3906102000
3906901110
3906901190
3906901500
3906909100
3906909600
3907301000
3907500010
3907500090
3907612000
3907619000
3907692000
3907699000
3907701000
3907709100
3907911000
3907919000
3907992000
3907999200
3908101000
3908102000
3908901000
3908902000
3909101900
3909102000
3909109100
3909109900
3909201000
3909202000
3909311000
3909312000
3909391000
3909392000
3909401000
3909402000
3909501000
3909502000
3911101700
3911109700
3911901000
3911909100
3911909700
3912120010
3912120090
3912209000
3912319000
3912399010
3912399090
3912901000
3912902910
3912902990
3912909000
3913901000
3913902000
3913908000
3915100010
3915100090
3915200000
3915300010
3915300091
3915300099
3915901210
3915901221
3915901229
3915901230
3915901240
3915901250
3915901260
3915901290
3915902211
3915902212
3915902213
3915902214
3915902215
3915902216
3915902217
--- Page 45 (parsed text) --Circulaire n°6146/222 du 18 janvier 2021
6
3915902219
3915902291
3915902299
3915903210
3915903220
3915903230
3915903240
3915903290
3915904200
3915905200
3915906200
3915909200
3916100010
3916100090
3916200010
3916200091
3916200099
3916901100
3916901300
3916901811
3916901819
3916901820
3916901830
3916901850
3916901860
3916901890
3916902011
3916902012
3916902013
3916902014
3916902015
3916902016
3916902017
3916902018
3916902019
3916902091
3916902099
3916903100
3916903910
3916903920
3916903930
3916903940
3916903990
3916904000
3916905000
3916909000
3917101010
3917101020
3917101090
3917109110
3917109120
3917109130
3917109140
3917109190
3917109900
3917210010
3917210092
3917210094
3917210098
3917220010
3917220091
3917220099
3917230010
3917230020
3917230090
3917291010
3917291020
3917291030
3917291090
3917292100
3917292911
3917292919
3917292920
3917292930
3917292940
3917292950
3917292960
3917292990
3917293001
3917293009
3917293018
3917293027
3917293036
3917293045
3917293054
3917293063
3917293072
3917293081
3917293099
3917294010
3917294020
3917294030
3917294090
3917295000
3917296000
3917297000
3917299000
3917311010
3917311090
3917312100
3917312911
3917312919
3917312920
3917312930
3917312940
3917312950
3917312960
3917312990
3917313011
3917313012
3917313019
3917313021
3917313022
3917313023
3917313024
3917313025
3917313026
3917313027
3917313029
3917313091
3917313092
3917313099
3917314010
3917314020
3917314030
3917314090
3917315000
3917319000
3917321010
3917321090
3917322100
3917322911
3917322919
3917322920
3917322930
3917322940
3917322950
3917322960
3917322991
3917322999
3917323300
3917323911
3917323912
3917323918
3917323921
3917323922
3917323923
3917323924
3917323925
3917323926
3917323927
3917323929
3917323991
3917323992
3917323999
3917324010
3917324020
3917324030
3917324090
3917325000
3917329000
3917330010
3917330090
3917391010
3917391090
3917392100
3917392911
3917392919
3917392920
3917392930
3917392940
3917392950
3917392960
3917392990
3917393011
3917393012
3917393019
3917393021
3917393022
3917393023
--- Page 46 (parsed text) --Circulaire n°6146/222 du 18 janvier 2021
7
3917393024
3917393025
3917393026
3917393027
3917393029
3917393091
3917393092
3917393099
3917394010
3917394020
3917394030
3917394090
3917395000
3917399000
3917400010
3917400090
3918100010
3918100020
3918100031
3918100039
3918100090
3918901000
3918902100
3918902200
3918902911
3918902919
3918902920
3918902930
3918902940
3918902950
3918902960
3918902990
3918903011
3918903012
3918903013
3918903014
3918903019
3918903091
3918903092
3918903093
3918903094
3918903095
3918903096
3918903099
3918904100
3918904910
3918904920
3918904930
3918904990
3918905000
3918906000
3918909010
3918909090
3919101010
3919101090
3919102100
3919102210
3919102240
3919102250
3919102291
3919102292
3919102299
3919102900
3919103100
3919103200
3919103911
3919103919
3919103920
3919103930
3919103940
3919103950
3919103960
3919103990
3919104011
3919104019
3919104021
3919104029
3919104031
3919104032
3919104033
3919104039
3919104041
3919104049
3919104051
3919104059
3919104060
3919104070
3919104081
3919104082
3919104089
3919104091
3919104099
3919105011
3919105012
3919105019
3919105020
3919105031
3919105039
3919105041
3919105049
3919105091
3919105099
3919106000
3919107000
3919109000
3919901010
3919901090
3919902100
3919902210
3919902290
3919902911
3919902919
3919902921
3919902929
3919902930
3919902940
3919902950
3919902960
3919902990
3919903011
3919903019
3919903021
3919903029
3919903031
3919903032
3919903033
3919903039
3919903041
3919903049
3919903051
3919903059
3919903061
3919903069
3919903070
3919903081
3919903082
3919903089
3919903091
3919903099
3919904011
3919904012
3919904019
3919904020
3919904031
3919904039
3919904041
3919904049
3919904091
3919904099
3919905000
3919906000
3919907100
3919907900
3919909010
3919909090
3920100021
3920100024
3920100030
3920100093
3920100099
3920201011
3920201019
3920201090
3920209013
3920209019
3920209093
3920209099
3920300000
3920432090
3920438011
3920438019
3920438020
3920438090
3920492090
3920498011
3920498019
3920498020
3920498090
3920511000
3920512000
--- Page 47 (parsed text) --Circulaire n°6146/222 du 18 janvier 2021
8
3920519000
3920591000
3920592000
3920599000
3920610000
3920621100
3920621700
3920629000
3920630010
3920630080
3920690000
3920711100
3920711700
3920719011
3920719019
3920719020
3920719090
3920730010
3920730040
3920730050
3920730070
3920790011
3920790017
3920790021
3920790023
3920790027
3920790030
3920790093
3920790097
3920910010
3920910080
3920921010
3920921080
3920929000
3920930020
3920930080
3920940000
3920994010
3920994020
3920994030
3920994090
3920995010
3920995020
3920995030
3920995041
3920995049
3920995051
3920995059
3920995060
3920995070
3920995080
3920995090
3920996000
3920997000
3920998000
3921110000
3921121311
3921121319
3921121390
3921121711
3921121719
3921121790
3921123011
3921123019
3921123090
3921128011
3921128019
3921128090
3921132010
3921132090
3921138000
3921140000
3921191300
3921191800
3921192011
3921192019
3921192020
3921192030
3921192040
3921192050
3921192090
3921192100
3921192200
3921192611
3921192612
3921192613
3921192614
3921192615
3921192616
3921192619
3921192621
3921192629
3921192630
3921192641
3921192642
3921192649
3921192650
3921195010
3921195021
3921195029
3921195031
3921195039
3921195091
3921195099
3921196000
3921197000
3921198000
3921901111
3921901119
3921901121
3921901129
3921901190
3921901911
3921901919
3921901990
3921903110
3921903190
3921903210
3921903290
3921903911
3921903919
3921903921
3921903929
3921903930
3921903940
3921903950
3921903960
3921903970
3921903990
3921904111
3921904119
3921904191
3921904199
3921904211
3921904219
3921904291
3921904299
3921904901
3921904909
3921904911
3921904919
3921904920
3921904931
3921904932
3921904933
3921904939
3921904941
3921904949
3921904951
3921904959
3921904960
3921904970
3921904981
3921904982
3921904989
3921904991
3921904999
3921905111
3921905119
3921905121
3921905129
3921905190
3921905911
3921905919
3921905921
3921905929
3921905990
3921906011
3921906019
3921906021
3921906029
3921906090
3921907011
3921907019
3921907021
3921907029
3921907090
3921908110
3921908190
3921908210
--- Page 48 (parsed text) --Circulaire n°6146/222 du 18 janvier 2021
9
3921908290
3921908910
3921908921
3921908929
3921908991
3921908999
3921909411
3921909419
3921909421
3921909429
3921909490
3921909511
3921909519
3921909521
3921909529
3921909590
3921909611
3921909619
3921909621
3921909629
3921909690
3921909811
3921909819
3921909821
3921909829
3921909890
3922100010
3922100090
3922200000
3922900010
3922900080
3923100010
3923100020
3923100030
3923100040
3923100080
3923210010
3923210090
3923290011
3923290019
3923290020
3923290081
3923290089
3923301000
3923309010
3923309020
3923309030
3923309080
3923401010
3923401020
3923401090
3923409010
3923409020
3923409090
3923500011
3923500019
3923500030
3923500090
3923900010
3923900020
3923900030
3923900040
3923900050
3923900060
3923900080
3924100000
3924900000
3925100010
3925100090
3925200010
3925200090
3925300010
3925300090
3925900010
3925900020
3925900090
3926100000
3926200020
3926300010
3926300020
3926300090
3926400000
3926901200
3926902200
3926904200
3926905200
3926906200
3926907200
3926907800
3926908100
3926908910
3926908980
3926909210
3926909220
3926909230
3926909240
3926909290
4004002300
4004002900
4005102000
4005109000
4005911000
4005919900
4005991000
4006101000
4006109000
4006901200
4006901300
4006901900
4006909100
4006909900
4008110010
4008110091
4008110092
4008110093
4008110099
4008190000
4008210010
4008210020
4008210030
4008210080
4008290000
4009110000
4009120000
4009210000
4009220000
4009311000
4009319010
4009319090
4009321000
4009329010
4009329090
4009419010
4009419020
4009419030
4009419090
4009420010
4009420020
4009420030
4009420090
4010119010
4010119090
4010120010
4010120090
4010191011
4010191019
4010191091
4010191099
4010199011
4010199019
4010199091
4010199099
4010310010
4010310090
4010320010
4010320090
4010330010
4010330090
4010340010
4010340090
4010350011
4010350019
4010350021
4010350029
4010350081
4010350089
4010350091
4010350099
4010360011
4010360019
4010360021
4010360029
4010360081
4010360089
4010360091
4010360099
4010390011
4010390019
4010390021
4010390029
--- Page 49 (parsed text) --Circulaire n°6146/222 du 18 janvier 2021
10
4010390031
4010390039
4010390041
4010390049
4010390091
4010390099
4011400010
4011400090
4011500000
4012901010
4012901090
4012903100
4012904010
4012909011
4012909021
4012909029
4013100010
4013100090
4013200000
4013900010
4013900020
4013900090
4015191000
4015199900
4015901000
4015909090
4016100000
4016910000
4016920000
4016930000
4016940000
4016950000
4016991100
4016991900
4016992100
4016992200
4016992900
4016993000
4016994000
4016995000
4016996000
4016999100
4016999410
4016999490
4016999500
4016999600
4016999800
4017001010
4017001090
4017002000
4017009010
4017009090
4104110500
4104110700
4104111010
4104111030
4104111081
4104111089
4104112010
4104112040
4104112050
4104112080
4104114010
4104114091
4104114099
4104118000
4104190500
4104190700
4104191010
4104191030
4104191080
4104192010
4104192030
4104192080
4104194010
4104194090
4104198000
4104411011
4104411012
4104411019
4104412000
4104413011
4104413012
4104413019
4104414000
4104415011
4104415012
4104415019
4104416000
4104417010
4104417090
4104419010
4104419090
4104491010
4104491021
4104491029
4104491090
4104499010
4104499021
4104499029
4104499090
4105100005
4105100007
4105100010
4105100022
4105100028
4105100035
4105100042
4105100048
4105100054
4105100058
4105100065
4105100072
4105100078
4105100084
4105100088
4105100095
4105300010
4105300090
4106210005
4106210007
4106210010
4106210024
4106210026
4106210028
4106210035
4106210044
4106210046
4106210048
4106210055
4106210094
4106210096
4106210098
4106220011
4106220019
4106220091
4106220099
4106311100
4106311900
4106319100
4106319900
4106320000
4106400010
4106400020
4106400090
4106911100
4106911900
4106919100
4106919900
4106920010
4106920020
4106920090
4107111100
4107111900
4107112100
4107112200
4107112900
4107113100
4107113900
4107114010
4107114020
4107114090
4107115010
4107115020
4107115090
4107116100
4107116900
4107119010
4107119090
4107121100
4107121900
4107123100
4107123200
4107123300
4107124000
4107125010
4107125020
4107125090
4107126010
4107126020
--- Page 50 (parsed text) --Circulaire n°6146/222 du 18 janvier 2021
11
4107126090
4107127000
4107129010
4107129090
4107191010
4107191090
4107192010
4107192020
4107192090
4107193000
4107194000
4107195010
4107195020
4107195090
4107197010
4107197020
4107197090
4107198000
4107199010
4107199090
4107911011
4107911019
4107911020
4107911090
4107913010
4107913020
4107913090
4107914100
4107914900
4107919010
4107919090
4107921010
4107921020
4107921090
4107923010
4107923020
4107923090
4107924000
4107929010
4107929090
4107991010
4107991020
4107991090
4107993010
4107993020
4107993090
4107994000
4107999010
4107999090
4112000010
4112000091
4112000099
4113100010
4113100021
4113100029
4113100091
4113100099
4113200010
4113200090
4113300010
4113300090
4113900010
4113900020
4113900090
4114100010
4114100091
4114100092
4114100093
4114100094
4114100095
4114100099
4114200011
4114200019
4114200021
4114200029
4114200030
4114200040
4114200050
4114200090
4115100000
4201001000
4201009000
4202110010
4202110020
4202110090
4202121011
4202121019
4202121091
4202121092
4202121099
4202122011
4202122019
4202122090
4202123000
4202124000
4202129011
4202129019
4202129091
4202129099
4202191000
4202192000
4202193000
4202194000
4202199010
4202199090
4202210000
4202221011
4202221019
4202221090
4202222000
4202229000
4202290000
4202310000
4202321011
4202321019
4202321091
4202321099
4202329000
4202391000
4202392000
4202393000
4202394000
4202399000
4202910000
4202921011
4202921019
4202921091
4202921092
4202921099
4202929010
4202929090
4202991000
4202992000
4202993000
4202994000
4202999000
4203101000
4203109000
4203210000
4203291000
4203299000
4203301000
4203309000
4203401000
4203409000
4205001010
4205001020
4205001030
4205001040
4205001090
4205009010
4205009021
4205009029
4205009030
4205009090
4206000010
4206000090
4302110000
4302190010
4302190020
4302190030
4302190041
4302190049
4302190090
4302200000
4302300010
4302300090
4303100000
4303900010
4303900090
4304000010
4304000090
4404100010
4404100020
4404100090
4404200010
4404200020
4404200091
4404200099
4405000010
--- Page 51 (parsed text) --Circulaire n°6146/222 du 18 janvier 2021
12
4405000090
4406110000
4406120000
4406910000
4406920000
4407111100
4407111910
4407111920
4407111991
4407111999
4407119011
4407119019
4407119091
4407119099
4407121100
4407121910
4407121920
4407121991
4407121999
4407129011
4407129019
4407129091
4407129099
4407191100
4407191910
4407191920
4407191991
4407191999
4407199011
4407199019
4407199091
4407199099
4407211100
4407211910
4407211990
4407219011
4407219019
4407219091
4407219099
4407221100
4407221910
4407221990
4407229011
4407229019
4407229091
4407229099
4407251100
4407251910
4407251990
4407259011
4407259019
4407259091
4407259099
4407261100
4407261910
4407261990
4407269011
4407269019
4407269091
4407269099
4407271100
4407271910
4407271990
4407279011
4407279019
4407279091
4407279099
4407281100
4407281910
4407281990
4407289011
4407289019
4407289091
4407289099
4407291300
4407291710
4407291791
4407291799
4407297011
4407297019
4407297091
4407297099
4407911100
4407911910
4407911990
4407919011
4407919019
4407919091
4407919099
4407921100
4407921910
4407921990
4407929011
4407929019
4407929091
4407929099
4407931100
4407931910
4407931990
4407939011
4407939019
4407939091
4407939099
4407941100
4407941910
4407941990
4407949011
4407949019
4407949091
4407949099
4407951100
4407951910
4407951990
4407959011
4407959019
4407959091
4407959099
4407961100
4407961910
4407961990
4407969011
4407969019
4407969091
4407969099
4407971100
4407971910
4407971990
4407979011
4407979019
4407979091
4407979099
4407991400
4407991812
4407991820
4407991891
4407991892
4407991893
4407991894
4407991898
4407998012
4407998018
4407998092
4407998098
4408101000
4408102100
4408102910
4408102920
4408102990
4408103010
4408103090
4408104010
4408104090
4408105100
4408105900
4408109010
4408109090
4408311000
4408312100
4408312910
4408312920
4408312990
4408313010
4408313090
4408314010
4408314090
4408315000
4408316100
4408316900
4408319010
4408319090
4408391200
4408392200
4408392810
4408392820
4408392890
4408393210
4408393290
4408394210
4408394290
4408395200
--- Page 52 (parsed text) --Circulaire n°6146/222 du 18 janvier 2021
13
4408396200
4408396800
4408398010
4408398090
4408901200
4408902300
4408902910
4408902990
4408903310
4408903390
4408904310
4408904390
4408905300
4408906300
4408906700
4408908010
4408908090
4409101000
4409109011
4409109019
4409109020
4409109031
4409109039
4409109091
4409109099
4409211000
4409219011
4409219019
4409219020
4409219031
4409219039
4409219091
4409219099
4409221000
4409229011
4409229019
4409229020
4409229031
4409229039
4409229091
4409229099
4409292000
4409298011
4409298019
4409298020
4409298031
4409298039
4409298091
4409298099
4410111011
4410111019
4410111090
4410112011
4410112019
4410112090
4410113011
4410113019
4410113090
4410119010
4410119021
4410119029
4410119090
4410121010
4410121090
4410122000
4410123010
4410123091
4410123099
4410129000
4410191111
4410191119
4410191190
4410191910
4410191921
4410191929
4410191990
4410199111
4410199119
4410199190
4410199211
4410199219
4410199290
4410199311
4410199319
4410199390
4410199910
4410199921
4410199929
4410199990
4410901010
4410901091
4410901099
4410909010
4410909090
4411121010
4411121090
4411129010
4411129090
4411131010
4411131090
4411139010
4411139090
4411141010
4411141090
4411149010
4411149090
4411921010
4411921090
4411929010
4411929090
4411931010
4411931090
4411939010
4411939090
4411941010
4411941090
4411949010
4411949090
4412101010
4412101091
4412101099
4412109100
4412109910
4412109921
4412109929
4412109990
4412312010
4412312091
4412312099
4412319200
4412319810
4412319821
4412319829
4412319890
4412331010
4412331091
4412331099
4412339100
4412339910
4412339921
4412339929
4412339990
4412341010
4412341091
4412341099
4412349100
4412349910
4412349921
4412349929
4412349990
4412391010
4412391091
4412391099
4412399100
4412399910
4412399921
4412399929
4412399990
4412941010
4412941091
4412941099
4412949100
4412949910
4412949921
4412949929
4412949990
4412992010
4412992091
4412992099
4412999200
4412999810
4412999821
4412999829
4412999890
4413000010
4413000021
4413000029
4413000091
4413000092
4413000099
--- Page 53 (parsed text) --Circulaire n°6146/222 du 18 janvier 2021
14
4414001000
4414009000
4415101000
4415109010
4415109020
4415109031
4415109032
4415109039
4415109091
4415109093
4415109099
4415201000
4415209100
4415209910
4415209921
4415209929
4415209990
4416001000
4416002010
4416002090
4416003100
4416003200
4416003900
4416009000
4417001000
4417002000
4417003010
4417003090
4417009100
4417009200
4417009900
4418100010
4418100090
4418200010
4418200090
4418400010
4418400090
4418500010
4418500090
4418601000
4418609000
4418731000
4418739000
4418741000
4418749000
4418751000
4418759000
4418792000
4418798000
4418910010
4418910091
4418910099
4418990010
4418990091
4418990099
4419110010
4419110090
4419120010
4419120090
4419190010
4419190021
4419190029
4419190030
4419190091
4419190099
4419900010
4419900021
4419900029
4419900030
4419900091
4419900099
4420100010
4420100090
4420901000
4420909100
4420909900
4421100010
4421100090
4421911000
4421912000
4421913000
4421914000
4421915100
4421915900
4421916010
4421916090
4421919010
4421919020
4421919030
4421919040
4421919050
4421919060
4421919070
4421919090
4421991000
4421992000
4421993000
4421994000
4421995100
4421995900
4421996010
4421996090
4421999010
4421999020
4421999030
4421999040
4421999050
4421999060
4421999070
4421999090
4501100000
4501901000
4501909000
4502000010
4502000020
4502000030
4502000090
4503100000
4503900010
4503900020
4503900090
4504100000
4504901000
4504902000
4504903100
4504903200
4504903900
4504904000
4504908100
4504908900
4504909000
4601210000
4601220000
4601291000
4601299000
4601921000
4601929011
4601929019
4601929030
4601929040
4601929091
4601929099
4601931000
4601939020
4601939040
4601939080
4601941000
4601949020
4601949040
4601949080
4601991000
4601999015
4601999020
4601999091
4601999092
4601999098
4602111000
4602119000
4602121000
4602129000
4602191000
4602199011
4602199012
4602199013
4602199019
4602199090
4602901000
4602909010
4602909090
4701009000
4702003900
4702009900
4703199000
4703299000
4704199000
4704299000
4705009000
4707200010
4707200020
4707200090
--- Page 54 (parsed text) --Circulaire n°6146/222 du 18 janvier 2021
15
4707900010
4707900091
4707900092
4707900099
4801001019
4801001090 (*)
4801002010
4801002090 (*)
4802100000
4802201900
4802209000
4802400000
4802541000
4802551000
4802559000
4802561000
4802569000
4802571000
4802579000
4802581000
4802589000
4802611700
4802612000
4802621500
4802622000
4802691000
4802692000
4803001010
4803001090
4803009010
4803009090
4804110000
4804190000
4804212000
4804218000
4804290000
4804318000
4804398000
4804410000
4804420000
4804490000
4804510000
4804520000
4804590000
4805110000
4805120000
4805190000
4805249000
4805259000
4805300000
4805400000
4805918000
4805928000
4805938000
4806100000
4806200000
4806300000
4806402000
4806408000
4807000000
4808101000
4808102700
4808109100
4808109900
4808400010
4808400090
4808900000
4809200000
4809900000
4810132000
4810138010
4810138090
4810142000
4810148010
4810148090
4810192000
4810198010
4810198090
4810220000
4810292000
4810298010
4810298090
4810310000
4810320000
4810390000
4810920000
4810990000
4811100000
4811411000
4811419000
4811490000
4811510000
4811590010
4811590020
4811590030
4811590049
4811590060
4811590070
4811590090
4811601100
4811601900
4811609000
4811900010
4811900021
4811900029
4811900031
4811900032
4811900039
4811900091
4811900092
4811900093
4811900094
4811900095
4811900099
4812000000
4814201000
4814209100
4814209900
4814900011
4814900012
4814900019
4814900021
4814900029
4814900030
4814900040
4814900091
4814900099
4816200010
4816200090
4816901010
4816901090
4816909010
4816909020
4816909090
4817100000
4817200000
4817300000
4818101000
4818102000
4818103000
4818104000
4818109000
4818200030
4818200040
4818200080
4818300010
4818300020
4818300090
4818500010
4818500090
4818900010
4818900090
4819101000
4819109000
4819201000
4819209010
4819209020
4819209030
4819209090
4819301000
4819309000
4819401000
4819409000
4819501000
4819502200
4819502800
4819509000
4819600000
4820100000
4820200000
4820300000
4820400000
4820500000
4820900000
4821100000
4821900000
4822100000
4822900000
4823120000
4823190000
--- Page 55 (parsed text) --Circulaire n°6146/222 du 18 janvier 2021
16
4823201700
4823209000
4823400000
4823610010
4823610090
4823690010
4823690090
4823700010
4823700090
4823900500
4823901100
4823901200
4823901500
4823901600
4823901810
4823901890
4823902000
4823903100
4823903200
4823903300
4823903400
4823903500
4823903600
4823903700
4823903910
4823903970
4823903980
4823904110
4823904133
4823904135
4823904139
4823904141
4823904142
4823904149
4823904190
4823904210
4823904222
4823904223
4823904229
4823904230
4823904240
4823904292
4823904293
4823904299
4823904300
4823904400
4823904519
4823904580
4823904910
4823904991
4823904999
4823905000
4823906000
4823909200
4823909800
4901911000
4901991000
4901999100
4902101000
4902901000
4903000000
4904001000
4907004000
4907005010
4907005020
4907005090
4907009200
4907009700
4908100019
4908100099
4908900019
4908900099
4909000010
4909000021
4909000029
4909000090
4910001100
4910001900
4910002000
4910003100
4910003900
4910009000
4911109910
4911109990
4911910500
4911910800
4911912000
4911919020
4911919091
4911919098
4911999910
4911999991
4911999992
4911999998
5402110000
5402190000
5402340010
5402440000
5402450000
5403310010
5403310090
5403320020
5403320091
5403320099
5403330020
5403330091
5403330099
5403391000
5403410010
5403410090
5403420010
5403420090
5403491000
6115949010
6115949090
6115999010
6115999090
6401100010
6401100021
6401100029
6401100030
6401100041
6401100049
6401100091
6401100099
6401920010
6401920021
6401920029
6401920091
6401920099
6401991000
6401999010
6401999021
6401999029
6401999091
6401999099
6402120010
6402120090
6402190010
6402190090
6402200011
6402200019
6402200091
6402200099
6402910030
6402910041
6402910049
6402910092
6402910094
6402910098
6402990005
6402990022
6402990028
6402990040
6402990050
6402990065
6402990066
6402990067
6402990084
6402990085
6402990086
6402990087
6403120010
6403120020
6403120091
6403120099
6403190010
6403190020
6403190091
6403190099
6403200010
6403200020
6403200031
6403200039
6403200040
6403200091
6403200099
6403400010
6403400020
6403400030
--- Page 56 (parsed text) --Circulaire n°6146/222 du 18 janvier 2021
17
6403400091
6403400099
6403510010
6403510021
6403510029
6403510040
6403510091
6403510099
6403590010
6403590020
6403590030
6403590041
6403590049
6403590050
6403590060
6403590091
6403590099
6403910005
6403910022
6403910028
6403910050
6403910092
6403910098
6403990005
6403990020
6403990035
6403990042
6403990048
6403990055
6403990065
6403990092
6403990098
6404110011
6404110019
6404110090
6404191000
6404199011
6404199019
6404199090
6404201000
6404209011
6404209012
6404209019
6404209090
6405100010
6405100021
6405100029
6405100030
6405100040
6405100092
6405100098
6405200010
6405200020
6405200030
6405200041
6405200049
6405200050
6405200060
6405200090
6405901000
6405902000
6405909100
6405909931
6405909939
6405909940
6405909950
6405909990
6406101000
6406102000
6406103000
6406109010
6406109020
6406109080
6406200010
6406200090
6406901000
6406902010
6406902021
6406902029
6406902090
6406903011
6406903019
6406903021
6406903029
6406903091
6406903092
6406903099
6406909100
6406909910
6406909990
6501000010
6501000090
6502000010
6502000091
6502000099
6504000000
6505001010
6505001090
6505002000
6505009010
6505009030
6505009090
6506100000
6506910000
6506990000
6507000000
6601100000
6801001000
6801009000
6802100011
6802100019
6802100090
6802210010
6802210020
6802210090
6802230000
6802291000
6802299010
6802299090
6802910010
6802910021
6802910029
6802910030
6802910041
6802910049
6802910090
6802920010
6802920020
6802920090
6802930010
6802930021
6802930029
6802930090
6802990010
6802990021
6802990029
6802990090
6803000011
6803000013
6803000019
6803000030
6803000090
6804100011
6804100019
6804100090
6804210000
6804222000
6804228011
6804228019
6804228090
6804230000
6804300010
6804300020
6804300030
6804300090
6805100000
6805200000
6805300010
6805300090
6806100000
6806900000
6807100010
6807100090
6807900010
6807900090
6808000000
6809110000
6809190000
6809901000
6809909000
6810110000
6810190010
6810190090
6810910011
6810910019
6810910090
6810991000
6810992000
6810999000
6811400010
--- Page 57 (parsed text) --Circulaire n°6146/222 du 18 janvier 2021
18
6811400020
6811400030
6811400090
6811810000
6811820000
6811890010
6811890090
6812801000
6812802010
6812802090
6812803010
6812803090
6812809100
6812809200
6812809300
6812809400
6812809510
6812809590
6812809900
6812910010
6812910090
6812921100
6812921900
6812929100
6812929900
6812931100
6812931900
6812939100
6812939900
6812991010
6812991090
6812992011
6812992019
6812992090
6812993010
6812993090
6812994010
6812994090
6812999011
6812999019
6812999091
6812999099
6813200000
6813810010
6813810020
6813810090
6813890000
6814100000
6814900010
6814900090
6815200000
6815910010
6815910090
6815991000
6815999010
6815999090
6901000010
6901000090
6902200010
6902200021
6902200029
6902200030
6902200090
6902900010
6902900021
6902900029
6902900030
6902900090
6903201000
6903202000
6903209010
6903209020
6903209090
6903900010
6903900020
6903900091
6903900093
6903900099
6904100011
6904100019
6904100091
6904100099
6904900011
6904900019
6904900091
6904900099
6905100010
6905100090
6905900000
6906000010
6906000090
6907210010
6907210090
6907220010
6907220091
6907220092
6907220093
6907220099
6907230010
6907230091
6907230092
6907230099
6907300010
6907300020
6907300091
6907300092
6907300093
6907300099
6907400010
6907400091
6907400092
6907400093
6907400099
6910100000
6910900010
6910900020
6910900090
6911100011
6911100019
6911100030
6911100091
6911100099
6911900010
6911900091
6911900099
6912000010
6912000020
6912000031
6912000039
6912000090
6913100000
6913900010
6913900020
6913900030
6913900090
7007111000
7007119010
7007119090
7007192000
7007193000
7007199010
7007199080
7007210000
7007290000
7009100000
7009910000
7009920000
7010100010
7010100090
7010200011
7010200019
7010200091
7010200099
7010901100
7010901200
7010901300
7010901411
7010901419
7010901491
7010901499
7010901910
7010901920
7010901930
7010901991
7010901999
7010902100
7010902200
7010902300
7010902411
7010902419
7010902491
7010902499
7010902910
7010902920
7010902930
7010902991
7010902999
7010903300
7010903400
7010903511
--- Page 58 (parsed text) --Circulaire n°6146/222 du 18 janvier 2021
19
7010903519
7010903591
7010903599
7010903910
7010903920
7010903930
7010903991
7010903999
7010909300
7010909400
7010909511
7010909519
7010909591
7010909599
7010909910
7010909920
7010909930
7010909991
7010909999
7013100011
7013100019
7013100091
7013100099
7013220000
7013280010
7013280020
7013280090
7013330000
7013370010
7013370020
7013370090
7013410000
7013420000
7013490010
7013490090
7013910000
7013990010
7013990090
7020001100
7020001900
7020009611
7020009619
7020009691
7020009699
7020009910
7020009990
7210201000
7210202100
7210202200
7210202900
7210209000
7210411000
7210412000
7210419000
7210491000
7210492000
7210499000
7210701000
7210702100
7210702900
7210709000
7210901000
7210902100
7210902200
7210902300
7210902911
7210902919
7210902991
7210902999
7210909010
7210909020
7210909090
7212301000
7212302100
7212302900
7212309100
7212309200
7212309300
7212309400
7212309900
7212401000
7212402000
7212403910
7212403990
7212409100
7212409900
7212504000
7212505100
7212505200
7212505900
7212506300
7212509000
7212603000
7212609900
7213109000
7213919000
7214209000
7214999100
7215502100
7215502900
7215901900
7217109010
7217109020
7217109090
7217209900
7217309100
7217909000
7301200000
7305111010
7305111090
7305119100
7305121010
7305121090
7305129100
7305191010
7305191090
7305199100
7305201010
7305201090
7305209100
7305311000
7305312010
7305312090
7305319100
7305391000
7305392010
7305392090
7305399100
7305901000
7305902010
7305902090
7305909100
7306111010
7306111090
7306119100
7306191010
7306191090
7306199100
7306211010
7306211090
7306219100
7306291010
7306291090
7306299100
7306301010
7306301091
7306301099
7306309100
7306401100
7306409100
7306501010
7306501090
7306509100
7306611000
7306619000
7306691000
7306901010
7306901090
7306909100
7307111000
7307119000
7307191000
7307192100
7307192900
7307199000
7307210010
7307210090
7307220000
7307230000
7307290000
7307911000
7307912100
7307912900
7307919010
7307919090
7307921000
7307922100
7307922900
7307929000
7307931000
--- Page 59 (parsed text) --Circulaire n°6146/222 du 18 janvier 2021
20
7307932100
7307932900
7307939000
7307991000
7307992100
7307992900
7307999000
7308100000
7308200000
7308300000
7308400010
7308400090
7308900000
7309001000
7309002000
7309003910
7309003990
7309008900
7310101010
7310101021
7310101029
7310101091
7310101099
7310109010
7310109090
7310211000
7310219110
7310219191
7310219199
7310219910
7310219990
7310291010
7310291020
7310291091
7310291099
7310299010
7310299090
7311007100
7311007300
7311007910
7311007990
7313001000
7313009000
7314120000
7314140000
7314199010
7314199090
7314200010
7314200090
7314310000
7314390010
7314390090
7314410010
7314410090
7314420000
7314490010
7314490090
7314500000
7315110010
7315110090
7315120010
7315120090
7315190000
7315200000
7315810010
7315810090
7315820010
7315820090
7315890000
7315900000
7317001010
7317001090
7317009010
7317009021
7317009029
7317009040
7317009050
7317009060
7317009070
7317009080
7317009090
7318110000
7318129010
7318129090
7318139000
7318149010
7318149090
7318159010
7318159090
7318162000
7318168010
7318168090
7318199000
7318219010
7318219090
7318229010
7318229090
7318232100
7318232900
7318239100
7318239900
7318249000
7318292000
7318298010
7318298090
7320101000
7320109010
7320109090
7320201000
7320209000
7320901000
7320909010
7320909020
7320909090
7321111100 (1)
7321111300
7321111700
7321112100 (1)
7321112300
7321112700
7321119100
7321119300
7321119700
7321120010
7321120020
7321120090
7321191000
7321199010
7321199090
7321811000
7321812000
7321818000
7321820000
7321890000
7321902000
7321903000
7321909000
7322110000
7322190000
7322900000
7323100000
7323910010
7323910091
7323910099
7323920010
7323920091
7323920099
7323930010
7323930091
7323930099
7323940010
7323940091
7323940099
7323991000
7323999011
7323999019
7323999091
7323999099
7324100010
7324100090
7324210000
7324290000
7324901000
7324909010
7324909020
7324909031
7324909039
7324909050
7324909091
7324909099
7325101000
7325109000
7325911000
7325919000
7325991100
7325991900
7325992110
7325992190
7325992910
7325992990
--- Page 60 (parsed text) --Circulaire n°6146/222 du 18 janvier 2021
21
7325993000
7325994000
7325999010
7325999091
7325999099
7326110000
7326191010
7326191090
7326192010
7326192090
7326193000
7326199010
7326199020
7326199030
7326199040
7326199050
7326199060
7326199081
7326199089
7326199090
7326201000
7326209010
7326209020
7326209030
7326209090
7326901110
7326901190
7326901910
7326901990
7326902010
7326902090
7326904000
7326905000
7326906000
7326907000
7326908000
7326909100
7326909910
7326909920
7326909930
7326909940
7326909950
7326909960
7326909990
7408191000
7408212110
7408212190
7408214900
7408219900
7408222110
7408222190
7408224900
7408229900
7408292110
7408292190
7408294900
7408299900
7411100010
7411100021
7411100029
7411100090
7411211000
7411212010
7411212091
7411212099
7411213100
7411213910
7411213990
7411219010
7411219090
7411221000
7411222010
7411222091
7411222099
7411223100
7411223910
7411223990
7411229010
7411229090
7411291000
7411292110
7411292191
7411292199
7411292900
7411293100
7411293910
7411293990
7411299010
7411299020
7411299090
7412100000
7412200010
7412200020
7412200091
7412200099
7413000000
7415100010
7415100090
7415212100
7415212900
7415219100
7415219900
7415292100
7415292900
7415299100
7415299900
7415331910
7415331990
7415339910
7415339990
7415399010
7415399090
7418101010
7418101021
7418101029
7418101090
7418109011
7418109019
7418109021
7418109029
7418109031
7418109039
7418109090
7418201000
7418209010
7418209090
7419100000
7419911010
7419911090
7419912000
7419914010
7419914090
7419919011
7419919019
7419919021
7419919029
7419919080
7419991010
7419991090
7419992000
7419994010
7419994090
7419996111
7419996119
7419996190
7419996910
7419996991
7419996999
7419999011
7419999019
7419999021
7419999029
7419999030
7419999040
7419999090
7508100000
7508902910
7508902990
7508903000
7508909000
7604101000
7604102000
7604103900
7604105900
7604109900
7604210011
7604210019
7604210090
7604291000
7604292900
7604294900
7604299900
7605191000
7605192900
7605291000
7605292900
7607199000
7607200011
7607200019
7607200020
--- Page 61 (parsed text) --Circulaire n°6146/222 du 18 janvier 2021
22
7607200031
7607200039
7607200090
7608100010
7608100021
7608100029
7608100091
7608100099
7608200010
7608200021
7608200029
7608200090
7609000000
7610100010
7610100090
7610901000
7610909010
7610909020
7610909090
7611000000
7612100000
7612901000
7612902000
7612908010
7612908020
7612908091
7612908099
7613000000
7614100000
7614900000
7615100011
7615100019
7615100021
7615100029
7615100030
7615100090
7615200010
7615200090
7616102000
7616109000
7616910010
7616910090
7616991000
7616992000
7616993000
7616994000
7616996000
7616999010
7616999020
7616999030
7616999040
7616999080
7907009010
7907009020
7907009090
8003001000
8003009010
8003009090
8007000010
8007000020
8007000030
8007000041
8007000049
8007000060
8007000090
8201101000
8201102000
8201109000
8201300011
8201300019
8201300090
8201400000
8201901000
8201902000
8201909010
8201909090
8202201000
8202209000
8202910010
8202910091
8202910099
8205200000
8205591000
8211100000
8211910010
8211910020
8211910030
8211920010
8211920020
8211920030
8211930010
8211930020
8211930030
8211930040
8211940010
8211940090
8211950010
8211950020
8211950090
8214101010
8214101020
8214101090
8214109100
8214109200
8214109900
8214201000
8214202000
8214209000
8214901010
8214901020
8214901090
8214909100
8214909200
8214909910
8214909990
8215100000
8215200000
8215910011
8215910012
8215910019
8215910020
8215910091
8215910092
8215910099
8215990011
8215990019
8215990020
8215990091
8215990092
8215990099
8301200010
8301200090
8301300011
8301300019
8301300091
8301300099
8301400011
8301400019
8301400091
8301400092
8301400099
8301500000
8301600000
8301700000
8302101000
8302109000
8302301100
8302301900
8302309000
8302411100
8302411900
8302419100
8302419200
8302419900
8302421100
8302421900
8302429100
8302429900
8302491000
8302492100
8302492900
8302493000
8302495000
8302499100
8302499200
8302499800
8302500000
8302600000
8303000010
8303000020
8303000090
8304001011
8304001019
8304001020
8304001090
8304002000
8304009100
8304009200
8304009900
8305100000
--- Page 62 (parsed text) --Circulaire n°6146/222 du 18 janvier 2021
23
8305201000
8305209100
8305209200
8305209900
8305900000
8306101000
8306109010
8306109090
8306210000
8306290011
8306290012
8306290013
8306290019
8306290020
8306290031
8306290039
8306290090
8306300000
8307100010
8307100020
8307100030
8307100090
8307900010
8307900090
8309100000
8309900011
8309900015
8309900017
8309900020
8309900030
8309900041
8309900049
8309900050
8309900091
8309900099
8310001000
8310002000
8310003000
8310009010
8310009090
8311100000
8311200010
8311200090
8311300010
8311300090
8311901100
8311901900
8311909010
8311909091
8311909099
8402129100
8402129900
8402199100
8402199910
8402199920
8402199930
8402199990
8402200000
8403100010
8403100090
8403900010
8403900090
8407311000
8407312000
8407318000
8407321000
8407329000
8408201000
8408202100
8408202900
8408209000
8409912100
8409913010
8409913020
8409913090
8409914100
8409915000
8409992100
8409992900
8409993010
8409993090
8409995000
8413701200
8413702100
8413702911
8413702919
8413703000
8413704000
8413705100
8413705900
8413709100
8413709200
8413709300
8413709800
8414511100
8414591000
8414601000
8417209000
8418100011 (1)
8418100019 (1)
8418100030 (1)
8418100090 (1)
8418210010 (1)
8418210092 (1)
8418210093 (1)
8418210094 (1)
8418210099 (1)
8418291010 (1)
8418291091 (1)
8418291099 (1)
8418299010 (1)
8418299090 (1)
8418300011
8418300019
8418300030
8418300090
8418400011
8418400019
8418400030
8418400090
8418502000
8418508011
8418508017
8418508040
8418508090
8418910010
8418910090
8419111100
8419111900
8419119000
8419191100
8419191900
8419199100
8419199900
8419812000
8419901010
8419901090
8419902000
8421231000
8421239000
8421291000
8421310000
8421391000
8421992100
8421999100
8421999900
8424100000
8426111100
8426111900
8428339000
8431391500
8431411900
8431419000
8431420000
8431492100
8431492300
8431492400
8431494000
8431499010
8431499020
8431499080
8432101000
8432109010
8432109020
8432109090
8432901000
8432909010
8432909020
8432909030
8432909090
8438101000
8450111000 (1)
8450119000
8450121010 (1)
8450121090 (1)
8450129000
8450191010 (1)
8450191090 (1)
8450199000
8474311100
--- Page 63 (parsed text) --Circulaire n°6146/222 du 18 janvier 2021
24
8474901000
8474909100
8474909800
8479892000
8481101000
8481109100
8481109910
8481109990
8481200000
8481300000
8481400000
8481801000
8481802000
8481803010
8481803090
8481804010
8481804020
8481804090
8481809020
8481809081
8481809089
8481901000
8481902000
8481903000
8481904000
8481905000
8481906000
8481909000
8483101100
8483102100
8483500000
8483601000
8483900000
8484100000
8484200000
8484900000
8486907000
8487901000
8487909200
8487909810
8487909820
8487909831
8487909839
8487909850
8487909890
8502110010
8502110091
8502110099
8504101000
8504109100
8504109800
8504218900
8504219900
8504222100
8504222900
8504229900
8504238100
8504238900
8504239900
8504311000
8504319300
8504319800
8504321000
8504329200
8504329800
8504339100
8504339900
8504348100
8504348900
8504349900
8504401000
8504409910
8504409920
8504409930
8504409940
8504409950
8504409980
8504500000
8506100010
8506100090
8506300010
8506300090
8506400010
8506400090
8506501100
8506501900
8506509000
8506600010
8506600090
8506801100
8506801900
8506802000
8506809010
8506809020
8506809030
8506809090
8506909000
8507100010
8507100090
8507200000
8507301000
8507309000
8507401000
8507409000
8507501000
8507509000
8507601000
8507609000
8507800500
8507802000
8507809800
8516101000
8516210000
8516290000
8516600000 (1)
8516800000
8516901000
8516909000
8529102300
8535100010
8535100090
8535210010
8535210040
8535210092
8535210098
8535290010
8535290090
8535301010
8535301091
8535301099
8535309010
8535309040
8535309050
8535309092
8535309098
8535901000
8535909010
8535909021
8535909023
8535909025
8535909029
8535909091
8535909099
8536101100
8536101900
8536109010
8536109091
8536109099
8536201000
8536209010
8536209090
8536301100
8536301900
8536309010
8536309090
8536500500
8536501300
8536501900
8536509011
8536509012
8536509017
8536509080
8536611000
8536619010
8536619090
8536691000
8536699010
8536699090
8536702000
8536709000
8536901000
8536903000
8536909011
8536909013
8536909015
8536909017
8536909019
8536909021
8536909029
8536909030
--- Page 64 (parsed text) --Circulaire n°6146/222 du 18 janvier 2021
25
8536909091
8536909092
8536909093
8536909097
8537101100
8537101910
8537101990
8537103000
8537109000
8537200010
8537200090
8538100000
8538901000
8538902000
8538909110
8538909190
8538909911
8538909913
8538909917
8538909930
8538909991
8538909999
8544111000
8544119000
8544191000
8544199000
8544201000
8544202100
8544202900
8544209000
8544421011
8544421019
8544421021
8544421029
8544421091
8544421099
8544429011
8544429019
8544429021
8544429029
8544429091
8544429099
8544491011
8544491019
8544491021
8544491029
8544491030
8544491040
8544491051
8544491059
8544491061
8544491069
8544491090
8544499011
8544499019
8544499021
8544499029
8544499030
8544499040
8544499051
8544499059
8544499061
8544499069
8544499090
8544601100
8544601900
8544602100
8544602900
8544603100
8544603900
8544604000
8544605000
8544606100
8544606900
8544607100
8544607900
8544609000
8605000011
8605000019
8605000090
8606100010
8606100090
8606910019
8606910099
8606920010
8606920090
8606990010
8701209011
8606990020
8606990091
8606990099
8701209091
8701209099
8704229100 (1)
8701944011
8701954011
8702109310
8702109390
8702109510
8702109711
8702109791
8702209110
8702209190
8702209210
8702209911
8702209991
8702309110
8702309190
8702309210
8702309911
8702309991
8702902310
8702902390
8702902410
8702902811
8702902891
8702908000
8703101011
8703101013
8703101015
8703101019
8703101090
8703102010
8703102090
8703103100
8703103900
8703104100
8703104900
8703105100
8703105900
8703106100
8703106900
8703108100
8703108900
8703109000
8703212000
8703213100
8703213900
8703222000
8703223100
8703223900
8703232000
8703233100
8703233900
8703235300
8703235800
8703238300
8703238800
8703241010
8703241090
8703242000
8703243100
8703243900
8703248300
8703248800
8703312000
8703313100
8703313900
8703322000
8703323100
8703323900
8703328310
8703328390
8703328810
8703328890
8703331000
8703332000
8703333100
8703333900
8703338310
8703338390
8703338810
8703338890
8703401010
8703401020
8703401030
8703401090
8703409000
8703501010
8703501020
--- Page 65 (parsed text) --Circulaire n°6146/222 du 18 janvier 2021
26
8703501090
8703509000
8703601010
8703601020
8703601030
8703601090
8703609000
8703701010
8703701020
8703701090
8703709000
8703902000
8703903010
8703903090
8703908000
8704219911
8704219919
8704219922
8704219924
8704219926
8704219928
8704219931
8704219939
8704219940
8704219952
8704219954
8704219956
8704219958
8704219971
8704219980
8704219992
8704219996
8704229911 (1)
8704229919
8704229921
8704229930
8704229941
8704229951
8704229960
8704229991
8704232000
8704238010
8704238021
8704238029
8704238030
8704238041
8704238049
8704238051
8704238059
8704238060
8704238091
8704238099
8704319011
8704319019
8704319021
8704319029
8704319031
8704319040
8704319052
8704319054
8704319056
8704319071
8704319080
8704319092
8704319096
8704329011
8704329019
8704329021
8704329030
8704329041
8704329051
8704329060
8704329091
8704909911
8704909919
8704909990
8705101010
8705109010
8705909811
8705909821
8705909892
8706000010
8706000021
8706000029
8706000031
8706000039
8706000041
8706000049
8706000051
8706000059
8706000061
8706000069
8706000090
8707100000
8707900010
8707900021
8707900029
8707900030
8707900041
8707900049
8707900050
8707900090
8708100000
8708210000
8708291000
8708298100
8708298900
8708301000
8708309091
8708800011
8708800021
8708800032
8708800039
8708911020
8708911080
8708919000
8708921000
8708931000
8708939200
8708949021
8708949029
8708991000
8708992010
8708992090
8708993000
8708994000
8711101100 (1)
8711101300
8711101900
8711102100
8711102900
8711109100
8711109300
8711109900
8711201000
8711202100
8711202900
8711208000
8711301000
8711302100
8711302900
8711308000
8711401000
8711402100
8711402900
8711408000
8711501000
8711502100
8711502900
8711508000
8711600000
8711901000
8711909000
8712001000
8712009011 (1)
8712009019 (1)
8712009090 (1)
8714101010
8714101090
8714109011
8714109012
8714109013
8714109014
8714109019
8714109091
8714109092
8714109093
8714109094
8714109095
8714109096
8714109099
8714910011
8714910019
8714910090
8714920011
8714920019
8714920091
8714920099
8714930011
8714930019
--- Page 66 (parsed text) --Circulaire n°6146/222 du 18 janvier 2021
27
8714930090
8714940011
8714940019
8714940090
8714950011
8714950019
8714950090
8714960011
8714960019
8714960090
8714990003
8714990011
8714990019
8714990091
8714990092
8714990099
8715000000
8716101900
8716109000
8716201900
8716209010
8716209090
8716311900
8716312000 (1)
8716319100
8716319810
8716392900
8716393010
8716397020
8716401900
8716409010
8716409020
8716409031
8716409039
8716409092
8716409098
8716801010
8716801090
8716809100
8716809200
8716809910
8716809990
8716901000
8716909000
9003110000
9003191000
9003192000
9003199000
9004101000
9004102000
9004109010
9004109090
9004901000
9004909100
9004909300
9004909900
9021210010
9021210090
9021391000
9028100000
9028201011
9028201019
9028201090
9028209100
9028209900
9028301011
9028301019
9028301090
9028309000
9028909000
9401100000
9401200000
9401300011
9401300019
9401300091
9401300099
9401400010
9401400090
9401520000
9401530000
9401590000
9401610000
9401690011
9401690019
9401690021
9401690029
9401690090
9401710000
9401790000
9401800010
9401800021
9401800029
9401800030
9401800090
9401900010
9401900092
9401900093
9401900098
9402900011
9402900019
9402900090
9403100010
9403100021
9403100023
9403100029
9403100031
9403100039
9403100091
9403100092
9403100093
9403100099
9403201100
9403201900
9403209010
9403209020
9403209090
9403300010
9403300020
9403300090
9403400010
9403400020
9403400090
9403500010
9403500020
9403500090
9403600010
9403600021
9403600023
9403600029
9403600031
9403600033
9403600039
9403600090
9403700000
9403820000
9403830000
9403890010
9403890021
9403890029
9403890030
9403890040
9403890080
9403900010
9403900020
9403900090
9404100010
9404100090
9404210010
9404210090
9404290010
9404290090
9404300010
9404300091
9404300099
9404901010
9404901090
9404902000
9404909110
9404909190
9404909210
9404909290
9404909910
9404909990
9405100500
9405100910
9405100990
9405101100
9405101300
9405101900
9405102010
9405102090
9405103100
9405103200
9405103900
9405104100
9405104900
9405105010
9405105090
9405109000
9405201100
--- Page 67 (parsed text) --Circulaire n°6146/222 du 18 janvier 2021
28
9405201300
9405201910
9405201990
9405202000
9405203100
9405203200
9405203900
9405204100
9405204900
9405205010
9405205090
9405209000
9405300010
9405300090
9405400500
9405400900
9405401300
9405401700
9405402100
9405402200
9405402900
9405403010
9405403090
9405404100
9405404200
9405404300
9405404400
9405404900
9405405100
9405405900
9405406010
9405406090
9405409000
9405501100
9405501300
9405501900
9405502000
9405503110
9405503190
9405503911
9405503919
9405503991
9405503999
9405504100
9405504200
9405504900
9405505100
9405505900
9405506000
9405509000
9405601100
9405601300
9405601900
9405602100
9405602200
9405602300
9405602910
9405602990
9405603100
9405603200
9405603900
9405604100
9405604900
9405605010
9405605090
9405606000
9405609000
9405918011
9405918019
9405918091
9405918092
9405918093
9405918099
9405929000
9405992100
9405992200
9405992300
9405992910
9405992990
9405993100
9405993900
9405994000
9405995100
9405995900
9405996100
9405996900
9405997100
9405997900
9405999100
9405999200
9405999300
9405999410
9405999490
9405999900
9406101000
9406109000
9406901000
9406902000
9406903000
9406909100
9406909200
9406909900
9504400000
9603100000
9603210000
EX 9603291000 (*)
9603299010
9603299090
9603300000
9603400000
9603501000
9603509010
9603509090
9603901000
9603902000
9603909011
9603909019
9603909091
9603909093
9603909099
9604000000
9607200090
9608101000
9608109000
9608201000
9608209000
9608301010
9608301090
9608309010
9608309090
9608401000
9608409000
9608500000
9608600000
9608911000
9608912100
9608912900
9608919100
9608919900
9608991000
9608999010
9608999090
9609100000
9609200000
9609900010
9609900020
9609900030
9609900040
9610000010
9610000090
9611000000
9615110000
9615190000
9615900000
9616100010
9616100090
9616200000
9619001011
9619001012
9619001090
9619003110
9619003900
9620000011
9620000092
9620000093
(1) Le bénéfice du démantèlement tarifaire ne profite pas aux produits usagés,
(*) Le démantèlement est opéré sur tous les extraits de la position.