--- Page 1 (parsed text) --Rabat, le 30 décembre 2021
CIRCULAIRE N° 6260/232
OBJET: Amendements du Système harmonisé (SH) et rationalisation du tarif du droit
d’importation.
Le service est informé que des modifications ont été apportées à la nomenclature du tarif du
droit d’importation. Ces réaménagements découlent d’une part, de l’implémentation des
amendements du Système harmonisé 2022, conformément aux recommandations de
l’Organisation Mondiale des Douanes (OMD) et, d’autre part, de la poursuite de la deuxième
phase de rationalisation du tarif national, initié dans l’objectif de simplifier la nomenclature
douanière et d’améliorer sa lisibilité et sa cohérence.
Ces modifications ont nécessité l’actualisation de tous les instruments en rapport avec ladite
nomenclature, y compris le tarif intégré.
Il est à signaler que les modifications consécutives aux amendements sont signalées en couleur
bleue, alors que celles liées aux travaux de rationalisation sont reprises en couleur rouge. Ces
modifications n’entraînent pas de changement de la fiscalité, de la réglementation du CCEC et
des autres législations et réglementations applicables aux marchandises.
Afin d’être au fait des réaménagements apportés au tarif du droit d’importation, qui entre en
application à partir du 1er janvier 2022, le service trouvera, ci‐joint en annexe, une table de
concordance reprenant les codifications concernées; étant précisé que cette table, qui constitue
un outil de travail, n’est donnée qu’à titre indicatif.
La nouvelle version du tarif du droit d’importation, qui ne fera pas l’objet d’une édition papier,
sera disponible en version numérique sur les sites intranet/internet de l’administration.
Toute difficulté d'application sera portée à la connaissance de l'Administration Centrale sous le
timbre de la présente.
SGIA/Diffusion/30-12-21/14h40
[Note: 3 image(s) found on this page. ]
--- Page 2 (parsed text) --Table de concordance 2017-2022
Codification 2017
Codification 2022
0208. 90. 00. 98
0208. 90. 00. 96
Ex0410. 10. 00. 00
0210. 99. 90. 80
0210. 99. 90. 70
Ex0410. 10. 00. 00
0301. 99. 90. 01
Ex0301. 99. 80. 90
0301. 99. 90. 11
0301. 99. 80. 10
Ex0301. 99. 80. 90
0301. 99. 90. 16
0301. 99. 80. 20
0301. 99. 90. 21
0301. 99. 80. 30
0301. 99. 90. 25
Ex0301. 99. 80. 90
0301. 99. 90. 31
Ex0301. 99. 80. 90
0301. 99. 90. 35
Ex0301. 99. 80. 90
0301. 99. 90. 41
Ex0301. 99. 80. 90
0301. 99. 90. 45
0301. 99. 80. 40
0301. 99. 90. 51
0301. 99. 80. 50
0301. 99. 90. 55
0301. 99. 80. 60
0301. 99. 90. 90
Ex0301. 99. 80. 90
0302. 19. 00. 20
Ex0302. 19. 00. 00
0302. 19. 00. 80
Ex0302. 19. 00. 00
0302. 43. 00. 11
Ex0302. 43. 00. 10
0302. 43. 00. 13
Ex0302. 43. 00. 10
0302. 43. 00. 19
Ex0302. 43. 00. 10
0302. 43. 00. 80
0302. 43. 00. 20
0302. 43. 00. 30
0302. 89. 00. 92
Ex0302. 89. 00. 90
0302. 89. 00. 98
Ex0302. 89. 00. 90
0303. 19. 00. 20
Ex0303. 19. 00. 00
0303. 19. 00. 80
Ex0303. 19. 00. 00
0303. 26. 00. 20
Ex0303. 26. 00. 00
0303. 26. 00. 80
Ex0303. 26. 00. 00
0303. 53. 00. 11
Ex0303. 53. 00. 10
0303. 53. 00. 15
Ex0303. 53. 00. 10
0303. 53. 00. 19
Ex0303. 53. 00. 10
0303. 53. 00. 80
0303. 53. 00. 20
0303. 53. 00. 30
0303. 89. 00. 92
Ex0303. 89. 00. 97
0303. 89. 00. 98
0303. 89. 00. 91
0303. 89. 00. 93
Ex0303. 89. 00. 97
0304. 49. 00. 11
Ex0304. 49. 00. 10
0304. 49. 00. 12
Ex0304. 49. 00. 10
0304. 49. 00. 17
Ex0304. 49. 00. 10
0304. 49. 00. 91
Ex0304. 49. 00. 98
0304. 49. 00. 97
Ex0304. 49. 00. 98
0304. 59. 00. 12
Ex0304. 59. 00. 10
0304. 59. 00. 13
Ex0304. 59. 00. 10
0304. 59. 00. 17
Ex0304. 59. 00. 10
0304. 59. 00. 21
Ex0304. 59. 00. 80
Page 1
--- Page 3 (parsed text) --Table de concordance 2017-2022
Codification 2017
Codification 2022
0304. 59. 00. 22
Ex0304. 59. 00. 80
0304. 59. 00. 23
Ex0304. 59. 00. 80
0304. 59. 00. 24
Ex0304. 59. 00. 80
0304. 59. 00. 25
Ex0304. 59. 00. 80
0304. 59. 00. 26
Ex0304. 59. 00. 80
0304. 59. 00. 28
Ex0304. 59. 00. 80
0304. 59. 00. 29
Ex0304. 59. 00. 80
0304. 59. 00. 31
Ex0304. 59. 00. 80
0304. 59. 00. 32
Ex0304. 59. 00. 80
0304. 59. 00. 90
Ex0304. 59. 00. 80
0304. 89. 00. 11
Ex0304. 89. 00. 10
0304. 89. 00. 12
Ex0304. 89. 00. 10
0304. 89. 00. 17
Ex0304. 89. 00. 10
0304. 99. 00. 12
0304. 99. 00. 14
Ex0304. 99. 00. 18
0304. 99. 00. 13
Ex0304. 99. 00. 18
0304. 99. 00. 19
Ex0304. 99. 00. 18
0304. 99. 00. 21
Ex0304. 99. 00. 99
0304. 99. 00. 22
0304. 99. 00. 91
Ex0304. 99. 00. 99
0304. 99. 00. 23
0304. 99. 00. 92
0304. 99. 00. 24
Ex0304. 99. 00. 93
0304. 99. 00. 25
Ex0304. 99. 00. 93
0304. 99. 00. 26
Ex0304. 99. 00. 93
0304. 99. 00. 28
Ex0304. 99. 00. 99
0304. 99. 00. 29
Ex0304. 99. 00. 99
0304. 99. 00. 32
0304. 99. 00. 94
0304. 99. 00. 33
0304. 99. 00. 95
0304. 99. 00. 90
Ex0304. 99. 00. 99
0305. 10. 00. 00
0309. 10. 00. 00
0305. 39. 00. 10
Ex0305. 39. 00. 00
0305. 39. 00. 20
Ex0305. 39. 00. 00
0305. 39. 00. 30
Ex0305. 39. 00. 00
0305. 39. 00. 80
Ex0305. 39. 00. 00
0305. 54. 00. 10
Ex0305. 54. 00. 80
0305. 54. 00. 20
Ex0305. 54. 00. 80
0305. 54. 00. 90
Ex0305. 54. 00. 80
0305. 59. 00. 20
Ex0305. 59. 00. 80
0305. 59. 00. 60
Ex0305. 59. 00. 80
0305. 59. 00. 70
Ex0305. 59. 00. 80
0305. 59. 00. 85
Ex0305. 59. 00. 80
0305. 69. 00. 12
Ex0305. 69. 00. 18
0305. 69. 00. 17
Ex0305. 69. 00. 18
0305. 69. 00. 93
Ex0305. 69. 00. 80
0305. 69. 00. 95
Ex0305. 69. 00. 80
0305. 69. 00. 98
Ex0305. 69. 00. 80
0306. 11. 00. 05
0306. 11. 10. 00
0306. 11. 00. 10
Ex0306. 11. 90. 00
Page 2
--- Page 4 (parsed text) --Table de concordance 2017-2022
Codification 2017
Codification 2022
0306. 11. 00. 90
Ex0306. 11. 90. 00
0306. 12. 00. 05
0306. 12. 10. 00
0306. 12. 00. 10
Ex0306. 12. 90. 00
0306. 12. 00. 90
Ex0306. 12. 90. 00
0306. 19. 00. 20
Ex0306. 19. 00. 90
Ex0309. 90. 00. 00
0306. 19. 00. 93
Ex0306. 19. 00. 90
Ex0309. 90. 00. 00
0306. 19. 00. 97
Ex0306. 19. 00. 90
Ex0309. 90. 00. 00
0306. 31. 00. 10
Ex0306. 31. 00. 00
0306. 31. 00. 90
Ex0306. 31. 00. 00
0306. 32. 00. 10
Ex0306. 32. 00. 00
0306. 32. 00. 91
Ex0306. 32. 00. 00
0306. 32. 00. 99
Ex0306. 32. 00. 00
0306. 35. 00. 11
Ex0306. 35. 00. 10
0306. 35. 00. 12
Ex0306. 35. 00. 10
0306. 35. 00. 19
Ex0306. 35. 00. 10
0306. 39. 00. 10
Ex0306. 39. 00. 00
Ex0309. 90. 00. 00
0306. 39. 00. 91
Ex0306. 39. 00. 00
Ex0309. 90. 00. 00
0306. 39. 00. 99
Ex0306. 39. 00. 00
Ex0309. 90. 00. 00
0306. 91. 00. 91
Ex0306. 91. 00. 90
0306. 91. 00. 99
Ex0306. 91. 00. 90
0306. 92. 00. 91
Ex0306. 92. 00. 90
0306. 92. 00. 99
Ex0306. 92. 00. 90
0306. 95. 00. 21
Ex0306. 95. 00. 80
0306. 95. 00. 22
Ex0306. 95. 00. 80
0306. 95. 00. 29
Ex0306. 95. 00. 80
0306. 95. 00. 30
Ex0306. 95. 00. 80
0306. 95. 00. 90
Ex0306. 95. 00. 80
0306. 99. 00. 20
Ex0306. 99. 00. 90
Ex0309. 90. 00. 00
0306. 99. 00. 91
Ex0306. 99. 00. 90
Ex0309. 90. 00. 00
0306. 99. 00. 99
Ex0306. 99. 00. 90
Ex0309. 90. 00. 00
0307. 21. 00. 00
Ex0307. 21. 00. 00
0307. 22. 00. 10
Ex0307. 22. 00. 20
0307. 22. 00. 90
Ex0307. 22. 00. 80
0307. 29. 00. 20
Ex0307. 29. 00. 30
0307. 29. 00. 80
Ex0307. 29. 00. 70
0307. 42. 00. 31
Ex0307. 42. 00. 30
0307. 42. 00. 39
Ex0307. 42. 00. 30
0307. 43. 90. 31
Ex0307. 43. 90. 30
0307. 43. 90. 39
Ex0307. 43. 90. 30
Page 3
--- Page 5 (parsed text) --Table de concordance 2017-2022
Codification 2017
Codification 2022
0307. 49. 90. 31
Ex0307. 49. 90. 30
0307. 49. 90. 39
Ex0307. 49. 90. 30
0307. 91. 00. 20
Ex0307. 21. 00. 00
0307. 91. 00. 30
0307. 91. 00. 80
Ex0307. 21. 00. 00
0307. 91. 00. 70
Ex0309. 90. 00. 00
0307. 92. 00. 10
Ex0307. 22. 00. 20
0307. 92. 00. 30
0307. 92. 00. 90
Ex0307. 22. 00. 80
0307. 92. 00. 70
Ex0309. 90. 00. 00
0307. 99. 00. 30
Ex0307. 29. 00. 30
0307. 99. 00. 40
0307. 99. 00. 70
Ex0307. 29. 00. 70
0307. 99. 00. 80
Ex0309. 90. 00. 00
0308. 11. 00. 10
Ex0308. 11. 00. 00
0308. 11. 00. 90
Ex0308. 11. 00. 00
0308. 21. 00. 10
Ex0308. 21. 00. 00
0308. 21. 00. 90
Ex0308. 21. 00. 00
0308. 90. 00. 90
0308. 90. 00. 80
Ex0309. 90. 00. 00
0403. 10. 10. 00
0403. 20. 10. 00
0403. 10. 20. 00
0403. 20. 20. 00
0403. 10. 31. 10
0403. 20. 31. 10
0403. 10. 31. 90
0403. 20. 31. 90
0403. 10. 39. 00
0403. 20. 39. 00
0403. 10. 40. 00
0403. 20. 40. 00
0403. 10. 50. 00
0403. 20. 50. 00
0403. 10. 60. 00
0403. 20. 60. 00
0403. 10. 90. 00
0403. 20. 90. 00
0410. 00. 00. 00
Ex0410. 10. 00. 00
0410. 90. 00. 00
1601. 00. 91. 20
1601. 00. 99. 20
1602. 10. 00. 10
Ex1602. 90. 00. 89
0704. 10. 00. 10
Ex0704. 10. 00. 20
0704. 10. 00. 90
Ex0704. 10. 00. 80
0704. 90. 00. 00
Ex0704. 10. 00. 20
Ex0704. 10. 00. 80
0704. 90. 00. 00
0709. 59. 00. 10
0709. 51. 00. 00
0709. 59. 00. 20
0709. 52. 00. 00
0709. 53. 00. 00
0709. 59. 00. 31
Ex0709. 56. 00. 00
0709. 59. 00. 39
Ex0709. 56. 00. 00
Page 4
--- Page 6 (parsed text) --Table de concordance 2017-2022
Codification 2017
Codification 2022
0709. 59. 00. 90
0709. 54. 00. 00
0709. 55. 00. 00
0709. 59. 00. 00
0712. 39. 00. 90
0712. 34. 00. 00
0712. 39. 00. 80
0802. 90. 00. 10
0802. 99. 00. 10
0802. 90. 00. 85
0802. 91. 00. 00
0802. 92. 00. 00
0802. 99. 00. 90
1211. 90. 90. 80
1211. 60. 00. 00
1211. 90. 90. 85
1509. 10. 00. 10
Ex1509. 20. 00. 00
Ex1509. 30. 00. 00
Ex1509. 40. 00. 00
1509. 10. 00. 90
Ex1509. 20. 00. 00
Ex1509. 30. 00. 00
Ex1509. 40. 00. 00
1510. 00. 00. 10
1510. 10. 00. 10
1510. 90. 00. 10
1510. 00. 00. 90
1510. 10. 00. 90
1510. 90. 00. 90
1515. 90. 91. 00
1515. 60. 10. 00
1515. 90. 92. 00
1515. 90. 99. 00
1515. 60. 90. 00
1515. 90. 98. 00
1516. 20. 10. 90
Ex1516. 30. 00. 00
1516. 20. 10. 80
1516. 20. 20. 00
Ex1516. 30. 00. 00
1516. 20. 25. 00
1516. 20. 31. 90
Ex1516. 30. 00. 00
1516. 20. 31. 80
1516. 20. 39. 00
Ex1516. 30. 00. 00
1516. 20. 38. 00
1516. 20. 99. 00
Ex1516. 30. 00. 00
1516. 20. 98. 00
1601. 00. 91. 90
1601. 00. 91. 80
1601. 00. 99. 90
1601. 00. 99. 80
1602. 10. 00. 00
1602. 10. 00. 90
1701. 12. 00. 10
Ex1701. 12. 00. 00
1701. 12. 00. 90
Ex1701. 12. 00. 00
1701. 13. 00. 10
Ex1701. 13. 00. 00
1701. 13. 00. 90
Ex1701. 13. 00. 00
1701. 91. 10. 11
Ex1701. 91. 10. 00
1701. 91. 10. 12
Ex1701. 91. 10. 00
1701. 91. 10. 19
Ex1701. 91. 10. 00
1701. 91. 10. 91
Ex1701. 91. 10. 00
1701. 91. 10. 92
Ex1701. 91. 10. 00
1701. 91. 10. 99
Ex1701. 91. 10. 00
Page 5
--- Page 7 (parsed text) --Table de concordance 2017-2022
Codification 2017
Codification 2022
1701. 91. 20. 11
Ex1701. 91. 20. 00
1701. 91. 20. 12
Ex1701. 91. 20. 00
1701. 91. 20. 19
Ex1701. 91. 20. 00
1701. 91. 20. 91
Ex1701. 91. 20. 00
1701. 91. 20. 92
Ex1701. 91. 20. 00
1701. 91. 20. 99
Ex1701. 91. 20. 00
1701. 91. 90. 11
Ex1701. 91. 90. 00
1701. 91. 90. 12
Ex1701. 91. 90. 00
1701. 91. 90. 19
Ex1701. 91. 90. 00
1701. 91. 90. 91
Ex1701. 91. 90. 00
1701. 91. 90. 92
Ex1701. 91. 90. 00
1701. 91. 90. 99
Ex1701. 91. 90. 00
1701. 99. 10. 11
Ex1701. 99. 10. 00
1701. 99. 10. 19
Ex1701. 99. 10. 00
1701. 99. 91. 91
Ex1701. 99. 91. 90
1701. 99. 91. 99
Ex1701. 99. 91. 90
1701. 99. 92. 91
Ex1701. 99. 92. 90
1701. 99. 92. 99
Ex1701. 99. 92. 90
1702. 20. 11. 00
Ex1702. 20. 00. 90
1702. 20. 19. 00
Ex1702. 20. 00. 90
1702. 20. 90. 10
1702. 20. 00. 10
1702. 20. 90. 90
Ex1702. 20. 00. 90
1702. 30. 19. 11
Ex1702. 30. 19. 00
1702. 30. 19. 19
Ex1702. 30. 19. 00
1702. 30. 19. 91
Ex1702. 30. 19. 00
1702. 30. 19. 99
Ex1702. 30. 19. 00
1702. 40. 11. 10
Ex1702. 40. 11. 00
1702. 40. 11. 90
Ex1702. 40. 11. 00
1702. 40. 19. 10
Ex1702. 40. 19. 00
1702. 40. 19. 90
Ex1702. 40. 19. 00
1702. 60. 11. 00
Ex1702. 60. 10. 00
1702. 60. 19. 00
Ex1702. 60. 10. 00
1702. 90. 28. 11
Ex1702. 90. 28. 00
1702. 90. 28. 19
Ex1702. 90. 28. 00
1702. 90. 28. 20
Ex1702. 90. 28. 00
1702. 90. 28. 30
Ex1702. 90. 28. 00
1702. 90. 28. 90
Ex1702. 90. 28. 00
1702. 90. 98. 31
Ex1702. 90. 98. 30
1702. 90. 98. 39
Ex1702. 90. 98. 30
1702. 90. 98. 50
Ex1702. 90. 98. 98
1702. 90. 98. 99
Ex1702. 90. 98. 98
1703. 10. 00. 10
Ex1703. 10. 90. 00
1703. 10. 00. 20
Ex1703. 10. 90. 00
1703. 10. 00. 91
Ex1703. 10. 90. 00
1703. 10. 00. 92
1703. 10. 10. 00
1703. 10. 00. 99
Ex1703. 10. 90. 00
1703. 90. 00. 10
Ex1703. 90. 90. 00
1703. 90. 00. 20
Ex1703. 90. 90. 00
Page 6
--- Page 8 (parsed text) --Table de concordance 2017-2022
Codification 2017
Codification 2022
1703. 90. 00. 91
Ex1703. 90. 90. 00
1703. 90. 00. 92
1703. 90. 10. 00
1703. 90. 00. 99
Ex1703. 90. 90. 00
1704. 90. 10. 10
Ex1704. 90. 10. 30
1704. 90. 10. 20
Ex1704. 90. 10. 30
1704. 90. 20. 10
Ex1704. 90. 20. 30
1704. 90. 20. 20
Ex1704. 90. 20. 30
1704. 90. 91. 00
Ex1704. 90. 93. 00
1704. 90. 92. 00
Ex1704. 90. 93. 00
1704. 90. 99. 91
Ex1602. 90. 00. 89
1704. 90. 99. 92
Ex3006. 93. 10. 10
1704. 90. 99. 99
Ex1602. 90. 00. 89
1704. 90. 99. 98
Ex3006. 93. 10. 10
1806. 10. 10. 10
Ex1806. 10. 10. 00
1806. 10. 10. 90
Ex1806. 10. 10. 00
1806. 10. 20. 10
Ex1806. 10. 20. 00
1806. 10. 20. 90
Ex1806. 10. 20. 00
1806. 10. 30. 10
Ex1806. 10. 30. 00
1806. 10. 30. 90
Ex1806. 10. 30. 00
1806. 10. 40. 11
Ex1806. 10. 40. 10
1806. 10. 40. 19
Ex1806. 10. 40. 10
1806. 10. 40. 91
Ex1806. 10. 40. 90
1806. 10. 40. 99
Ex1806. 10. 40. 90
1806. 31. 00. 10
1806. 31. 10. 00
Ex1806. 31. 20. 00
1806. 31. 00. 90
Ex1806. 31. 20. 00
1806. 32. 00. 11
Ex1806. 32. 10. 00
1806. 32. 00. 19
Ex1806. 32. 10. 00
1806. 32. 00. 20
1806. 32. 21. 00
Ex1806. 32. 22. 00
1806. 32. 00. 90
Ex1806. 32. 22. 00
1806. 90. 00. 61
Ex1806. 90. 00. 62
1806. 90. 00. 69
Ex1806. 90. 00. 62
1806. 90. 00. 68
1806. 90. 00. 71
Ex1602. 90. 00. 89
Ex1806. 90. 00. 81
1806. 90. 00. 79
Ex1602. 90. 00. 89
Ex1806. 90. 00. 81
Ex1806. 90. 00. 89
1806. 90. 00. 91
Ex1602. 90. 00. 89
Ex1806. 90. 00. 81
1806. 90. 00. 99
Ex1602. 90. 00. 89
Ex1806. 90. 00. 81
Ex1806. 90. 00. 89
1901. 90. 99. 98
0403. 20. 70. 00
Ex1602. 90. 00. 81
Page 7
--- Page 9 (parsed text) --Table de concordance 2017-2022
Codification 2017
Codification 2022
1901. 90. 99. 97
1904. 90. 00. 99
Ex1602. 90. 00. 81
1904. 90. 00. 97
2001. 90. 00. 10
2001. 90. 00. 11
2001. 90. 00. 19
2004. 90. 53. 11
Ex2004. 90. 53. 00
2004. 90. 53. 19
Ex2004. 90. 53. 00
2004. 90. 53. 91
Ex2004. 90. 53. 00
2004. 90. 53. 92
Ex2004. 90. 53. 00
2004. 90. 53. 93
Ex2004. 90. 53. 00
2004. 90. 53. 94
Ex2004. 90. 53. 00
2004. 90. 53. 95
Ex2004. 90. 53. 00
2004. 90. 53. 96
Ex2004. 90. 53. 00
2004. 90. 53. 97
Ex2004. 90. 53. 00
2004. 90. 53. 98
Ex2004. 90. 53. 00
2005. 70. 00. 00
2005. 70. 00. 21
2005. 70. 00. 22
2005. 70. 00. 23
2005. 70. 00. 29
2005. 70. 00. 81
2005. 70. 00. 82
2005. 70. 00. 83
2005. 70. 00. 89
2005. 99. 37. 00
2005. 99. 37. 20
2005. 99. 37. 80
2106. 90. 90. 99
1601. 00. 91. 30
1601. 00. 99. 30
1602. 10. 00. 20
Ex1602. 90. 00. 81
2106. 90. 90. 98
2404. 91. 00. 00
3006. 93. 10. 20
2202. 99. 00. 90
2202. 99. 00. 80
3006. 93. 10. 30
2203. 00. 10. 00
Ex2203. 00. 00. 90
2203. 00. 90. 10
2203. 00. 00. 10
2203. 00. 90. 90
Ex2203. 00. 00. 90
2204. 21. 00. 10
Ex2204. 21. 10. 10
Ex2204. 21. 10. 20
Ex2204. 21. 10. 30
Ex2204. 21. 10. 40
Ex2204. 21. 10. 50
Ex2204. 21. 20. 10
Ex2204. 21. 20. 20
Ex2204. 21. 20. 30
Ex2204. 21. 20. 40
Ex2204. 21. 20. 50
Ex2204. 21. 90. 10
Page 8
--- Page 10 (parsed text) --Table de concordance 2017-2022
Codification 2017
Codification 2022
Ex2204. 21. 90. 20
Ex2204. 21. 90. 30
Ex2204. 21. 90. 40
Ex2204. 21. 90. 50
2204. 21. 00. 20
Ex2204. 21. 10. 10
Ex2204. 21. 20. 10
Ex2204. 21. 90. 10
2204. 21. 00. 31
Ex2204. 21. 10. 20
Ex2204. 21. 20. 20
Ex2204. 21. 90. 20
2204. 21. 00. 39
Ex2204. 21. 10. 20
Ex2204. 21. 20. 20
Ex2204. 21. 90. 20
2204. 21. 00. 41
Ex2204. 21. 10. 30
Ex2204. 21. 20. 30
Ex2204. 21. 90. 30
2204. 21. 00. 49
Ex2204. 21. 10. 30
Ex2204. 21. 20. 30
Ex2204. 21. 90. 30
2204. 21. 00. 51
Ex2204. 21. 10. 40
Ex2204. 21. 20. 40
Ex2204. 21. 90. 40
2204. 21. 00. 59
Ex2204. 21. 10. 40
Ex2204. 21. 20. 40
Ex2204. 21. 90. 40
2204. 21. 00. 70
Ex2204. 21. 10. 50
Ex2204. 21. 20. 50
Ex2204. 21. 90. 50
2204. 21. 00. 91
Ex2204. 21. 10. 10
Ex2204. 21. 10. 20
Ex2204. 21. 10. 30
Ex2204. 21. 10. 40
Ex2204. 21. 10. 50
Ex2204. 21. 20. 10
Ex2204. 21. 20. 20
Ex2204. 21. 20. 30
Ex2204. 21. 20. 40
Ex2204. 21. 20. 50
Ex2204. 21. 90. 10
Ex2204. 21. 90. 20
Ex2204. 21. 90. 30
Ex2204. 21. 90. 40
Ex2204. 21. 90. 50
2204. 21. 00. 99
Ex2204. 21. 10. 10
Ex2204. 21. 10. 20
Ex2204. 21. 10. 30
Ex2204. 21. 10. 40
Ex2204. 21. 10. 50
Page 9
--- Page 11 (parsed text) --Table de concordance 2017-2022
Codification 2017
Codification 2022
Ex2204. 21. 20. 10
Ex2204. 21. 20. 20
Ex2204. 21. 20. 30
Ex2204. 21. 20. 40
Ex2204. 21. 20. 50
Ex2204. 21. 90. 10
Ex2204. 21. 90. 20
Ex2204. 21. 90. 30
Ex2204. 21. 90. 40
Ex2204. 21. 90. 50
2204. 22. 00. 10
Ex2204. 22. 10. 10
Ex2204. 22. 10. 20
Ex2204. 22. 10. 30
Ex2204. 22. 10. 40
Ex2204. 22. 10. 50
Ex2204. 22. 20. 10
Ex2204. 22. 20. 20
Ex2204. 22. 20. 30
Ex2204. 22. 20. 40
Ex2204. 22. 20. 50
Ex2204. 22. 90. 10
Ex2204. 22. 90. 20
Ex2204. 22. 90. 30
Ex2204. 22. 90. 40
Ex2204. 22. 90. 50
2204. 22. 00. 20
Ex2204. 22. 10. 10
Ex2204. 22. 20. 10
Ex2204. 22. 90. 10
2204. 22. 00. 31
Ex2204. 22. 10. 20
Ex2204. 22. 20. 20
Ex2204. 22. 90. 20
2204. 22. 00. 39
Ex2204. 22. 10. 20
Ex2204. 22. 20. 20
Ex2204. 22. 90. 20
2204. 22. 00. 41
Ex2204. 22. 10. 30
Ex2204. 22. 20. 30
Ex2204. 22. 90. 30
2204. 22. 00. 49
Ex2204. 22. 10. 30
Ex2204. 22. 20. 30
Ex2204. 22. 90. 30
2204. 22. 00. 51
Ex2204. 22. 10. 40
Ex2204. 22. 20. 40
Ex2204. 22. 90. 40
2204. 22. 00. 59
Ex2204. 22. 10. 40
Ex2204. 22. 20. 40
Ex2204. 22. 90. 40
2204. 22. 00. 70
Ex2204. 22. 10. 50
Ex2204. 22. 20. 50
Page 10
--- Page 12 (parsed text) --Table de concordance 2017-2022
Codification 2017
Codification 2022
Ex2204. 22. 90. 50
2204. 22. 00. 91
Ex2204. 22. 10. 10
Ex2204. 22. 10. 20
Ex2204. 22. 10. 30
Ex2204. 22. 10. 40
Ex2204. 22. 10. 50
Ex2204. 22. 20. 10
Ex2204. 22. 20. 20
Ex2204. 22. 20. 30
Ex2204. 22. 20. 40
Ex2204. 22. 20. 50
Ex2204. 22. 90. 10
Ex2204. 22. 90. 20
Ex2204. 22. 90. 30
Ex2204. 22. 90. 40
Ex2204. 22. 90. 50
2204. 22. 00. 99
Ex2204. 22. 10. 10
Ex2204. 22. 10. 20
Ex2204. 22. 10. 30
Ex2204. 22. 10. 40
Ex2204. 22. 10. 50
Ex2204. 22. 20. 10
Ex2204. 22. 20. 20
Ex2204. 22. 20. 30
Ex2204. 22. 20. 40
Ex2204. 22. 20. 50
Ex2204. 22. 90. 10
Ex2204. 22. 90. 20
Ex2204. 22. 90. 30
Ex2204. 22. 90. 40
Ex2204. 22. 90. 50
2204. 29. 00. 15
Ex2204. 29. 10. 10
Ex2204. 29. 10. 20
Ex2204. 29. 10. 30
Ex2204. 29. 10. 40
Ex2204. 29. 10. 50
Ex2204. 29. 20. 10
Ex2204. 29. 20. 20
Ex2204. 29. 20. 30
Ex2204. 29. 20. 40
Ex2204. 29. 20. 50
Ex2204. 29. 90. 10
Ex2204. 29. 90. 20
Ex2204. 29. 90. 30
Ex2204. 29. 90. 40
Ex2204. 29. 90. 50
2204. 29. 00. 25
Ex2204. 29. 10. 10
Ex2204. 29. 20. 10
Page 11
--- Page 13 (parsed text) --Table de concordance 2017-2022
Codification 2017
Codification 2022
Ex2204. 29. 90. 10
2204. 29. 00. 33
Ex2204. 29. 10. 20
Ex2204. 29. 20. 20
Ex2204. 29. 90. 20
2204. 29. 00. 37
Ex2204. 29. 10. 20
Ex2204. 29. 20. 20
Ex2204. 29. 90. 20
2204. 29. 00. 43
Ex2204. 29. 10. 30
Ex2204. 29. 20. 30
Ex2204. 29. 90. 30
2204. 29. 00. 47
Ex2204. 29. 10. 30
Ex2204. 29. 20. 30
Ex2204. 29. 90. 30
2204. 29. 00. 53
Ex2204. 29. 10. 40
Ex2204. 29. 20. 40
Ex2204. 29. 90. 40
2204. 29. 00. 57
Ex2204. 29. 10. 40
Ex2204. 29. 20. 40
Ex2204. 29. 90. 40
2204. 29. 00. 75
Ex2204. 29. 10. 50
Ex2204. 29. 20. 50
Ex2204. 29. 90. 50
2204. 29. 00. 93
Ex2204. 29. 10. 10
Ex2204. 29. 10. 20
Ex2204. 29. 10. 30
Ex2204. 29. 10. 40
Ex2204. 29. 10. 50
Ex2204. 29. 20. 10
Ex2204. 29. 20. 20
Ex2204. 29. 20. 30
Ex2204. 29. 20. 40
Ex2204. 29. 20. 50
Ex2204. 29. 90. 10
Ex2204. 29. 90. 20
Ex2204. 29. 90. 30
Ex2204. 29. 90. 40
Ex2204. 29. 90. 50
2204. 29. 00. 97
Ex2204. 29. 10. 10
Ex2204. 29. 10. 20
Ex2204. 29. 10. 30
Ex2204. 29. 10. 40
Ex2204. 29. 10. 50
Ex2204. 29. 20. 10
Ex2204. 29. 20. 20
Ex2204. 29. 20. 30
Ex2204. 29. 20. 40
Ex2204. 29. 20. 50
Ex2204. 29. 90. 10
Page 12
--- Page 14 (parsed text) --Table de concordance 2017-2022
Codification 2017
Codification 2022
Ex2204. 29. 90. 20
Ex2204. 29. 90. 30
Ex2204. 29. 90. 40
Ex2204. 29. 90. 50
2206. 00. 00. 10
Ex2206. 00. 00. 00
2206. 00. 00. 21
Ex2206. 00. 00. 00
2206. 00. 00. 29
Ex2206. 00. 00. 00
2206. 00. 00. 30
Ex2206. 00. 00. 00
2206. 00. 00. 91
Ex2206. 00. 00. 00
2206. 00. 00. 99
Ex2206. 00. 00. 00
2208. 20. 00. 10
2208. 20. 10. 10
2208. 20. 20. 10
2208. 20. 00. 90
2208. 20. 10. 90
2208. 20. 20. 90
2208. 50. 00. 11
2208. 50. 10. 10
2208. 50. 00. 19
2208. 50. 10. 90
2208. 50. 00. 21
Ex2208. 50. 20. 10
2208. 50. 00. 29
Ex2208. 50. 20. 10
2208. 50. 00. 91
Ex2208. 50. 20. 90
2208. 50. 00. 99
Ex2208. 50. 20. 90
2208. 70. 00. 21
Ex2208. 70. 00. 20
2208. 70. 00. 29
Ex2208. 70. 00. 20
2208. 70. 00. 91
Ex2208. 70. 00. 80
2208. 70. 00. 99
Ex2208. 70. 00. 80
2208. 90. 00. 22
Ex2208. 90. 00. 92
2208. 90. 00. 28
Ex2208. 90. 00. 92
2208. 90. 00. 32
Ex2208. 90. 00. 93
2208. 90. 00. 38
Ex2208. 90. 00. 93
2208. 90. 00. 41
Ex2208. 90. 00. 94
2208. 90. 00. 49
Ex2208. 90. 00. 94
2208. 90. 00. 61
Ex2208. 90. 00. 97
2208. 90. 00. 68
Ex2208. 90. 00. 95
Ex2208. 90. 00. 97
2208. 90. 00. 71
Ex2208. 90. 00. 94
2208. 90. 00. 79
Ex2208. 90. 00. 94
2208. 90. 00. 91
Ex2208. 90. 00. 97
2208. 90. 00. 98
Ex2208. 90. 00. 95
Ex2208. 90. 00. 97
2209. 00. 00. 10
Ex2209. 00. 10. 00
Ex2209. 00. 20. 00
2209. 00. 00. 90
Ex2209. 00. 10. 00
Ex2209. 00. 20. 00
2403. 91. 00. 00
2403. 91. 00. 00
Ex2404. 11. 00. 00
2403. 99. 10. 00
Ex2403. 99. 00. 90
2403. 99. 90. 10
2403. 99. 00. 10
2403. 99. 00. 20
2403. 99. 90. 20
2403. 99. 00. 30
Page 13
--- Page 15 (parsed text) --Table de concordance 2017-2022
Codification 2017
Codification 2022
2403. 99. 90. 30
Ex2403. 99. 00. 90
2403. 99. 90. 90
Ex2403. 99. 00. 90
Ex2404. 11. 00. 00
2404. 19. 00. 90
2518. 30. 00. 00
3816. 00. 00. 10
2701. 20. 00. 11
Ex2701. 20. 00. 00
2701. 20. 00. 19
Ex2701. 20. 00. 00
2701. 20. 00. 20
Ex2701. 20. 00. 00
2701. 20. 00. 90
Ex2701. 20. 00. 00
2704. 00. 00. 10
Ex2704. 00. 90. 00
2704. 00. 00. 21
Ex2704. 00. 10. 00
2704. 00. 00. 29
Ex2704. 00. 10. 00
2704. 00. 00. 30
2704. 00. 20. 00
2704. 00. 00. 90
Ex2704. 00. 90. 00
2706. 00. 00. 11
Ex2706. 00. 00. 00
2706. 00. 00. 19
Ex2706. 00. 00. 00
2706. 00. 00. 90
Ex2706. 00. 00. 00
2707. 40. 00. 10
Ex2707. 40. 00. 00
2707. 40. 00. 90
Ex2707. 40. 00. 00
2707. 50. 00. 11
Ex2707. 50. 00. 10
2707. 50. 00. 19
Ex2707. 50. 00. 10
2707. 50. 00. 91
Ex2707. 50. 00. 90
2707. 50. 00. 99
Ex2707. 50. 00. 90
2707. 91. 00. 11
Ex2707. 91. 00. 10
2707. 91. 00. 19
Ex2707. 91. 00. 10
2707. 99. 10. 10
Ex2707. 99. 10. 00
2707. 99. 10. 90
Ex2707. 99. 10. 00
2707. 99. 90. 31
Ex2707. 99. 90. 30
2707. 99. 90. 32
Ex2707. 99. 90. 30
2707. 99. 90. 39
Ex2707. 99. 90. 30
2707. 99. 90. 41
Ex2707. 99. 90. 40
2707. 99. 90. 49
Ex2707. 99. 90. 40
2707. 99. 90. 91
Ex2707. 99. 90. 90
2707. 99. 90. 99
Ex2707. 99. 90. 90
2710. 12. 91. 00
2710. 12. 91. 10
2710. 12. 91. 90
2710. 19. 22. 10
2710. 19. 22. 20
Ex2710. 19. 22. 80
2710. 19. 22. 90
Ex2710. 19. 22. 80
2710. 19. 28. 91
2710. 19. 28. 21
2710. 19. 28. 22
2710. 19. 28. 29
2710. 19. 28. 92
2710. 19. 28. 12
2710. 19. 28. 13
2710. 19. 28. 14
2710. 19. 28. 19
2710. 19. 28. 99
2710. 19. 28. 90
2710. 20. 00. 31
2710. 20. 00. 32
Page 14
--- Page 16 (parsed text) --Table de concordance 2017-2022
Codification 2017
Codification 2022
Ex2710. 20. 00. 38
2710. 20. 00. 39
Ex2710. 20. 00. 38
2712. 90. 00. 11
Ex2712. 90. 00. 10
2712. 90. 00. 19
Ex2712. 90. 00. 10
2713. 90. 00. 10
Ex2713. 90. 00. 00
2713. 90. 00. 90
Ex2713. 90. 00. 00
2714. 10. 00. 10
Ex2714. 10. 00. 00
2714. 10. 00. 90
Ex2714. 10. 00. 00
2714. 90. 00. 10
Ex2714. 90. 00. 00
2714. 90. 00. 90
Ex2714. 90. 00. 00
2715. 00. 10. 10
Ex2715. 00. 10. 00
2715. 00. 10. 90
Ex2715. 00. 10. 00
2715. 00. 99. 10
Ex2715. 00. 99. 00
2715. 00. 99. 90
Ex2715. 00. 99. 00
2801. 20. 00. 10
Ex2801. 20. 00. 00
2801. 20. 00. 90
Ex2801. 20. 00. 00
2801. 30. 00. 90
2801. 30. 00. 20
2802. 00. 00. 90
2802. 00. 00. 30
2803. 00. 00. 30
Ex2803. 00. 00. 80
2803. 00. 00. 90
Ex2803. 00. 00. 80
2804. 50. 00. 90
2804. 50. 00. 20
2805. 19. 00. 10
Ex2805. 19. 00. 00
2805. 19. 00. 20
Ex2805. 19. 00. 00
2805. 19. 00. 30
Ex2805. 19. 00. 00
2805. 19. 00. 90
Ex2805. 19. 00. 00
2805. 40. 00. 10
Ex2805. 40. 00. 00
2805. 40. 00. 90
Ex2805. 40. 00. 00
2809. 20. 00. 90
2809. 20. 00. 20
2816. 10. 00. 90
2816. 10. 00. 20
2817. 00. 90. 00
2817. 00. 20. 00
2821. 10. 00. 90
2821. 10. 00. 20
2822. 00. 11. 00
Ex2822. 00. 00. 00
2822. 00. 19. 00
Ex2822. 00. 00. 00
2822. 00. 90. 00
Ex2822. 00. 00. 00
2824. 90. 00. 10
Ex2824. 90. 00. 00
2824. 90. 00. 90
Ex2824. 90. 00. 00
2825. 30. 00. 10
Ex2825. 30. 00. 00
2825. 30. 00. 90
Ex2825. 30. 00. 00
2825. 40. 00. 10
Ex2825. 40. 00. 00
2825. 40. 00. 90
Ex2825. 40. 00. 00
2825. 50. 00. 10
Ex2825. 50. 00. 00
2825. 50. 00. 90
Ex2825. 50. 00. 00
2825. 90. 00. 30
Ex2825. 90. 00. 70
2825. 90. 00. 40
Ex2825. 90. 00. 70
2825. 90. 00. 50
Ex2825. 90. 00. 70
2825. 90. 00. 60
Ex2825. 90. 00. 70
2825. 90. 00. 80
Ex2825. 90. 00. 70
2825. 90. 00. 95
Ex2825. 90. 00. 70
Page 15
--- Page 17 (parsed text) --Table de concordance 2017-2022
Codification 2017
Codification 2022
2826. 19. 10. 00
Ex2826. 19. 00. 10
2826. 19. 90. 10
Ex2826. 19. 00. 90
2826. 19. 90. 20
Ex2826. 19. 00. 10
2826. 19. 90. 90
Ex2826. 19. 00. 90
2826. 90. 00. 10
Ex2826. 90. 00. 00
2826. 90. 00. 20
Ex2826. 90. 00. 00
2826. 90. 00. 90
Ex2826. 90. 00. 00
2827. 60. 00. 30
Ex2827. 60. 00. 70
2827. 60. 00. 80
Ex2827. 60. 00. 70
2828. 90. 00. 20
Ex2828. 90. 00. 80
2828. 90. 00. 90
Ex2828. 90. 00. 80
2829. 90. 00. 10
Ex2829. 90. 00. 80
2829. 90. 00. 30
Ex2829. 90. 00. 80
2829. 90. 00. 40
Ex2829. 90. 00. 80
2829. 90. 00. 50
Ex2829. 90. 00. 80
2829. 90. 00. 90
Ex2829. 90. 00. 80
2830. 10. 00. 10
Ex2830. 10. 00. 00
2830. 10. 00. 90
Ex2830. 10. 00. 00
2830. 90. 00. 11
Ex2830. 90. 20. 00
2830. 90. 00. 17
Ex2830. 90. 20. 00
2830. 90. 00. 20
Ex2830. 90. 10. 00
2830. 90. 00. 30
Ex2830. 90. 10. 00
2830. 90. 00. 40
Ex2830. 90. 10. 00
2830. 90. 00. 60
Ex2830. 90. 10. 00
2830. 90. 00. 70
Ex2830. 90. 10. 00
2830. 90. 00. 80
Ex2830. 90. 10. 00
2830. 90. 00. 91
Ex2830. 90. 10. 00
2830. 90. 00. 92
Ex2830. 90. 10. 00
2830. 90. 00. 99
Ex2830. 90. 10. 00
2832. 10. 00. 10
Ex2832. 10. 00. 00
2832. 10. 00. 90
Ex2832. 10. 00. 00
2832. 20. 00. 10
Ex2832. 20. 00. 00
2832. 20. 00. 90
Ex2832. 20. 00. 00
2833. 30. 00. 10
Ex2833. 30. 00. 80
2833. 30. 00. 30
Ex2833. 30. 00. 80
2833. 30. 00. 90
Ex2833. 30. 00. 80
2833. 40. 00. 10
Ex2833. 40. 00. 80
2833. 40. 00. 90
Ex2833. 40. 00. 80
2834. 29. 90. 10
Ex2834. 29. 90. 30
2834. 29. 90. 20
Ex2834. 29. 90. 30
2834. 29. 90. 35
Ex2834. 29. 90. 30
2834. 29. 90. 40
Ex2834. 29. 90. 30
2837. 19. 00. 10
Ex2837. 19. 00. 00
2837. 19. 00. 20
Ex2837. 19. 00. 00
2837. 19. 00. 30
Ex2837. 19. 00. 00
2837. 19. 00. 80
Ex2837. 19. 00. 00
2837. 20. 00. 10
Ex2837. 20. 00. 00
2837. 20. 00. 20
Ex2837. 20. 00. 00
Page 16
--- Page 18 (parsed text) --Table de concordance 2017-2022
Codification 2017
Codification 2022
2837. 20. 00. 30
Ex2837. 20. 00. 00
2837. 20. 00. 60
Ex2837. 20. 00. 00
2837. 20. 00. 70
Ex2837. 20. 00. 00
2837. 20. 00. 80
Ex2837. 20. 00. 00
2840. 11. 00. 10
Ex2840. 11. 00. 00
2840. 11. 00. 90
Ex2840. 11. 00. 00
2840. 30. 00. 10
Ex2840. 30. 00. 00
2840. 30. 00. 90
Ex2840. 30. 00. 00
2841. 30. 00. 00
Ex2840. 30. 00. 00
2841. 50. 10. 10
Ex2841. 50. 00. 00
2841. 50. 10. 80
Ex2841. 50. 00. 00
2841. 50. 90. 11
Ex2841. 50. 00. 00
2841. 50. 90. 19
Ex2841. 50. 00. 00
2841. 50. 90. 90
Ex2841. 50. 00. 00
2841. 90. 00. 10
Ex2841. 90. 00. 00
2841. 90. 00. 20
Ex2841. 90. 00. 00
2841. 90. 00. 30
Ex2841. 90. 00. 00
2841. 90. 00. 40
Ex2841. 90. 00. 00
2841. 90. 00. 90
Ex2841. 90. 00. 00
2842. 10. 12. 00
Ex2842. 10. 00. 00
2842. 10. 18. 00
Ex2842. 10. 00. 00
2842. 10. 80. 00
Ex2842. 10. 00. 00
2842. 90. 00. 13
Ex2842. 90. 00. 18
2842. 90. 00. 14
Ex2842. 90. 00. 18
2842. 90. 00. 15
Ex2842. 90. 00. 18
2842. 90. 00. 16
Ex2842. 90. 00. 18
2842. 90. 00. 19
Ex2842. 90. 00. 18
2842. 90. 00. 22
Ex2842. 90. 00. 18
2842. 90. 00. 23
Ex2842. 90. 00. 18
2842. 90. 00. 24
Ex2842. 90. 00. 18
2842. 90. 00. 25
Ex2842. 90. 00. 18
2842. 90. 00. 26
Ex2842. 90. 00. 18
2842. 90. 00. 29
Ex2842. 90. 00. 18
2842. 90. 00. 81
Ex2842. 90. 00. 80
2842. 90. 00. 82
Ex2842. 90. 00. 80
2842. 90. 00. 89
Ex2842. 90. 00. 80
2843. 10. 00. 10
Ex2843. 10. 00. 00
2843. 10. 00. 90
Ex2843. 10. 00. 00
2844. 10. 90. 10
Ex2844. 10. 90. 00
2844. 10. 90. 91
Ex2844. 10. 90. 00
2844. 10. 90. 99
Ex2844. 10. 90. 00
2844. 30. 10. 00
Ex2844. 30. 40. 00
2844. 30. 21. 00
Ex2844. 30. 40. 00
2844. 30. 29. 00
Ex2844. 30. 40. 00
2844. 30. 30. 00
Ex2844. 30. 40. 00
2844. 30. 90. 10
Ex2844. 30. 90. 00
2844. 30. 90. 90
Ex2844. 30. 90. 00
2844. 40. 00. 10
Ex2844. 41. 00. 00
Page 17
--- Page 19 (parsed text) --Table de concordance 2017-2022
Codification 2017
Codification 2022
Ex2844. 42. 00. 00
2844. 43. 00. 10
2844. 40. 00. 21
2844. 44. 00. 10
2844. 40. 00. 29
2844. 44. 00. 90
2844. 40. 00. 91
Ex2844. 41. 00. 00
Ex2844. 42. 00. 00
2844. 43. 00. 91
2844. 40. 00. 92
Ex2844. 42. 00. 00
2844. 43. 00. 92
2844. 40. 00. 99
Ex2844. 42. 00. 00
2844. 43. 00. 99
2845. 90. 00. 10
Ex2845. 90. 00. 00
2845. 90. 00. 90
2845. 20. 00. 00
2845. 30. 00. 00
2845. 40. 00. 00
Ex2845. 90. 00. 00
2847. 00. 00. 10
Ex2847. 00. 00. 00
2847. 00. 00. 90
Ex2847. 00. 00. 00
2849. 10. 10. 00
Ex2849. 10. 00. 00
2849. 10. 91. 00
Ex2849. 10. 00. 00
2849. 10. 99. 00
Ex2849. 10. 00. 00
2849. 20. 10. 00
Ex2849. 20. 00. 00
2849. 20. 91. 00
Ex2849. 20. 00. 00
2849. 20. 99. 00
Ex2849. 20. 00. 00
2849. 90. 10. 10
Ex2849. 90. 00. 00
2849. 90. 10. 20
Ex2849. 90. 00. 00
2849. 90. 10. 80
Ex2849. 90. 00. 00
2849. 90. 92. 00
Ex2849. 90. 00. 00
2849. 90. 98. 00
Ex2849. 90. 00. 00
2850. 00. 10. 12
Ex2850. 00. 00. 10
2850. 00. 10. 18
Ex2850. 00. 00. 20
2850. 00. 10. 21
Ex2850. 00. 00. 30
2850. 00. 10. 27
Ex2850. 00. 00. 30
2850. 00. 10. 40
Ex2850. 00. 00. 40
2850. 00. 10. 91
Ex2850. 00. 00. 50
2850. 00. 10. 97
Ex2850. 00. 00. 50
2850. 00. 92. 00
Ex2850. 00. 00. 10
Ex2850. 00. 00. 20
Ex2850. 00. 00. 30
Ex2850. 00. 00. 40
Ex2850. 00. 00. 50
2850. 00. 98. 00
Ex2850. 00. 00. 10
Ex2850. 00. 00. 20
Ex2850. 00. 00. 30
Ex2850. 00. 00. 40
Ex2850. 00. 00. 50
2852. 10. 10. 11
Ex2852. 10. 15. 10
2852. 10. 10. 12
Ex2852. 10. 15. 10
Page 18
--- Page 20 (parsed text) --Table de concordance 2017-2022
Codification 2017
Codification 2022
2852. 10. 10. 13
2852. 10. 15. 15
2852. 10. 10. 14
Ex2852. 10. 15. 20
2852. 10. 10. 15
Ex2852. 10. 15. 20
2852. 10. 10. 16
2852. 10. 15. 25
2852. 10. 10. 17
2852. 10. 15. 30
2852. 10. 10. 18
2852. 10. 15. 35
2852. 10. 10. 19
2852. 10. 15. 40
2852. 10. 10. 20
2852. 10. 15. 45
2852. 10. 10. 91
2852. 10. 15. 50
2852. 10. 10. 92
2852. 10. 15. 55
2852. 10. 10. 93
2852. 10. 15. 60
2852. 10. 10. 94
2852. 10. 15. 65
2852. 10. 10. 95
2852. 10. 10. 05
2852. 10. 10. 96
2852. 10. 15. 70
2852. 10. 10. 97
2852. 10. 15. 75
2852. 10. 10. 98
2852. 10. 15. 80
2852. 10. 10. 99
2852. 10. 15. 90
2853. 90. 10. 10
Ex2853. 90. 10. 00
2853. 90. 10. 21
Ex2853. 90. 10. 00
2853. 90. 10. 29
Ex2853. 90. 10. 00
2853. 90. 10. 31
Ex2853. 90. 10. 00
2853. 90. 10. 32
Ex2853. 90. 10. 00
2853. 90. 10. 39
Ex2853. 90. 10. 00
2853. 90. 10. 91
Ex2853. 90. 10. 00
2853. 90. 10. 99
Ex2853. 90. 10. 00
2901. 10. 00. 10
Ex2901. 10. 00. 00
2901. 10. 00. 90
Ex2901. 10. 00. 00
2901. 23. 00. 10
Ex2901. 23. 00. 00
2901. 23. 00. 90
Ex2901. 23. 00. 00
2901. 29. 00. 10
Ex2901. 29. 00. 00
2901. 29. 00. 90
Ex2901. 29. 00. 00
2902. 11. 00. 10
Ex2902. 11. 00. 00
2902. 11. 00. 90
Ex2902. 11. 00. 00
2902. 19. 00. 10
Ex2902. 19. 00. 00
2902. 19. 00. 21
Ex2902. 19. 00. 00
2902. 19. 00. 29
Ex2902. 19. 00. 00
2902. 19. 00. 91
Ex2902. 19. 00. 00
2902. 19. 00. 99
Ex2902. 19. 00. 00
2902. 20. 00. 10
Ex2902. 20. 00. 00
2902. 20. 00. 90
Ex2902. 20. 00. 00
2902. 30. 00. 10
Ex2902. 30. 00. 00
2902. 30. 00. 90
Ex2902. 30. 00. 00
2902. 41. 00. 10
Ex2902. 41. 00. 00
2902. 41. 00. 90
Ex2902. 41. 00. 00
2902. 42. 00. 10
Ex2902. 42. 00. 00
2902. 42. 00. 90
Ex2902. 42. 00. 00
2902. 43. 00. 10
Ex2902. 43. 00. 00
2902. 43. 00. 90
Ex2902. 43. 00. 00
Page 19
--- Page 21 (parsed text) --Table de concordance 2017-2022
Codification 2017
Codification 2022
2902. 44. 00. 10
Ex2902. 44. 00. 00
2902. 44. 00. 90
Ex2902. 44. 00. 00
2902. 90. 00. 20
Ex2902. 90. 00. 80
2902. 90. 00. 30
Ex2902. 90. 00. 80
2902. 90. 00. 40
Ex2902. 90. 00. 80
2902. 90. 00. 90
Ex2902. 90. 00. 80
2903. 31. 00. 00
2903. 62. 00. 00
2903. 39. 00. 11
2903. 49. 00. 60
2903. 39. 00. 19
2903. 41. 00. 00
2903. 42. 00. 00
2903. 43. 00. 10
2903. 43. 00. 20
2903. 43. 00. 30
2903. 44. 00. 10
2903. 44. 00. 20
2903. 44. 00. 30
2903. 45. 00. 10
2903. 45. 00. 20
2903. 46. 00. 10
2903. 46. 00. 20
2903. 46. 00. 30
2903. 46. 00. 40
2903. 47. 00. 10
2903. 47. 00. 20
2903. 48. 00. 10
2903. 48. 00. 20
2903. 49. 00. 10
2903. 49. 00. 20
2903. 49. 00. 30
2903. 49. 00. 40
2903. 49. 00. 50
2903. 49. 00. 70
2903. 49. 00. 90
2903. 51. 00. 10
2903. 51. 00. 20
2903. 51. 00. 30
2903. 59. 00. 00
2903. 39. 00. 21
2903. 61. 00. 00
2903. 39. 00. 29
Ex2903. 69. 00. 00
2903. 39. 00. 90
Ex2903. 69. 00. 00
2903. 91. 00. 10
2903. 91. 10. 00
2903. 91. 00. 20
2903. 91. 30. 00
2903. 91. 00. 90
2903. 91. 20. 00
2904. 20. 90. 10
Ex2904. 20. 80. 00
2904. 20. 90. 20
Ex2904. 20. 80. 00
2904. 20. 90. 30
Ex2904. 20. 80. 00
2904. 20. 90. 90
Ex2904. 20. 80. 00
2904. 99. 00. 11
Ex2904. 99. 00. 10
Page 20
--- Page 22 (parsed text) --Table de concordance 2017-2022
Codification 2017
Codification 2022
2904. 99. 00. 19
Ex2904. 99. 00. 10
2905. 14. 00. 10
Ex2905. 14. 00. 00
2905. 14. 00. 90
Ex2905. 14. 00. 00
2905. 16. 00. 10
Ex2905. 16. 00. 00
2905. 16. 00. 90
Ex2905. 16. 00. 00
2905. 29. 10. 00
Ex2905. 29. 00. 00
2905. 29. 90. 10
Ex2905. 29. 00. 00
2905. 29. 90. 20
Ex2905. 29. 00. 00
2905. 29. 90. 90
Ex2905. 29. 00. 00
2905. 39. 10. 00
Ex2905. 39. 00. 00
2905. 39. 90. 10
Ex2905. 39. 00. 00
2905. 39. 90. 90
Ex2905. 39. 00. 00
2905. 44. 00. 10
Ex2905. 44. 00. 00
2905. 44. 00. 90
Ex2905. 44. 00. 00
2906. 19. 10. 00
Ex2906. 19. 00. 00
2906. 19. 90. 10
Ex2906. 19. 00. 00
2906. 19. 90. 90
Ex2906. 19. 00. 00
2906. 29. 10. 00
Ex2906. 29. 00. 00
2906. 29. 90. 10
Ex2906. 29. 00. 00
2906. 29. 90. 20
Ex2906. 29. 00. 00
2906. 29. 90. 90
Ex2906. 29. 00. 00
2907. 13. 00. 10
Ex2907. 13. 00. 00
2907. 13. 00. 90
Ex2907. 13. 00. 00
2909. 19. 00. 10
Ex2909. 19. 00. 00
2909. 19. 00. 90
Ex2909. 19. 00. 00
2909. 30. 00. 10
Ex2909. 30. 00. 80
2909. 30. 00. 20
Ex2909. 30. 00. 80
2909. 30. 00. 30
Ex2909. 30. 00. 80
2909. 30. 00. 90
Ex2909. 30. 00. 80
2909. 49. 00. 10
Ex2909. 49. 00. 00
2909. 49. 00. 90
Ex2909. 49. 00. 00
2909. 50. 00. 10
Ex2909. 50. 00. 00
2909. 50. 00. 90
Ex2909. 50. 00. 00
2909. 60. 00. 00
Ex2909. 60. 00. 00
2911. 00. 00. 10
Ex2911. 00. 00. 00
2911. 00. 00. 90
Ex2909. 60. 00. 00
Ex2911. 00. 00. 00
2912. 19. 00. 20
Ex2912. 19. 00. 80
2912. 19. 00. 30
Ex2912. 19. 00. 80
2912. 19. 00. 90
Ex2912. 19. 00. 80
2912. 29. 00. 10
Ex2912. 29. 00. 80
2912. 29. 00. 90
Ex2912. 29. 00. 80
2912. 50. 00. 10
Ex2912. 50. 00. 00
2912. 50. 00. 90
Ex2912. 50. 00. 00
2913. 00. 00. 10
Ex2913. 00. 00. 00
2913. 00. 00. 90
Ex2913. 00. 00. 00
2914. 19. 00. 10
Ex2914. 19. 00. 80
2914. 19. 00. 90
Ex2914. 19. 00. 80
Page 21
--- Page 23 (parsed text) --Table de concordance 2017-2022
Codification 2017
Codification 2022
2914. 29. 00. 10
Ex2914. 29. 00. 00
2914. 29. 00. 20
Ex2914. 29. 00. 00
2914. 40. 10. 00
Ex2914. 40. 00. 00
2914. 40. 90. 10
Ex2914. 40. 00. 00
2914. 40. 90. 90
Ex2914. 40. 00. 00
2916. 11. 10. 00
Ex2916. 11. 00. 00
2916. 11. 90. 00
Ex2916. 11. 00. 00
2916. 12. 10. 00
Ex2916. 12. 00. 00
2916. 12. 90. 00
Ex2916. 12. 00. 00
2916. 15. 00. 10
Ex2916. 15. 00. 00
2916. 15. 00. 20
Ex2916. 15. 00. 00
2916. 32. 00. 10
Ex2916. 32. 00. 00
2916. 32. 00. 90
Ex2916. 32. 00. 00
2916. 39. 00. 10
Ex2916. 39. 00. 00
2916. 39. 00. 90
Ex2916. 39. 00. 00
2917. 13. 00. 10
Ex2917. 13. 00. 00
2917. 13. 00. 90
Ex2917. 13. 00. 00
2917. 39. 00. 10
Ex2917. 39. 00. 00
2917. 39. 00. 90
Ex2917. 39. 00. 00
2918. 13. 00. 10
Ex2918. 13. 00. 00
2918. 13. 00. 90
Ex2918. 13. 00. 00
2918. 16. 00. 10
Ex2918. 16. 00. 00
2918. 16. 00. 90
Ex2918. 16. 00. 00
2918. 23. 00. 10
Ex2918. 23. 00. 00
2918. 23. 00. 20
Ex2918. 23. 00. 00
2918. 23. 00. 30
Ex2918. 23. 00. 00
2921. 30. 00. 10
Ex2921. 30. 00. 00
2921. 30. 00. 90
Ex2921. 30. 00. 00
2921. 44. 00. 10
Ex2921. 44. 00. 00
2921. 44. 00. 90
Ex2921. 44. 00. 00
2921. 45. 00. 10
Ex2921. 45. 00. 00
2921. 45. 00. 90
Ex2921. 45. 00. 00
2922. 17. 00. 10
Ex2922. 17. 00. 00
2922. 17. 00. 20
Ex2922. 17. 00. 00
2930. 90. 90. 97
2930. 10. 00. 00
2930. 90. 90. 95
2931. 31. 00. 00
2931. 41. 00. 00
2931. 32. 00. 00
2931. 42. 00. 00
2931. 33. 00. 00
2931. 43. 00. 00
2931. 34. 00. 00
2931. 49. 00. 10
2931. 35. 00. 00
2931. 46. 00. 00
2931. 36. 00. 00
2931. 47. 00. 00
2931. 37. 00. 00
2931. 49. 00. 20
2931. 38. 00. 00
2931. 45. 00. 00
2931. 39. 00. 10
2931. 59. 00. 10
2931. 39. 00. 20
2931. 49. 00. 30
2931. 39. 00. 30
2931. 59. 00. 20
2931. 39. 00. 40
2931. 49. 00. 40
Page 22
--- Page 24 (parsed text) --Table de concordance 2017-2022
Codification 2017
Codification 2022
2931. 39. 00. 50
2931. 59. 00. 30
2931. 39. 00. 60
2931. 59. 00. 40
2931. 39. 00. 90
2931. 44. 00. 00
2931. 48. 00. 00
2931. 49. 00. 90
2931. 51. 00. 00
2931. 52. 00. 00
2931. 53. 00. 00
2931. 54. 00. 00
2931. 59. 00. 90
2931. 90. 00. 63
Ex2931. 90. 00. 60
2931. 90. 00. 64
Ex2931. 90. 00. 60
2931. 90. 00. 65
Ex2931. 90. 00. 60
2932. 20. 10. 10
Ex2932. 20. 10. 00
2932. 20. 10. 90
Ex2932. 20. 10. 00
2932. 99. 00. 80
2932. 96. 00. 00
2932. 99. 00. 70
2933. 33. 00. 11
2933. 33. 11. 00
2933. 33. 00. 12
2933. 33. 12. 00
2933. 33. 00. 13
2933. 33. 13. 00
2933. 33. 00. 14
2933. 33. 14. 00
2933. 33. 00. 15
2933. 33. 16. 00
2933. 33. 00. 16
2933. 33. 17. 00
2933. 33. 00. 17
2933. 33. 18. 00
2933. 33. 00. 18
2933. 33. 19. 00
2933. 33. 00. 19
2933. 33. 20. 00
2933. 33. 00. 21
2933. 33. 31. 00
2933. 33. 00. 22
2933. 33. 32. 00
2933. 33. 00. 23
2933. 33. 33. 00
2933. 33. 00. 24
2933. 33. 34. 00
2933. 33. 00. 25
2933. 33. 35. 00
2933. 33. 00. 26
2933. 33. 36. 00
2933. 33. 00. 27
2933. 33. 37. 00
2933. 33. 00. 28
2933. 33. 38. 00
2933. 33. 00. 29
2933. 33. 39. 00
2933. 33. 00. 80
2933. 33. 90. 00
2933. 39. 00. 20
2933. 35. 00. 00
2933. 39. 00. 90
2933. 33. 15. 00
2933. 33. 40. 00
2933. 34. 00. 00
2933. 36. 00. 00
2933. 37. 00. 00
2933. 39. 00. 80
2934. 20. 10. 00
Ex2934. 20. 00. 00
2934. 20. 20. 00
Ex2934. 20. 00. 00
2934. 20. 90. 00
Ex2934. 20. 00. 00
2934. 99. 00. 80
2934. 92. 00. 00
2934. 99. 00. 70
Page 23
--- Page 25 (parsed text) --Table de concordance 2017-2022
Codification 2017
Codification 2022
2935. 90. 00. 10
Ex2935. 90. 00. 00
2935. 90. 00. 21
Ex2935. 90. 00. 00
2935. 90. 00. 29
Ex2935. 90. 00. 00
2935. 90. 00. 30
Ex2935. 90. 00. 00
2935. 90. 00. 40
Ex2935. 90. 00. 00
2935. 90. 00. 50
Ex2935. 90. 00. 00
2935. 90. 00. 90
Ex2935. 90. 00. 00
2936. 24. 00. 10
Ex2936. 29. 00. 40
2936. 24. 00. 90
2936. 24. 00. 00
2936. 29. 00. 30
Ex2936. 29. 00. 40
2939. 49. 00. 00
Ex2939. 49. 00. 00
2937. 11. 91. 00
Ex2937. 11. 80. 00
2937. 11. 99. 00
Ex2937. 11. 80. 00
2937. 19. 90. 91
Ex2937. 19. 90. 80
2937. 19. 90. 99
Ex2937. 19. 90. 80
2937. 29. 90. 10
Ex2937. 29. 90. 00
2937. 29. 90. 90
Ex2937. 29. 90. 00
2937. 90. 91. 00
Ex2937. 90. 99. 70
2937. 90. 99. 80
Ex2937. 90. 99. 70
2939. 71. 00. 11
2939. 72. 00. 11
2939. 71. 00. 19
2939. 72. 00. 19
2939. 71. 00. 20
2939. 72. 00. 20
2939. 71. 00. 30
Ex2939. 45. 00. 00
2939. 71. 00. 40
Ex2939. 45. 00. 00
2939. 71. 00. 50
Ex2939. 45. 00. 00
2939. 71. 00. 90
Ex2939. 45. 00. 00
Ex2939. 49. 00. 00
2939. 72. 00. 90
2939. 79. 00. 90
Ex2939. 49. 00. 00
2939. 79. 00. 80
2941. 20. 00. 10
Ex2941. 20. 00. 00
2941. 20. 00. 20
Ex2941. 20. 00. 00
2941. 20. 00. 90
Ex2941. 20. 00. 00
2941. 90. 00. 10
Ex2941. 90. 00. 80
2941. 90. 00. 90
Ex2941. 90. 00. 80
2942. 00. 00. 10
Ex2942. 00. 00. 00
2942. 00. 00. 90
Ex2942. 00. 00. 00
3001. 90. 10. 10
3001. 90. 00. 21
3001. 90. 10. 90
3001. 90. 00. 29
3001. 90. 20. 10
3001. 90. 00. 11
3001. 90. 20. 91
3001. 90. 00. 12
3001. 90. 20. 99
3001. 90. 00. 19
3001. 90. 90. 00
3001. 90. 00. 31
3001. 90. 00. 32
3001. 90. 00. 33
3001. 90. 00. 34
3001. 90. 00. 39
3001. 90. 00. 90
Page 24
--- Page 26 (parsed text) --Table de concordance 2017-2022
Codification 2017
Codification 2022
3002. 11. 00. 00
Ex3822. 11. 10. 00
3002. 12. 91. 00
Ex3002. 12. 92. 00
3002. 12. 99. 10
Ex3002. 12. 98. 10
3002. 12. 99. 90
Ex3002. 12. 98. 90
3002. 13. 00. 10
3002. 13. 10. 00
Ex3822. 11. 29. 00
Ex3822. 12. 19. 00
Ex3822. 19. 29. 00
3002. 13. 00. 20
3002. 13. 20. 00
Ex3822. 11. 21. 00
Ex3822. 12. 11. 00
Ex3822. 19. 21. 00
3002. 13. 00. 90
3002. 13. 90. 00
Ex3822. 11. 29. 00
Ex3822. 12. 19. 00
Ex3822. 19. 29. 00
3002. 14. 00. 10
3002. 14. 10. 00
Ex3822. 11. 29. 00
Ex3822. 12. 19. 00
Ex3822. 19. 29. 00
3002. 14. 00. 20
3002. 14. 20. 00
Ex3822. 11. 21. 00
Ex3822. 12. 11. 00
Ex3822. 19. 21. 00
3002. 14. 00. 90
3002. 14. 90. 00
Ex3822. 11. 29. 00
Ex3822. 12. 19. 00
Ex3822. 19. 29. 00
3002. 15. 00. 10
3002. 15. 10. 00
Ex3822. 11. 29. 00
Ex3822. 12. 19. 00
Ex3822. 19. 29. 00
3002. 15. 00. 20
3002. 15. 20. 00
Ex3822. 11. 21. 00
Ex3822. 12. 11. 00
Ex3822. 19. 21. 00
3002. 15. 00. 90
3002. 15. 90. 00
Ex3822. 11. 29. 00
Ex3822. 12. 19. 00
Ex3822. 19. 29. 00
3002. 19. 10. 10
3002. 12. 20. 00
3002. 19. 10. 91
3002. 49. 00. 19
3002. 90. 00. 10
3002. 19. 10. 99
Ex3002. 12. 98. 10
Ex3002. 12. 98. 90
3002. 19. 91. 00
Ex3002. 12. 92. 00
3002. 19. 99. 10
Ex3002. 12. 98. 10
3002. 19. 99. 90
Ex3002. 12. 98. 90
Page 25
--- Page 27 (parsed text) --Table de concordance 2017-2022
Codification 2017
Codification 2022
3002. 20. 00. 00
3002. 41. 00. 00
3002. 30. 10. 00
3002. 42. 10. 00
3002. 30. 91. 00
3002. 42. 91. 00
3002. 30. 99. 00
3002. 42. 99. 00
3002. 90. 05. 00
3002. 51. 00. 00
3002. 59. 00. 00
3002. 90. 10. 10
3002. 49. 00. 21
3002. 90. 10. 80
3002. 49. 00. 29
3002. 90. 90. 11
3002. 49. 00. 11
3002. 90. 90. 17
3002. 49. 00. 91
3002. 90. 90. 91
3002. 49. 00. 12
3002. 90. 90. 97
3002. 49. 00. 99
3002. 90. 00. 90
3003. 10. 10. 10
Ex3003. 10. 10. 00
3003. 10. 10. 20
Ex3003. 10. 10. 00
3003. 10. 10. 90
Ex3003. 10. 10. 00
3003. 10. 90. 10
Ex3003. 10. 90. 80
3003. 10. 90. 21
3003. 10. 90. 20
3003. 10. 90. 29
Ex3003. 10. 90. 80
3003. 10. 90. 90
Ex3003. 10. 90. 80
3003. 90. 10. 10
Ex3003. 90. 10. 00
3003. 90. 10. 80
Ex3003. 90. 10. 00
3003. 90. 91. 10
Ex3003. 90. 91. 00
3003. 90. 91. 80
Ex3003. 90. 91. 00
3004. 10. 10. 00
3004. 10. 00. 10
Ex3006. 93. 20. 00
3004. 10. 20. 00
3004. 10. 00. 20
Ex3006. 93. 31. 00
3004. 10. 30. 00
3004. 10. 00. 30
3006. 93. 32. 00
3004. 10. 91. 00
Ex3004. 10. 00. 91
Ex3006. 93. 34. 00
3004. 10. 92. 00
Ex3004. 10. 00. 91
Ex3006. 93. 34. 00
3004. 10. 93. 00
Ex3004. 10. 00. 91
Ex3006. 93. 34. 00
3004. 10. 99. 00
3004. 10. 00. 99
Ex3006. 93. 36. 00
3004. 20. 10. 00
3004. 20. 00. 10
Ex3006. 93. 20. 00
3004. 20. 20. 00
3004. 20. 00. 20
Ex3006. 93. 31. 00
3004. 20. 30. 00
3004. 20. 00. 30
3006. 93. 33. 00
3004. 20. 91. 00
Ex3004. 20. 00. 49
Ex3006. 93. 34. 00
3004. 20. 92. 00
Ex3004. 20. 00. 49
Ex3006. 93. 34. 00
Page 26
--- Page 28 (parsed text) --Table de concordance 2017-2022
Codification 2017
Codification 2022
3004. 20. 93. 00
Ex3004. 20. 00. 49
Ex3006. 93. 34. 00
3004. 20. 94. 00
3004. 20. 00. 41
Ex3006. 93. 34. 00
3004. 20. 95. 00
3004. 20. 00. 42
Ex3006. 93. 34. 00
3004. 20. 96. 00
3004. 20. 00. 43
Ex3006. 93. 34. 00
3004. 20. 99. 10
3004. 20. 00. 91
3006. 93. 35. 00
3004. 20. 99. 90
3004. 20. 00. 99
Ex3006. 93. 36. 00
3004. 31. 10. 00
3004. 31. 00. 10
3006. 93. 41. 11
3004. 31. 20. 00
3004. 31. 00. 20
3006. 93. 41. 12
3004. 31. 91. 00
Ex3004. 31. 00. 91
Ex3006. 93. 34. 00
3004. 31. 92. 00
Ex3004. 31. 00. 91
Ex3006. 93. 34. 00
3004. 31. 93. 00
Ex3004. 31. 00. 91
Ex3006. 93. 34. 00
3004. 31. 99. 00
3004. 31. 00. 99
3006. 93. 41. 19
3004. 32. 10. 00
3004. 32. 00. 10
Ex3006. 93. 20. 00
3004. 32. 20. 00
3004. 32. 00. 20
Ex3006. 93. 41. 20
3004. 32. 30. 00
Ex3004. 32. 00. 99
Ex3006. 93. 41. 20
3004. 32. 40. 00
Ex3004. 32. 00. 99
Ex3006. 93. 41. 20
3004. 32. 50. 00
3004. 32. 00. 30
Ex3006. 93. 41. 20
3004. 32. 60. 00
3004. 32. 00. 40
Ex3006. 93. 41. 20
3004. 32. 91. 00
Ex3004. 32. 00. 50
Ex3006. 93. 41. 20
3004. 32. 92. 00
Ex3004. 32. 00. 50
Ex3006. 93. 41. 20
3004. 32. 93. 00
Ex3004. 32. 00. 50
Ex3006. 93. 41. 20
3004. 32. 94. 00
3004. 32. 00. 91
Ex3006. 93. 41. 20
3004. 32. 99. 00
Ex3004. 32. 00. 99
Ex3006. 93. 41. 20
3004. 39. 10. 00
3004. 39. 00. 10
Ex3006. 93. 20. 00
Page 27
--- Page 29 (parsed text) --Table de concordance 2017-2022
Codification 2017
Codification 2022
3004. 39. 20. 00
3004. 39. 00. 20
Ex3006. 93. 41. 91
3004. 39. 30. 00
3004. 39. 00. 30
Ex3006. 93. 41. 91
3004. 39. 40. 00
3004. 39. 00. 40
Ex3006. 93. 41. 91
3004. 39. 50. 00
3004. 39. 00. 50
Ex3006. 93. 41. 91
3004. 39. 91. 00
Ex3004. 39. 00. 60
Ex3006. 93. 34. 00
3004. 39. 92. 00
Ex3004. 39. 00. 60
Ex3006. 93. 34. 00
3004. 39. 93. 00
Ex3004. 39. 00. 60
Ex3006. 93. 34. 00
3004. 39. 99. 10
3004. 39. 00. 91
3006. 93. 41. 92
3004. 39. 99. 90
3004. 39. 00. 99
3006. 93. 41. 99
3004. 41. 10. 00
3004. 41. 00. 10
Ex3006. 93. 20. 00
3004. 41. 91. 00
Ex3004. 41. 00. 20
Ex3006. 93. 42. 00
3004. 41. 92. 00
Ex3004. 41. 00. 20
Ex3006. 93. 42. 00
3004. 41. 93. 00
Ex3004. 41. 00. 20
Ex3006. 93. 42. 00
3004. 41. 99. 00
3004. 41. 00. 90
Ex3006. 93. 42. 00
3004. 42. 10. 00
3004. 42. 00. 10
Ex3006. 93. 20. 00
3004. 42. 91. 00
Ex3004. 42. 00. 20
Ex3006. 93. 42. 00
3004. 42. 92. 00
Ex3004. 42. 00. 20
Ex3006. 93. 42. 00
3004. 42. 93. 00
Ex3004. 42. 00. 20
Ex3006. 93. 42. 00
3004. 42. 99. 00
3004. 42. 00. 90
Ex3006. 93. 42. 00
3004. 43. 10. 00
3004. 43. 00. 10
Ex3006. 93. 20. 00
3004. 43. 91. 00
Ex3004. 43. 00. 20
Ex3006. 93. 42. 00
3004. 43. 92. 00
Ex3004. 43. 00. 20
Ex3006. 93. 42. 00
3004. 43. 93. 00
Ex3004. 43. 00. 20
Ex3006. 93. 42. 00
3004. 43. 99. 00
3004. 43. 00. 90
Ex3006. 93. 42. 00
Page 28
--- Page 30 (parsed text) --Table de concordance 2017-2022
Codification 2017
Codification 2022
3004. 49. 10. 00
3004. 49. 00. 10
Ex3006. 93. 20. 00
3004. 49. 20. 00
3004. 49. 00. 20
Ex3006. 93. 42. 00
3004. 49. 30. 00
3004. 49. 00. 30
Ex3006. 93. 42. 00
3004. 49. 40. 00
3004. 49. 00. 40
Ex3006. 93. 42. 00
3004. 49. 50. 00
3004. 49. 00. 50
Ex3006. 93. 42. 00
3004. 49. 60. 00
3004. 49. 00. 60
Ex3006. 93. 42. 00
3004. 49. 91. 00
Ex3004. 49. 00. 70
Ex3006. 93. 42. 00
3004. 49. 92. 00
Ex3004. 49. 00. 70
Ex3006. 93. 42. 00
3004. 49. 93. 00
Ex3004. 49. 00. 70
Ex3006. 93. 42. 00
3004. 49. 99. 00
3004. 49. 00. 90
Ex3006. 93. 42. 00
3004. 50. 10. 00
3004. 50. 00. 10
Ex3006. 93. 20. 00
3004. 50. 20. 00
3004. 50. 00. 20
3006. 93. 43. 10
3004. 50. 30. 00
3004. 50. 00. 30
3006. 93. 43. 20
3004. 50. 91. 00
Ex3004. 50. 00. 91
Ex3006. 93. 34. 00
3004. 50. 92. 00
Ex3004. 50. 00. 91
Ex3006. 93. 34. 00
3004. 50. 93. 00
Ex3004. 50. 00. 91
Ex3006. 93. 34. 00
3004. 50. 99. 00
3004. 50. 00. 99
3006. 93. 43. 90
3004. 60. 10. 00
3004. 60. 00. 10
Ex3006. 93. 20. 00
3004. 60. 90. 10
Ex3004. 60. 00. 20
Ex3006. 93. 49. 00
3004. 60. 90. 20
Ex3004. 60. 00. 20
Ex3006. 93. 49. 00
3004. 60. 90. 30
Ex3004. 60. 00. 20
Ex3006. 93. 49. 00
3004. 60. 90. 40
3004. 60. 00. 30
Ex3006. 93. 49. 00
3004. 60. 90. 90
3004. 60. 00. 90
Ex3006. 93. 49. 00
3004. 90. 15. 00
3004. 90. 00. 10
Ex3006. 93. 20. 00
Page 29
--- Page 31 (parsed text) --Table de concordance 2017-2022
Codification 2017
Codification 2022
3004. 90. 20. 00
3004. 90. 00. 20
Ex3006. 93. 49. 00
3004. 90. 30. 00
3004. 90. 00. 30
Ex3006. 93. 49. 00
3004. 90. 50. 00
3004. 90. 00. 40
Ex3006. 93. 49. 00
3004. 90. 60. 00
3004. 90. 00. 50
Ex3006. 93. 49. 00
3004. 90. 70. 00
3004. 90. 00. 60
Ex3006. 93. 49. 00
3004. 90. 90. 10
Ex3004. 90. 00. 91
Ex3006. 93. 49. 00
3004. 90. 90. 20
Ex3004. 90. 00. 91
Ex3006. 93. 49. 00
3004. 90. 90. 30
Ex3004. 90. 00. 91
Ex3006. 93. 49. 00
3004. 90. 90. 40
3004. 90. 00. 92
Ex3006. 93. 49. 00
3004. 90. 90. 50
3004. 90. 00. 93
Ex3006. 93. 49. 00
3004. 90. 90. 60
3004. 90. 00. 94
Ex3006. 93. 49. 00
3004. 90. 90. 70
3004. 90. 00. 95
Ex3006. 93. 49. 00
3004. 90. 90. 90
3004. 90. 00. 99
Ex3006. 93. 49. 00
3005. 10. 91. 00
3005. 10. 90. 11
3005. 10. 99. 10
3005. 10. 90. 12
3005. 10. 99. 90
3005. 10. 90. 19
3005. 90. 91. 00
3005. 90. 90. 11
3005. 90. 99. 10
3005. 90. 90. 12
3005. 90. 99. 20
3005. 90. 90. 13
3005. 90. 99. 90
3005. 90. 90. 19
3006. 10. 20. 30
Ex3006. 10. 20. 98
3006. 10. 20. 42
Ex3006. 10. 20. 98
3006. 10. 20. 49
Ex3006. 10. 20. 98
3006. 10. 20. 50
Ex3006. 10. 20. 98
3006. 10. 20. 61
Ex3006. 10. 20. 98
3006. 10. 20. 63
Ex3006. 10. 20. 98
3006. 10. 20. 72
Ex3006. 10. 20. 98
3006. 10. 20. 75
Ex3006. 10. 20. 98
3006. 10. 20. 79
Ex3006. 10. 20. 98
3006. 10. 20. 81
Ex3006. 10. 20. 98
3006. 10. 20. 83
Ex3006. 10. 20. 98
3006. 10. 20. 89
Ex3006. 10. 20. 98
3006. 10. 20. 91
Ex3006. 10. 20. 98
3006. 10. 20. 92
Ex3006. 10. 20. 98
3006. 10. 20. 93
Ex3006. 10. 20. 98
Page 30
--- Page 32 (parsed text) --Table de concordance 2017-2022
Codification 2017
Codification 2022
3006. 10. 20. 94
Ex3006. 10. 15. 00
3006. 10. 20. 99
Ex3006. 10. 20. 98
3006. 10. 30. 10
Ex3006. 10. 30. 00
3006. 10. 30. 20
Ex3006. 10. 30. 00
3006. 10. 30. 30
Ex3006. 10. 30. 00
3006. 10. 30. 40
Ex3006. 10. 30. 00
3006. 10. 30. 91
Ex3006. 10. 30. 00
3006. 10. 30. 92
Ex3006. 10. 30. 00
3006. 10. 30. 93
Ex3006. 10. 30. 00
3006. 10. 30. 94
Ex3006. 10. 30. 00
3006. 10. 30. 95
Ex3006. 10. 15. 00
3006. 10. 30. 99
Ex3006. 10. 30. 00
3006. 20. 00. 00
Ex3822. 13. 00. 00
3006. 30. 00. 11
Ex3006. 30. 20. 00
3006. 30. 00. 19
Ex3006. 30. 20. 00
3006. 30. 00. 90
3006. 30. 10. 00
3006. 60. 91. 00
Ex3006. 60. 90. 00
3006. 60. 99. 00
Ex3006. 60. 90. 00
3006. 92. 10. 10
Ex3006. 92. 20. 90
3006. 92. 10. 20
3006. 92. 20. 10
3006. 92. 10. 30
Ex3006. 92. 20. 90
3006. 92. 10. 40
Ex3006. 92. 20. 90
3006. 92. 10. 50
Ex3006. 92. 20. 90
3006. 92. 10. 90
Ex3006. 92. 20. 90
3006. 92. 21. 15
Ex3822. 11. 10. 00
3006. 92. 21. 21
Ex3006. 92. 30. 10
3006. 92. 21. 22
Ex3006. 92. 30. 10
3006. 92. 21. 23
Ex3006. 92. 30. 10
3006. 92. 21. 29
Ex3006. 92. 30. 10
3006. 92. 21. 31
Ex3006. 92. 30. 21
3006. 92. 21. 32
Ex3006. 92. 30. 29
3006. 92. 21. 39
Ex3006. 92. 30. 29
3006. 92. 21. 41
Ex3006. 92. 30. 21
3006. 92. 21. 42
Ex3006. 92. 30. 29
3006. 92. 21. 49
Ex3006. 92. 30. 29
3006. 92. 21. 51
Ex3006. 92. 30. 21
3006. 92. 21. 52
Ex3006. 92. 30. 29
3006. 92. 21. 59
Ex3006. 92. 30. 29
3006. 92. 21. 91
Ex3006. 92. 30. 10
3006. 92. 21. 92
3006. 92. 30. 41
3006. 92. 30. 91
3006. 92. 21. 93
Ex3006. 92. 30. 10
3006. 92. 21. 94
Ex3006. 92. 30. 10
3006. 92. 21. 95
Ex3006. 92. 30. 10
3006. 92. 21. 99
Ex3006. 92. 30. 10
3006. 92. 22. 00
3006. 92. 30. 30
3006. 92. 23. 10
3006. 92. 10. 11
3006. 92. 23. 20
3006. 92. 10. 12
Page 31
--- Page 33 (parsed text) --Table de concordance 2017-2022
Codification 2017
Codification 2022
3006. 92. 23. 90
3006. 92. 10. 19
3006. 92. 29. 05
3006. 92. 30. 50
3006. 92. 29. 10
Ex3006. 92. 30. 49
Ex3006. 92. 30. 99
3006. 92. 29. 20
Ex3006. 92. 30. 49
Ex3006. 92. 30. 99
3006. 92. 29. 30
Ex3006. 92. 30. 49
Ex3006. 92. 30. 99
3006. 92. 29. 40
Ex3006. 92. 30. 49
Ex3006. 92. 30. 99
3006. 92. 29. 50
Ex3006. 92. 30. 49
Ex3006. 92. 30. 99
3006. 92. 29. 90
Ex3006. 92. 30. 49
Ex3006. 92. 30. 99
3006. 92. 31. 10
Ex3006. 92. 10. 80
3006. 92. 31. 20
Ex3006. 92. 10. 80
3006. 92. 31. 30
Ex3006. 92. 10. 80
3006. 92. 31. 40
Ex3006. 92. 40. 10
3006. 92. 31. 50
Ex3006. 92. 40. 10
3006. 92. 31. 90
Ex3006. 92. 40. 10
3006. 92. 32. 10
Ex3006. 92. 10. 80
3006. 92. 32. 90
Ex3006. 92. 40. 10
3006. 92. 33. 00
Ex3006. 92. 40. 29
3006. 92. 34. 10
Ex3006. 92. 10. 80
3006. 92. 34. 20
3006. 92. 40. 21
3006. 92. 34. 90
Ex3006. 92. 40. 29
3006. 92. 35. 11
Ex3006. 92. 10. 80
3006. 92. 35. 19
Ex3006. 92. 40. 30
3006. 92. 35. 21
Ex3006. 92. 10. 80
3006. 92. 35. 29
Ex3006. 92. 40. 30
3006. 92. 35. 31
Ex3006. 92. 10. 80
3006. 92. 35. 39
Ex3006. 92. 40. 30
3006. 92. 35. 91
Ex3006. 92. 10. 80
3006. 92. 35. 99
Ex3006. 92. 40. 30
3006. 92. 36. 10
Ex3006. 92. 10. 80
3006. 92. 36. 20
3006. 92. 40. 41
3006. 92. 36. 90
3006. 92. 40. 49
3006. 92. 39. 10
Ex3006. 92. 10. 80
3006. 92. 39. 25
Ex3006. 92. 10. 80
3006. 92. 39. 30
Ex3006. 92. 40. 99
3006. 92. 39. 45
Ex3006. 92. 40. 99
3006. 92. 39. 50
Ex3006. 92. 40. 99
3006. 92. 39. 60
Ex3006. 92. 40. 99
3006. 92. 39. 70
Ex3006. 92. 40. 91
3006. 92. 39. 80
Ex3006. 92. 40. 91
3006. 92. 41. 10
Ex3006. 92. 10. 80
3006. 92. 41. 20
Ex3006. 92. 50. 19
3006. 92. 41. 30
Ex3006. 92. 50. 19
Page 32
--- Page 34 (parsed text) --Table de concordance 2017-2022
Codification 2017
Codification 2022
3006. 92. 41. 40
Ex3006. 92. 50. 19
3006. 92. 41. 50
Ex3006. 92. 50. 19
3006. 92. 41. 60
Ex3006. 92. 50. 19
3006. 92. 41. 90
Ex3006. 92. 50. 11
3006. 92. 42. 10
Ex3006. 92. 10. 80
3006. 92. 42. 20
Ex3006. 92. 50. 19
3006. 92. 42. 30
Ex3006. 92. 50. 19
3006. 92. 42. 91
Ex3006. 92. 50. 19
3006. 92. 42. 92
Ex3006. 92. 50. 19
3006. 92. 42. 93
Ex3006. 92. 50. 19
3006. 92. 42. 94
Ex3006. 92. 50. 19
3006. 92. 42. 95
Ex3006. 92. 50. 19
3006. 92. 42. 96
Ex3006. 92. 50. 19
3006. 92. 42. 97
Ex3006. 92. 50. 11
3006. 92. 42. 99
Ex3006. 92. 50. 11
3006. 92. 43. 10
Ex3006. 92. 50. 29
3006. 92. 43. 20
3006. 92. 50. 21
3006. 92. 43. 30
Ex3006. 92. 50. 29
3006. 92. 43. 40
Ex3006. 92. 50. 29
3006. 92. 43. 50
Ex3006. 92. 50. 29
3006. 92. 43. 90
Ex3006. 92. 50. 22
3006. 92. 44. 10
Ex3006. 92. 10. 80
3006. 92. 44. 20
Ex3006. 92. 50. 29
3006. 92. 44. 30
Ex3006. 92. 50. 29
3006. 92. 44. 40
Ex3006. 92. 50. 29
3006. 92. 44. 50
Ex3006. 92. 50. 29
3006. 92. 44. 60
Ex3006. 92. 50. 29
3006. 92. 44. 70
Ex3006. 92. 50. 29
3006. 92. 44. 80
Ex3006. 92. 50. 29
3006. 92. 44. 91
Ex3006. 92. 50. 29
3006. 92. 44. 92
Ex3006. 92. 50. 29
3006. 92. 44. 99
Ex3006. 92. 50. 22
3006. 92. 45. 10
Ex3006. 92. 10. 80
3006. 92. 45. 20
Ex3006. 92. 50. 29
3006. 92. 45. 30
Ex3006. 92. 50. 29
3006. 92. 45. 40
Ex3006. 92. 50. 29
3006. 92. 45. 50
Ex3006. 92. 50. 29
3006. 92. 45. 60
Ex3006. 92. 50. 29
3006. 92. 45. 70
Ex3006. 92. 50. 29
3006. 92. 45. 80
Ex3006. 92. 50. 29
3006. 92. 45. 91
Ex3006. 92. 50. 29
3006. 92. 45. 99
Ex3006. 92. 50. 22
3006. 92. 46. 11
Ex3006. 92. 10. 80
3006. 92. 46. 12
Ex3006. 92. 50. 39
3006. 92. 46. 13
Ex3006. 92. 50. 39
3006. 92. 46. 14
Ex3006. 92. 50. 39
3006. 92. 46. 19
Ex3006. 92. 50. 31
3006. 92. 46. 21
Ex3006. 92. 10. 80
Page 33
--- Page 35 (parsed text) --Table de concordance 2017-2022
Codification 2017
Codification 2022
3006. 92. 46. 22
Ex3006. 92. 50. 39
3006. 92. 46. 23
Ex3006. 92. 50. 39
3006. 92. 46. 24
Ex3006. 92. 50. 39
3006. 92. 46. 29
Ex3006. 92. 50. 31
3006. 92. 46. 31
Ex3006. 92. 10. 80
3006. 92. 46. 32
Ex3006. 92. 50. 39
3006. 92. 46. 33
Ex3006. 92. 50. 39
3006. 92. 46. 34
Ex3006. 92. 50. 39
3006. 92. 46. 39
Ex3006. 92. 50. 31
3006. 92. 46. 40
Ex3006. 92. 50. 39
3006. 92. 46. 91
Ex3006. 92. 10. 80
3006. 92. 46. 92
Ex3006. 92. 50. 39
3006. 92. 46. 93
Ex3006. 92. 50. 39
3006. 92. 46. 94
Ex3006. 92. 50. 39
3006. 92. 46. 95
Ex3006. 92. 50. 39
3006. 92. 46. 96
Ex3006. 92. 50. 39
3006. 92. 46. 97
Ex3006. 92. 50. 39
3006. 92. 46. 98
Ex3006. 92. 50. 39
3006. 92. 46. 99
Ex3006. 92. 50. 31
3006. 92. 47. 10
Ex3006. 92. 10. 80
3006. 92. 47. 20
Ex3006. 92. 50. 99
3006. 92. 47. 30
Ex3006. 92. 50. 99
3006. 92. 47. 40
Ex3006. 92. 50. 99
3006. 92. 47. 50
Ex3006. 92. 50. 99
3006. 92. 47. 60
Ex3006. 92. 50. 99
3006. 92. 47. 90
Ex3006. 92. 50. 91
3006. 92. 48. 10
Ex3006. 92. 10. 80
3006. 92. 48. 20
Ex3006. 92. 50. 99
3006. 92. 48. 30
Ex3006. 92. 50. 99
3006. 92. 48. 40
Ex3006. 92. 50. 99
3006. 92. 48. 50
Ex3006. 92. 50. 99
3006. 92. 48. 90
Ex3006. 92. 50. 91
3006. 92. 49. 15
Ex3006. 92. 10. 80
3006. 92. 49. 20
Ex3006. 92. 50. 99
3006. 92. 49. 30
Ex3006. 92. 50. 99
3006. 92. 49. 50
Ex3006. 92. 50. 99
3006. 92. 49. 60
Ex3006. 92. 50. 99
3006. 92. 49. 70
Ex3006. 92. 50. 99
3006. 92. 49. 81
Ex3006. 92. 50. 99
3006. 92. 49. 82
Ex3006. 92. 50. 99
3006. 92. 49. 83
Ex3006. 92. 50. 99
3006. 92. 49. 84
Ex3006. 92. 50. 99
3006. 92. 49. 85
Ex3006. 92. 50. 99
3006. 92. 49. 86
Ex3006. 92. 50. 99
3006. 92. 49. 87
Ex3006. 92. 50. 99
3006. 92. 49. 89
Ex3006. 92. 50. 91
3006. 92. 51. 10
Ex3006. 92. 60. 10
3006. 92. 51. 20
Ex3006. 92. 60. 10
Page 34
--- Page 36 (parsed text) --Table de concordance 2017-2022
Codification 2017
Codification 2022
3006. 92. 51. 30
Ex3006. 92. 60. 90
3006. 92. 51. 40
Ex3006. 92. 60. 90
3006. 92. 51. 90
Ex3006. 92. 60. 90
3006. 92. 59. 10
Ex3006. 92. 60. 90
3006. 92. 59. 20
Ex3006. 92. 60. 90
3006. 92. 59. 30
Ex3006. 92. 60. 90
3006. 92. 59. 40
Ex3006. 92. 60. 90
3006. 92. 59. 90
Ex3006. 92. 60. 90
3006. 92. 91. 01
Ex3006. 92. 90. 11
3006. 92. 91. 02
Ex3006. 92. 90. 12
3006. 92. 91. 03
Ex3006. 92. 90. 12
3006. 92. 91. 04
Ex3006. 92. 90. 19
3006. 92. 91. 05
Ex3006. 92. 90. 13
3006. 92. 91. 06
Ex3006. 92. 90. 19
3006. 92. 91. 07
Ex3006. 92. 90. 19
3006. 92. 91. 08
Ex3006. 92. 90. 19
3006. 92. 91. 09
Ex3006. 92. 90. 19
3006. 92. 91. 10
Ex3006. 92. 90. 13
3006. 92. 91. 11
Ex3006. 92. 90. 19
3006. 92. 91. 12
Ex3006. 92. 90. 13
3006. 92. 91. 13
Ex3006. 92. 90. 12
3006. 92. 91. 14
Ex3006. 92. 90. 19
3006. 92. 91. 15
Ex3006. 92. 90. 13
3006. 92. 91. 16
Ex3006. 92. 90. 19
3006. 92. 91. 17
Ex3006. 92. 90. 19
3006. 92. 91. 18
Ex3006. 92. 90. 19
3006. 92. 91. 19
Ex3006. 92. 90. 12
3006. 92. 91. 20
Ex3006. 92. 90. 19
3006. 92. 91. 21
Ex3006. 92. 90. 19
3006. 92. 91. 22
Ex3006. 92. 90. 19
3006. 92. 91. 23
Ex3006. 92. 90. 19
3006. 92. 91. 24
Ex3006. 92. 90. 19
3006. 92. 91. 25
Ex3006. 92. 90. 12
3006. 92. 91. 26
Ex3006. 92. 90. 19
3006. 92. 91. 27
Ex3006. 92. 90. 19
3006. 92. 91. 28
Ex3006. 92. 90. 19
3006. 92. 91. 29
Ex3006. 92. 90. 19
3006. 92. 91. 30
Ex3006. 92. 90. 19
3006. 92. 91. 31
Ex3006. 92. 90. 19
3006. 92. 91. 32
Ex3006. 92. 90. 19
3006. 92. 91. 33
Ex3006. 92. 90. 19
3006. 92. 91. 34
Ex3006. 92. 90. 19
3006. 92. 91. 35
Ex3006. 92. 90. 12
3006. 92. 91. 36
Ex3006. 92. 90. 19
3006. 92. 91. 37
Ex3006. 92. 90. 12
3006. 92. 91. 99
Ex3006. 92. 90. 11
3006. 92. 92. 00
Ex3822. 13. 00. 00
3006. 92. 93. 10
Ex3006. 92. 90. 30
Page 35
--- Page 37 (parsed text) --Table de concordance 2017-2022
Codification 2017
Codification 2022
3006. 92. 93. 20
Ex3006. 92. 90. 30
3006. 92. 93. 90
Ex3006. 92. 90. 30
3006. 92. 94. 10
Ex3006. 92. 90. 49
3006. 92. 94. 20
Ex3006. 92. 90. 49
3006. 92. 94. 90
3006. 92. 90. 41
3006. 92. 95. 00
3006. 92. 90. 50
3006. 92. 96. 10
Ex3006. 92. 90. 61
3006. 92. 96. 20
Ex3006. 92. 90. 61
3006. 92. 96. 30
Ex3006. 92. 90. 69
3006. 92. 96. 40
Ex3006. 92. 90. 69
3006. 92. 96. 90
Ex3006. 92. 90. 69
3006. 92. 99. 10
Ex3006. 92. 90. 90
3006. 92. 99. 90
Ex3006. 92. 90. 90
3204. 19. 00. 00
3204. 18. 00. 00
3204. 19. 00. 00
3401. 11. 41. 00
Ex3401. 11. 40. 00
3401. 11. 49. 00
Ex3401. 11. 40. 00
3401. 11. 69. 10
Ex3401. 11. 69. 00
3401. 11. 69. 90
Ex3401. 11. 69. 00
3401. 19. 31. 00
Ex3401. 19. 30. 00
3401. 19. 39. 00
Ex3401. 19. 30. 00
3401. 20. 90. 10
Ex3401. 20. 90. 98
3401. 20. 90. 20
Ex3401. 20. 90. 98
3401. 20. 90. 31
Ex3401. 20. 90. 98
3401. 20. 90. 39
Ex3401. 20. 90. 98
3401. 20. 90. 99
Ex3401. 20. 90. 98
3402. 11. 10. 00
3402. 31. 00. 00
3402. 11. 90. 00
3402. 39. 00. 00
3402. 12. 00. 00
3402. 41. 00. 00
3402. 13. 00. 00
3402. 42. 00. 00
3402. 19. 00. 00
3402. 49. 00. 00
3402. 20. 00. 00
3402. 50. 00. 00
3403. 11. 11. 00
Ex3403. 11. 00. 00
3403. 11. 19. 10
Ex3403. 11. 00. 00
3403. 11. 19. 90
Ex3403. 11. 00. 00
3403. 11. 90. 00
Ex3403. 11. 00. 00
3403. 19. 11. 00
Ex3403. 19. 00. 20
3403. 19. 19. 10
Ex3403. 19. 00. 20
3403. 19. 19. 90
Ex3403. 19. 00. 20
3403. 19. 90. 00
3403. 19. 00. 10
3403. 19. 00. 30
3403. 19. 00. 90
3403. 99. 10. 00
Ex3403. 99. 00. 00
3403. 99. 90. 00
Ex3403. 99. 00. 00
3404. 20. 00. 10
Ex3404. 20. 00. 00
3404. 20. 00. 90
Ex3404. 20. 00. 00
3404. 90. 90. 91
Ex3404. 90. 90. 90
3404. 90. 90. 99
Ex3404. 90. 90. 90
Page 36
--- Page 38 (parsed text) --Table de concordance 2017-2022
Codification 2017
Codification 2022
3405. 90. 90. 10
Ex3405. 90. 90. 00
3405. 90. 90. 90
Ex3405. 90. 90. 00
3407. 00. 11. 00
3407. 00. 00. 31
3407. 00. 19. 00
3407. 00. 00. 39
3407. 00. 90. 10
Ex3407. 00. 00. 10
3407. 00. 90. 20
Ex3407. 00. 00. 10
3407. 00. 90. 90
3407. 00. 00. 20
3603. 00. 10. 10
3603. 20. 00. 00
3603. 00. 10. 90
3603. 10. 00. 00
3603. 00. 21. 10
3603. 30. 00. 11
3603. 40. 00. 11
3603. 00. 21. 90
3603. 30. 00. 19
3603. 40. 00. 19
3603. 00. 29. 00
3603. 30. 00. 90
3603. 40. 00. 90
3603. 00. 90. 10
3603. 50. 00. 00
3603. 00. 90. 91
3603. 60. 00. 10
3603. 00. 90. 99
3603. 60. 00. 90
3801. 10. 00. 10
Ex3801. 10. 00. 00
3801. 10. 00. 90
Ex3801. 10. 00. 00
3801. 20. 10. 00
Ex3801. 20. 00. 00
3801. 20. 91. 00
Ex3801. 20. 00. 00
3801. 20. 99. 00
Ex3801. 20. 00. 00
3801. 30. 10. 00
Ex3801. 30. 00. 00
3801. 30. 90. 00
Ex3801. 30. 00. 00
3801. 90. 11. 00
Ex3801. 90. 10. 00
3801. 90. 19. 00
Ex3801. 90. 10. 00
3801. 90. 20. 00
Ex3801. 90. 80. 00
3801. 90. 91. 00
Ex3801. 90. 80. 00
3801. 90. 99. 00
Ex3801. 90. 80. 00
3802. 90. 00. 10
Ex3802. 90. 00. 00
3802. 90. 00. 90
Ex3802. 90. 00. 00
3803. 00. 00. 10
Ex3803. 00. 00. 00
3803. 00. 00. 90
Ex3803. 00. 00. 00
3805. 10. 00. 10
Ex3805. 10. 00. 00
3805. 10. 00. 20
Ex3805. 10. 00. 00
3805. 10. 00. 90
Ex3805. 10. 00. 00
3805. 90. 10. 10
Ex3805. 90. 10. 00
3805. 90. 10. 90
Ex3805. 90. 10. 00
3805. 90. 91. 00
Ex3805. 90. 90. 00
3805. 90. 99. 00
Ex3805. 90. 90. 00
3806. 20. 00. 10
Ex3806. 20. 00. 00
3806. 20. 00. 90
Ex3806. 20. 00. 00
3806. 90. 10. 00
Ex3806. 90. 00. 00
3806. 90. 90. 10
Ex3806. 90. 00. 00
3806. 90. 90. 20
Ex3806. 90. 00. 00
3806. 90. 90. 90
Ex3806. 90. 00. 00
3807. 00. 10. 00
Ex3807. 00. 00. 00
Page 37
--- Page 39 (parsed text) --Table de concordance 2017-2022
Codification 2017
Codification 2022
3807. 00. 90. 11
Ex3807. 00. 00. 00
3807. 00. 90. 19
Ex3807. 00. 00. 00
3807. 00. 90. 20
Ex3807. 00. 00. 00
3807. 00. 90. 30
Ex3807. 00. 00. 00
3807. 00. 90. 41
Ex3807. 00. 00. 00
3807. 00. 90. 43
Ex3807. 00. 00. 00
3807. 00. 90. 49
Ex3807. 00. 00. 00
3807. 00. 90. 91
Ex3807. 00. 00. 00
3807. 00. 90. 99
Ex3807. 00. 00. 00
3808. 52. 10. 00
Ex3808. 52. 00. 00
3808. 52. 90. 00
Ex3808. 52. 00. 00
3808. 59. 10. 11
Ex3808. 59. 10. 00
3808. 59. 10. 19
Ex3808. 59. 10. 00
3808. 59. 10. 90
Ex3808. 59. 10. 00
3808. 59. 20. 11
Ex3808. 59. 20. 00
3808. 59. 20. 19
Ex3808. 59. 20. 00
3808. 59. 20. 90
Ex3808. 59. 20. 00
3808. 59. 30. 11
Ex3808. 59. 30. 30
3808. 59. 30. 19
Ex3808. 59. 30. 30
3808. 59. 30. 21
Ex3808. 59. 30. 10
Ex3808. 59. 30. 20
3808. 59. 30. 29
Ex3808. 59. 30. 10
Ex3808. 59. 30. 20
3808. 59. 30. 90
Ex3808. 59. 30. 10
Ex3808. 59. 30. 20
3808. 59. 40. 11
Ex3808. 59. 40. 00
3808. 59. 40. 19
Ex3808. 59. 40. 00
3808. 59. 40. 90
Ex3808. 59. 40. 00
3808. 59. 90. 11
Ex3808. 59. 90. 10
3808. 59. 90. 19
Ex3808. 59. 90. 10
3808. 59. 90. 90
Ex3808. 59. 90. 80
3808. 61. 10. 00
Ex3808. 61. 00. 00
3808. 61. 90. 00
Ex3808. 61. 00. 00
3808. 62. 10. 10
Ex3808. 62. 00. 00
3808. 62. 10. 90
Ex3808. 62. 00. 00
3808. 62. 90. 10
Ex3808. 62. 00. 00
3808. 62. 90. 20
Ex3808. 62. 00. 00
3808. 62. 90. 90
Ex3808. 62. 00. 00
3808. 69. 10. 00
Ex3808. 69. 00. 00
3808. 69. 20. 00
Ex3808. 69. 00. 00
3808. 69. 90. 00
Ex3808. 69. 00. 00
3808. 91. 11. 00
Ex3808. 91. 00. 10
Ex3808. 91. 00. 30
3808. 91. 19. 20
Ex3808. 59. 10. 00
Ex3808. 91. 00. 91
3808. 91. 19. 91
Ex3808. 59. 10. 00
Ex3808. 91. 00. 10
3808. 91. 19. 97
Ex3808. 59. 10. 00
Page 38
--- Page 40 (parsed text) --Table de concordance 2017-2022
Codification 2017
Codification 2022
Ex3808. 91. 00. 91
3808. 91. 20. 00
Ex3808. 59. 10. 00
3808. 91. 00. 20
3808. 91. 80. 30
Ex3808. 59. 10. 00
Ex3808. 91. 00. 10
3808. 91. 80. 40
Ex3808. 91. 00. 30
3808. 91. 80. 90
Ex3808. 59. 10. 00
3808. 91. 00. 99
3808. 92. 21. 00
Ex3808. 92. 20. 00
3808. 92. 29. 00
Ex3808. 92. 20. 00
3808. 92. 91. 20
3808. 92. 90. 10
3808. 92. 91. 91
Ex3808. 59. 20. 00
Ex3808. 92. 90. 91
3808. 92. 91. 99
Ex3808. 59. 20. 00
Ex3808. 92. 90. 91
3808. 92. 99. 10
Ex3808. 92. 99. 99
3808. 92. 99. 80
Ex3808. 59. 20. 00
Ex3808. 92. 99. 99
3808. 93. 12. 00
Ex3808. 59. 30. 30
3808. 93. 00. 40
3808. 93. 18. 00
Ex3808. 59. 30. 30
Ex3808. 93. 00. 90
3808. 93. 91. 20
Ex3808. 93. 00. 10
3808. 93. 91. 91
Ex3808. 59. 30. 10
Ex3808. 59. 30. 20
Ex3808. 93. 00. 20
Ex3808. 93. 00. 30
3808. 93. 91. 99
Ex3808. 59. 30. 10
Ex3808. 59. 30. 20
Ex3808. 93. 00. 20
Ex3808. 93. 00. 30
3808. 93. 99. 10
Ex3808. 93. 00. 10
3808. 93. 99. 80
Ex3808. 59. 30. 10
Ex3808. 59. 30. 20
Ex3808. 93. 00. 90
3808. 94. 11. 00
Ex3808. 94. 00. 10
3808. 94. 19. 20
Ex3808. 59. 40. 00
Ex3808. 94. 00. 91
3808. 94. 19. 80
Ex3808. 59. 40. 00
Ex3808. 94. 00. 91
3808. 94. 90. 10
Ex3808. 94. 00. 10
3808. 94. 90. 80
Ex3808. 59. 40. 00
3808. 94. 00. 99
3808. 99. 19. 20
Ex3808. 59. 90. 10
Ex3808. 99. 19. 00
3808. 99. 19. 80
Ex3808. 59. 90. 10
Ex3808. 99. 19. 00
3808. 99. 90. 80
Ex3808. 59. 90. 80
Page 39
--- Page 41 (parsed text) --Table de concordance 2017-2022
Codification 2017
Codification 2022
3808. 99. 90. 70
3809. 10. 10. 10
Ex3809. 10. 10. 00
3809. 10. 10. 90
Ex3809. 10. 10. 00
3809. 10. 91. 00
Ex3809. 10. 90. 00
3809. 10. 99. 00
Ex3809. 10. 90. 00
3809. 91. 10. 10
Ex3809. 91. 10. 00
3809. 91. 10. 90
Ex3809. 91. 10. 00
3809. 91. 91. 00
Ex3809. 91. 90. 00
3809. 91. 99. 00
Ex3809. 91. 90. 00
3809. 93. 10. 10
Ex3809. 93. 10. 00
3809. 93. 10. 90
Ex3809. 93. 10. 00
3811. 11. 10. 10
Ex3811. 11. 00. 00
3811. 11. 10. 20
Ex3811. 11. 00. 00
3811. 11. 10. 90
Ex3811. 11. 00. 00
3811. 11. 91. 00
Ex3811. 11. 00. 00
3811. 11. 99. 00
Ex3811. 11. 00. 00
3811. 19. 10. 00
Ex3811. 19. 00. 00
3811. 19. 91. 00
Ex3811. 19. 00. 00
3811. 19. 99. 00
Ex3811. 19. 00. 00
3811. 21. 10. 00
Ex3811. 21. 00. 00
3811. 21. 91. 00
Ex3811. 21. 00. 00
3811. 21. 99. 00
Ex3811. 21. 00. 00
3811. 29. 10. 00
Ex3811. 29. 00. 00
3811. 29. 91. 00
Ex3811. 29. 00. 00
3811. 29. 99. 00
Ex3811. 29. 00. 00
3811. 90. 91. 00
Ex3811. 90. 90. 00
3811. 90. 99. 00
Ex3811. 90. 90. 00
3812. 20. 10. 00
Ex3812. 20. 00. 10
Ex3812. 20. 00. 20
3812. 20. 90. 10
Ex3812. 20. 00. 20
3812. 20. 90. 90
Ex3812. 20. 00. 10
Ex3812. 20. 00. 20
3812. 31. 10. 00
Ex3812. 31. 00. 10
Ex3812. 31. 00. 20
3812. 31. 90. 10
Ex3812. 31. 00. 10
3812. 31. 90. 90
Ex3812. 31. 00. 20
3812. 39. 10. 00
Ex3812. 39. 00. 10
Ex3812. 39. 00. 20
3812. 39. 90. 10
Ex3812. 39. 00. 10
3812. 39. 90. 90
Ex3812. 39. 00. 20
3814. 00. 00. 10
Ex3814. 00. 00. 30
3814. 00. 00. 20
Ex3814. 00. 00. 30
3815. 11. 10. 00
Ex3815. 11. 00. 00
3815. 11. 90. 00
Ex3815. 11. 00. 00
3815. 12. 10. 00
Ex3815. 12. 00. 00
3815. 12. 90. 00
Ex3815. 12. 00. 00
3815. 19. 10. 00
Ex3815. 19. 00. 00
3815. 19. 90. 00
Ex3815. 19. 00. 00
Page 40
--- Page 42 (parsed text) --Table de concordance 2017-2022
Codification 2017
Codification 2022
3815. 90. 10. 00
Ex3815. 90. 00. 00
3815. 90. 90. 00
Ex3815. 90. 00. 00
3816. 00. 10. 00
3816. 00. 00. 91
3816. 00. 90. 00
3816. 00. 00. 99
3817. 00. 11. 00
Ex3817. 00. 10. 00
3817. 00. 12. 00
Ex3817. 00. 10. 00
3817. 00. 19. 00
Ex3817. 00. 10. 00
3817. 00. 91. 00
Ex3817. 00. 90. 00
3817. 00. 99. 00
Ex3817. 00. 90. 00
3818. 00. 10. 00
Ex3818. 00. 00. 00
3818. 00. 90. 00
Ex3818. 00. 00. 00
3820. 00. 90. 10
Ex3820. 00. 90. 00
3820. 00. 90. 90
Ex3820. 00. 90. 00
3822. 00. 10. 00
3822. 90. 10. 00
3822. 00. 91. 00
Ex3822. 12. 90. 00
Ex3822. 19. 90. 00
Ex3822. 90. 90. 00
3822. 00. 92. 00
Ex3822. 12. 90. 00
Ex3822. 19. 90. 00
Ex3822. 90. 90. 00
3822. 00. 93. 00
Ex3822. 12. 90. 00
Ex3822. 19. 90. 00
Ex3822. 90. 90. 00
3822. 00. 99. 00
Ex3822. 12. 90. 00
Ex3822. 19. 90. 00
Ex3822. 90. 90. 00
3823. 70. 90. 10
Ex3823. 70. 90. 00
3823. 70. 90. 90
Ex3823. 70. 90. 00
3824. 10. 10. 00
Ex3824. 10. 00. 00
3824. 10. 91. 00
Ex3824. 10. 00. 00
3824. 10. 99. 00
Ex3824. 10. 00. 00
3824. 30. 10. 00
Ex3824. 30. 00. 00
3824. 30. 90. 00
Ex3824. 30. 00. 00
3824. 71. 20. 00
Ex3827. 11. 00. 00
3824. 71. 80. 00
Ex3827. 11. 00. 00
3824. 72. 10. 00
Ex3827. 20. 00. 00
3824. 72. 90. 00
Ex3827. 20. 00. 00
3824. 73. 10. 00
Ex3827. 12. 00. 00
3824. 73. 90. 00
Ex3827. 12. 00. 00
3824. 74. 10. 00
Ex3827. 31. 00. 00
Ex3827. 32. 00. 00
Ex3827. 39. 00. 00
3824. 74. 90. 00
Ex3827. 31. 00. 00
Ex3827. 32. 00. 00
Ex3827. 39. 00. 00
3824. 75. 10. 00
Ex3827. 13. 00. 00
3824. 75. 90. 00
Ex3827. 13. 00. 00
3824. 76. 10. 00
Ex3827. 14. 00. 00
Page 41
--- Page 43 (parsed text) --Table de concordance 2017-2022
Codification 2017
Codification 2022
3824. 76. 90. 00
Ex3827. 14. 00. 00
3824. 77. 10. 00
Ex3827. 40. 00. 00
3824. 77. 90. 00
Ex3827. 40. 00. 00
3824. 78. 10. 00
Ex3827. 51. 00. 00
Ex3827. 59. 00. 00
Ex3827. 61. 00. 00
Ex3827. 62. 00. 00
Ex3827. 63. 00. 00
Ex3827. 64. 00. 00
Ex3827. 65. 00. 00
Ex3827. 68. 00. 00
Ex3827. 69. 00. 00
3824. 78. 90. 00
Ex3827. 51. 00. 00
Ex3827. 59. 00. 00
Ex3827. 61. 00. 00
Ex3827. 62. 00. 00
Ex3827. 63. 00. 00
Ex3827. 64. 00. 00
Ex3827. 65. 00. 00
Ex3827. 68. 00. 00
Ex3827. 69. 00. 00
3824. 79. 20. 00
Ex3827. 90. 00. 00
3824. 79. 80. 00
Ex3827. 90. 00. 00
3824. 81. 10. 00
Ex3824. 81. 00. 00
3824. 81. 90. 00
Ex3824. 81. 00. 00
3824. 82. 10. 00
Ex3824. 82. 00. 00
3824. 82. 90. 00
Ex3824. 82. 00. 00
3824. 83. 10. 00
Ex3824. 83. 00. 00
3824. 83. 90. 00
Ex3824. 83. 00. 00
3824. 84. 10. 00
Ex3824. 84. 00. 00
3824. 84. 90. 00
Ex3824. 84. 00. 00
3824. 85. 10. 00
Ex3824. 85. 00. 00
3824. 85. 90. 00
Ex3824. 85. 00. 00
3824. 86. 10. 00
Ex3824. 86. 00. 00
3824. 86. 90. 00
Ex3824. 86. 00. 00
3824. 87. 10. 00
Ex3824. 87. 00. 00
3824. 87. 90. 00
Ex3824. 87. 00. 00
3824. 88. 10. 00
Ex3824. 88. 00. 00
3824. 88. 90. 00
Ex3824. 88. 00. 00
3824. 91. 10. 00
Ex3824. 91. 00. 00
3824. 91. 90. 00
Ex3824. 91. 00. 00
3824. 99. 05. 00
3824. 99. 00. 01
3824. 99. 10. 00
3824. 99. 00. 02
3824. 99. 20. 00
3824. 99. 00. 03
3824. 99. 30. 00
3824. 99. 00. 04
3824. 99. 40. 00
3824. 99. 00. 05
3824. 99. 50. 00
3824. 99. 00. 06
3824. 99. 60. 11
Ex3824. 99. 00. 07
Page 42
--- Page 44 (parsed text) --Table de concordance 2017-2022
Codification 2017
Codification 2022
3824. 99. 60. 12
Ex3824. 99. 00. 08
3824. 99. 60. 13
Ex3824. 99. 00. 09
3824. 99. 60. 14
Ex3824. 99. 00. 10
3824. 99. 60. 15
Ex3824. 99. 00. 11
3824. 99. 60. 16
Ex3824. 99. 00. 12
3824. 99. 60. 17
Ex3824. 99. 00. 13
3824. 99. 60. 19
Ex3824. 99. 00. 14
3824. 99. 60. 21
Ex3824. 99. 00. 21
3824. 99. 60. 29
Ex3824. 99. 00. 29
3824. 99. 60. 30
Ex3824. 99. 00. 31
3824. 99. 60. 40
Ex3824. 99. 00. 32
3824. 99. 60. 50
3824. 99. 00. 33
3824. 99. 60. 90
2404. 12. 00. 00
2404. 19. 00. 10
2404. 92. 00. 00
2404. 99. 00. 00
3006. 93. 50. 00
Ex3824. 89. 00. 00
Ex3824. 92. 00. 00
3824. 99. 00. 91
3824. 99. 70. 00
3824. 99. 00. 34
3824. 99. 80. 00
3824. 99. 00. 35
3824. 99. 91. 00
3824. 99. 00. 36
3824. 99. 92. 00
3824. 99. 00. 37
3824. 99. 93. 00
3824. 99. 00. 38
3824. 99. 94. 00
3824. 99. 00. 39
3824. 99. 95. 00
3824. 99. 00. 40
3824. 99. 96. 00
3824. 99. 00. 41
3824. 99. 97. 00
3824. 99. 00. 42
3824. 99. 99. 11
3824. 99. 00. 43
3824. 99. 99. 12
3824. 99. 00. 44
3824. 99. 99. 13
3824. 99. 00. 45
3824. 99. 99. 14
3824. 99. 00. 46
3824. 99. 99. 15
3824. 99. 00. 47
3824. 99. 99. 16
3824. 99. 00. 48
3824. 99. 99. 17
3824. 99. 00. 49
3824. 99. 99. 18
3824. 99. 00. 50
3824. 99. 99. 19
3824. 99. 00. 51
3824. 99. 99. 21
Ex3824. 99. 00. 07
3824. 99. 99. 22
Ex3824. 99. 00. 08
3824. 99. 99. 23
Ex3824. 99. 00. 09
3824. 99. 99. 24
Ex3824. 99. 00. 10
3824. 99. 99. 25
Ex3824. 99. 00. 11
3824. 99. 99. 26
Ex3824. 99. 00. 12
3824. 99. 99. 27
Ex3824. 99. 00. 13
3824. 99. 99. 29
Ex3824. 99. 00. 14
3824. 99. 99. 31
Ex3824. 99. 00. 21
3824. 99. 99. 39
Ex3824. 99. 00. 29
Page 43
--- Page 45 (parsed text) --Table de concordance 2017-2022
Codification 2017
Codification 2022
3824. 99. 99. 40
Ex3824. 99. 00. 31
3824. 99. 99. 50
Ex3824. 99. 00. 32
3824. 99. 99. 91
3824. 99. 00. 52
3824. 99. 99. 92
3824. 99. 00. 53
3824. 99. 99. 93
3824. 99. 00. 54
3824. 99. 99. 94
3824. 99. 00. 55
3824. 99. 99. 95
3824. 99. 00. 56
3824. 99. 99. 99
Ex3824. 89. 00. 00
Ex3824. 92. 00. 00
3824. 99. 00. 99
3825. 10. 00. 10
Ex3825. 10. 00. 00
3825. 10. 00. 90
Ex3825. 10. 00. 00
3825. 20. 00. 10
Ex3825. 20. 00. 00
3825. 20. 00. 90
Ex3825. 20. 00. 00
3825. 30. 11. 00
Ex3825. 30. 00. 11
3825. 30. 19. 00
Ex3825. 30. 00. 11
3825. 30. 21. 00
Ex3825. 30. 00. 19
3825. 30. 22. 00
Ex3825. 30. 00. 19
3825. 30. 29. 00
Ex3825. 30. 00. 19
3825. 30. 30. 00
3825. 30. 00. 20
3825. 30. 41. 00
Ex3825. 30. 00. 31
3825. 30. 42. 00
Ex3825. 30. 00. 31
3825. 30. 43. 00
Ex3825. 30. 00. 31
3825. 30. 49. 00
3825. 30. 00. 39
3825. 30. 51. 00
Ex3825. 30. 00. 40
3825. 30. 59. 00
Ex3825. 30. 00. 40
3825. 30. 60. 00
Ex3825. 30. 00. 90
3825. 30. 70. 00
Ex3825. 30. 00. 90
3825. 30. 80. 00
Ex3825. 30. 00. 90
3825. 30. 90. 00
Ex3825. 30. 00. 90
3825. 41. 00. 10
Ex3825. 41. 00. 00
3825. 41. 00. 90
Ex3825. 41. 00. 00
3825. 49. 00. 10
Ex3825. 49. 00. 00
3825. 49. 00. 90
Ex3825. 49. 00. 00
3825. 50. 00. 10
Ex3825. 50. 00. 00
3825. 50. 00. 90
Ex3825. 50. 00. 00
3825. 61. 00. 10
Ex3825. 61. 00. 00
3825. 61. 00. 90
Ex3825. 61. 00. 00
3825. 69. 00. 10
Ex3825. 69. 00. 00
3825. 69. 00. 90
Ex3825. 69. 00. 00
3825. 90. 00. 10
Ex3825. 90. 00. 00
3825. 90. 00. 90
Ex3825. 90. 00. 00
3901. 30. 20. 00
Ex3901. 30. 40. 00
3901. 30. 30. 00
Ex3901. 30. 40. 00
3901. 40. 20. 00
Ex3901. 40. 40. 00
3901. 40. 30. 00
Ex3901. 40. 40. 00
3901. 90. 15. 00
3901. 90. 10. 00
3901. 90. 25. 00
Ex3901. 90. 40. 00
Page 44
--- Page 46 (parsed text) --Table de concordance 2017-2022
Codification 2017
Codification 2022
3901. 90. 35. 00
Ex3901. 90. 40. 00
3901. 90. 95. 00
3901. 90. 90. 00
3902. 10. 20. 00
Ex3902. 10. 80. 00
3902. 10. 90. 00
Ex3902. 10. 80. 00
3902. 20. 20. 00
Ex3902. 20. 80. 00
3902. 20. 90. 00
Ex3902. 20. 80. 00
3902. 30. 20. 00
Ex3902. 30. 40. 00
3902. 30. 30. 00
Ex3902. 30. 40. 00
3902. 90. 20. 00
Ex3902. 90. 40. 00
3902. 90. 30. 00
Ex3902. 90. 40. 00
3904. 21. 20. 00
Ex3904. 21. 80. 00
3904. 21. 90. 00
Ex3904. 21. 80. 00
3904. 22. 20. 00
Ex3904. 22. 80. 00
3904. 22. 90. 00
Ex3904. 22. 80. 00
3904. 40. 20. 00
Ex3904. 40. 40. 00
3904. 40. 30. 00
Ex3904. 40. 40. 00
3904. 69. 20. 00
Ex3904. 69. 40. 00
3904. 69. 30. 00
Ex3904. 69. 40. 00
3904. 90. 95. 00
Ex3904. 90. 92. 00
3904. 90. 96. 00
Ex3904. 90. 92. 00
3905. 21. 10. 00
Ex3905. 21. 00. 00
3905. 21. 90. 00
Ex3905. 21. 00. 00
3905. 29. 95. 00
Ex3905. 29. 92. 00
3905. 29. 96. 00
Ex3905. 29. 92. 00
3905. 30. 11. 00
Ex3905. 30. 10. 00
3905. 30. 19. 00
Ex3905. 30. 10. 00
3905. 99. 95. 00
Ex3905. 99. 92. 00
3905. 99. 96. 00
Ex3905. 99. 92. 00
3906. 90. 95. 00
Ex3906. 90. 92. 00
3906. 90. 96. 00
Ex3906. 90. 92. 00
3907. 20. 00. 00
3907. 21. 00. 00
3907. 29. 00. 00
3908. 10. 20. 00
Ex3908. 10. 80. 00
3908. 10. 90. 00
Ex3908. 10. 80. 00
3909. 10. 91. 00
Ex3909. 10. 90. 00
3909. 10. 99. 00
Ex3909. 10. 90. 00
3911. 10. 13. 00
Ex3911. 10. 12. 00
3911. 10. 17. 00
Ex3911. 10. 12. 00
3911. 10. 93. 00
Ex3911. 10. 92. 00
3911. 10. 97. 00
Ex3911. 10. 92. 00
3911. 90. 10. 00
3911. 20. 00. 00
3911. 90. 20. 00
3911. 90. 93. 00
Ex3911. 90. 92. 00
3911. 90. 97. 00
Ex3911. 90. 92. 00
3912. 12. 00. 10
Ex3912. 12. 00. 00
3912. 12. 00. 90
Ex3912. 12. 00. 00
3912. 39. 90. 10
Ex3912. 39. 90. 00
3912. 39. 90. 90
Ex3912. 39. 90. 00
Page 45
--- Page 47 (parsed text) --Table de concordance 2017-2022
Codification 2017
Codification 2022
3916. 10. 00. 10
Ex3916. 10. 00. 00
3916. 10. 00. 90
Ex3916. 10. 00. 00
3916. 20. 00. 10
Ex3916. 20. 00. 00
3916. 20. 00. 91
Ex3916. 20. 00. 00
3916. 20. 00. 99
Ex3916. 20. 00. 00
3916. 90. 18. 11
Ex3916. 90. 18. 00
3916. 90. 18. 19
Ex3916. 90. 18. 00
3916. 90. 18. 20
Ex3916. 90. 18. 00
3916. 90. 18. 30
Ex3916. 90. 18. 00
3916. 90. 18. 50
Ex3916. 90. 18. 00
3916. 90. 18. 60
Ex3916. 90. 18. 00
3916. 90. 18. 90
Ex3916. 90. 18. 00
3916. 90. 20. 11
Ex3916. 90. 20. 00
3916. 90. 20. 12
Ex3916. 90. 20. 00
3916. 90. 20. 13
Ex3916. 90. 20. 00
3916. 90. 20. 14
Ex3916. 90. 20. 00
3916. 90. 20. 15
Ex3916. 90. 20. 00
3916. 90. 20. 16
Ex3916. 90. 20. 00
3916. 90. 20. 17
Ex3916. 90. 20. 00
3916. 90. 20. 18
Ex3916. 90. 20. 00
3916. 90. 20. 19
Ex3916. 90. 20. 00
3916. 90. 20. 91
Ex3916. 90. 20. 00
3916. 90. 20. 99
Ex3916. 90. 20. 00
3916. 90. 31. 00
Ex3916. 90. 30. 00
3916. 90. 39. 10
Ex3916. 90. 30. 00
3916. 90. 39. 20
Ex3916. 90. 30. 00
3916. 90. 39. 30
Ex3916. 90. 30. 00
3916. 90. 39. 40
Ex3916. 90. 30. 00
3916. 90. 39. 90
Ex3916. 90. 30. 00
3917. 10. 91. 10
Ex3917. 10. 90. 00
3917. 10. 91. 20
Ex3917. 10. 90. 00
3917. 10. 91. 30
Ex3917. 10. 90. 00
3917. 10. 91. 40
Ex3917. 10. 90. 00
3917. 10. 91. 90
Ex3917. 10. 90. 00
3917. 10. 99. 00
Ex3917. 10. 90. 00
3917. 21. 00. 10
3917. 21. 91. 00
3917. 21. 00. 92
3917. 21. 10. 00
3917. 21. 00. 94
Ex3917. 21. 99. 00
3917. 21. 00. 98
Ex3917. 21. 99. 00
3917. 22. 00. 91
Ex3917. 22. 00. 90
3917. 22. 00. 99
Ex3917. 22. 00. 90
3917. 29. 10. 10
Ex3917. 29. 10. 00
3917. 29. 10. 20
Ex3917. 29. 10. 00
3917. 29. 10. 30
Ex3917. 29. 10. 00
3917. 29. 10. 90
Ex3917. 29. 10. 00
3917. 29. 21. 00
Ex3917. 29. 80. 00
3917. 29. 29. 11
Ex3917. 29. 80. 00
3917. 29. 29. 19
Ex3917. 29. 80. 00
Page 46
--- Page 48 (parsed text) --Table de concordance 2017-2022
Codification 2017
Codification 2022
3917. 29. 29. 20
Ex3917. 29. 80. 00
3917. 29. 29. 30
Ex3917. 29. 80. 00
3917. 29. 29. 40
Ex3917. 29. 80. 00
3917. 29. 29. 50
Ex3917. 29. 80. 00
3917. 29. 29. 60
Ex3917. 29. 80. 00
3917. 29. 29. 90
Ex3917. 29. 80. 00
3917. 29. 30. 01
Ex3917. 29. 80. 00
3917. 29. 30. 09
Ex3917. 29. 80. 00
3917. 29. 30. 18
Ex3917. 29. 80. 00
3917. 29. 30. 27
Ex3917. 29. 80. 00
3917. 29. 30. 36
Ex3917. 29. 80. 00
3917. 29. 30. 45
Ex3917. 29. 80. 00
3917. 29. 30. 54
Ex3917. 29. 80. 00
3917. 29. 30. 63
Ex3917. 29. 80. 00
3917. 29. 30. 72
Ex3917. 29. 80. 00
3917. 29. 30. 81
Ex3917. 29. 80. 00
3917. 29. 30. 99
Ex3917. 29. 80. 00
3917. 29. 40. 10
Ex3917. 29. 80. 00
3917. 29. 40. 20
Ex3917. 29. 80. 00
3917. 29. 40. 30
Ex3917. 29. 80. 00
3917. 29. 40. 90
Ex3917. 29. 80. 00
3917. 29. 50. 00
Ex3917. 29. 80. 00
3917. 29. 60. 00
Ex3917. 29. 80. 00
3917. 29. 90. 00
Ex3917. 29. 80. 00
3917. 31. 10. 10
Ex3917. 31. 10. 00
3917. 31. 10. 90
Ex3917. 31. 10. 00
3917. 31. 21. 00
Ex3917. 31. 20. 00
3917. 31. 29. 11
Ex3917. 31. 20. 00
3917. 31. 29. 19
Ex3917. 31. 20. 00
3917. 31. 29. 20
Ex3917. 31. 20. 00
3917. 31. 29. 30
Ex3917. 31. 20. 00
3917. 31. 29. 40
Ex3917. 31. 20. 00
3917. 31. 29. 50
Ex3917. 31. 20. 00
3917. 31. 29. 60
Ex3917. 31. 20. 00
3917. 31. 29. 90
Ex3917. 31. 20. 00
3917. 31. 30. 21
Ex3917. 31. 30. 80
3917. 31. 30. 22
Ex3917. 31. 30. 80
3917. 31. 30. 23
Ex3917. 31. 30. 80
3917. 31. 30. 24
Ex3917. 31. 30. 80
3917. 31. 30. 25
Ex3917. 31. 30. 80
3917. 31. 30. 26
Ex3917. 31. 30. 80
3917. 31. 30. 27
Ex3917. 31. 30. 80
3917. 31. 30. 29
Ex3917. 31. 30. 80
3917. 31. 30. 91
Ex3917. 31. 30. 80
3917. 31. 30. 92
Ex3917. 31. 30. 80
3917. 31. 30. 99
Ex3917. 31. 30. 80
3917. 31. 40. 10
Ex3917. 31. 40. 00
3917. 31. 40. 20
Ex3917. 31. 40. 00
Page 47
--- Page 49 (parsed text) --Table de concordance 2017-2022
Codification 2017
Codification 2022
3917. 31. 40. 30
Ex3917. 31. 40. 00
3917. 31. 40. 90
Ex3917. 31. 40. 00
3917. 32. 10. 10
Ex3917. 32. 10. 00
3917. 32. 10. 90
Ex3917. 32. 10. 00
3917. 32. 29. 11
Ex3917. 32. 29. 10
3917. 32. 29. 19
Ex3917. 32. 29. 10
3917. 32. 29. 20
Ex3917. 32. 29. 98
3917. 32. 29. 30
Ex3917. 32. 29. 98
3917. 32. 29. 40
Ex3917. 32. 29. 98
3917. 32. 29. 50
Ex3917. 32. 29. 98
3917. 32. 29. 60
Ex3917. 32. 29. 98
3917. 32. 29. 99
Ex3917. 32. 29. 98
3917. 32. 39. 21
Ex3917. 32. 39. 80
3917. 32. 39. 22
Ex3917. 32. 39. 80
3917. 32. 39. 23
Ex3917. 32. 39. 80
3917. 32. 39. 24
Ex3917. 32. 39. 80
3917. 32. 39. 25
Ex3917. 32. 39. 80
3917. 32. 39. 26
Ex3917. 32. 39. 80
3917. 32. 39. 27
Ex3917. 32. 39. 80
3917. 32. 39. 29
Ex3917. 32. 39. 80
3917. 32. 39. 91
Ex3917. 32. 39. 80
3917. 32. 39. 92
Ex3917. 32. 39. 80
3917. 32. 39. 99
Ex3917. 32. 39. 80
3917. 32. 40. 10
Ex3917. 32. 40. 00
3917. 32. 40. 20
Ex3917. 32. 40. 00
3917. 32. 40. 30
Ex3917. 32. 40. 00
3917. 32. 40. 90
Ex3917. 32. 40. 00
3917. 33. 00. 10
Ex3917. 33. 00. 00
3917. 33. 00. 90
Ex3917. 33. 00. 00
3917. 39. 21. 00
Ex3917. 39. 20. 00
3917. 39. 29. 11
Ex3917. 39. 20. 00
3917. 39. 29. 19
Ex3917. 39. 20. 00
3917. 39. 29. 20
Ex3917. 39. 20. 00
3917. 39. 29. 30
Ex3917. 39. 20. 00
3917. 39. 29. 40
Ex3917. 39. 20. 00
3917. 39. 29. 50
Ex3917. 39. 20. 00
3917. 39. 29. 60
Ex3917. 39. 20. 00
3917. 39. 29. 90
Ex3917. 39. 20. 00
3917. 39. 30. 21
Ex3917. 39. 30. 80
3917. 39. 30. 22
Ex3917. 39. 30. 80
3917. 39. 30. 23
Ex3917. 39. 30. 80
3917. 39. 30. 24
Ex3917. 39. 30. 80
3917. 39. 30. 25
Ex3917. 39. 30. 80
3917. 39. 30. 26
Ex3917. 39. 30. 80
3917. 39. 30. 27
Ex3917. 39. 30. 80
3917. 39. 30. 29
Ex3917. 39. 30. 80
3917. 39. 30. 91
Ex3917. 39. 30. 80
3917. 39. 30. 92
Ex3917. 39. 30. 80
Page 48
--- Page 50 (parsed text) --Table de concordance 2017-2022
Codification 2017
Codification 2022
3917. 39. 30. 99
Ex3917. 39. 30. 80
3917. 39. 40. 10
Ex3917. 39. 40. 00
3917. 39. 40. 20
Ex3917. 39. 40. 00
3917. 39. 40. 30
Ex3917. 39. 40. 00
3917. 39. 40. 90
Ex3917. 39. 40. 00
3917. 40. 00. 10
Ex3917. 40. 00. 00
3917. 40. 00. 90
Ex3917. 40. 00. 00
3918. 10. 00. 31
Ex3918. 10. 00. 30
3918. 10. 00. 39
Ex3918. 10. 00. 30
3918. 90. 21. 00
Ex3918. 90. 70. 00
3918. 90. 22. 00
Ex3918. 90. 70. 00
3918. 90. 29. 11
Ex3918. 90. 70. 00
3918. 90. 29. 19
Ex3918. 90. 70. 00
3918. 90. 29. 20
Ex3918. 90. 70. 00
3918. 90. 29. 30
Ex3918. 90. 70. 00
3918. 90. 29. 40
Ex3918. 90. 70. 00
3918. 90. 29. 50
Ex3918. 90. 70. 00
3918. 90. 29. 60
Ex3918. 90. 70. 00
3918. 90. 29. 90
Ex3918. 90. 70. 00
3918. 90. 30. 11
3918. 90. 20. 00
3918. 90. 30. 12
3918. 90. 30. 00
3918. 90. 30. 13
Ex3918. 90. 70. 00
3918. 90. 30. 14
Ex3918. 90. 70. 00
3918. 90. 30. 19
Ex3918. 90. 70. 00
3918. 90. 30. 91
Ex3918. 90. 70. 00
3918. 90. 30. 92
Ex3918. 90. 70. 00
3918. 90. 30. 93
Ex3918. 90. 70. 00
3918. 90. 30. 94
Ex3918. 90. 70. 00
3918. 90. 30. 95
Ex3918. 90. 70. 00
3918. 90. 30. 96
Ex3918. 90. 70. 00
3918. 90. 30. 99
Ex3918. 90. 70. 00
3918. 90. 41. 00
Ex3918. 90. 70. 00
3918. 90. 49. 10
Ex3918. 90. 70. 00
3918. 90. 49. 20
Ex3918. 90. 70. 00
3918. 90. 49. 30
Ex3918. 90. 70. 00
3918. 90. 49. 90
Ex3918. 90. 70. 00
3918. 90. 60. 00
Ex3918. 90. 70. 00
3918. 90. 90. 10
Ex3918. 90. 90. 00
3918. 90. 90. 90
Ex3918. 90. 90. 00
3919. 10. 31. 00
Ex3919. 10. 30. 00
3919. 10. 32. 00
Ex3919. 10. 30. 00
3919. 10. 39. 11
Ex3919. 10. 30. 00
3919. 10. 39. 19
Ex3919. 10. 30. 00
3919. 10. 39. 20
Ex3919. 10. 30. 00
3919. 10. 39. 30
Ex3919. 10. 30. 00
3919. 10. 39. 40
Ex3919. 10. 30. 00
3919. 10. 39. 50
Ex3919. 10. 30. 00
3919. 10. 39. 60
Ex3919. 10. 30. 00
Page 49
--- Page 51 (parsed text) --Table de concordance 2017-2022
Codification 2017
Codification 2022
3919. 10. 39. 90
Ex3919. 10. 30. 00
3919. 10. 40. 11
Ex3919. 10. 40. 00
3919. 10. 40. 19
Ex3919. 10. 40. 00
3919. 10. 40. 21
Ex3919. 10. 40. 00
3919. 10. 40. 29
Ex3919. 10. 40. 00
3919. 10. 40. 31
Ex3919. 10. 40. 00
3919. 10. 40. 32
Ex3919. 10. 40. 00
3919. 10. 40. 33
Ex3919. 10. 40. 00
3919. 10. 40. 39
Ex3919. 10. 40. 00
3919. 10. 40. 41
Ex3919. 10. 40. 00
3919. 10. 40. 49
Ex3919. 10. 40. 00
3919. 10. 40. 51
Ex3919. 10. 40. 00
3919. 10. 40. 59
Ex3919. 10. 40. 00
3919. 10. 40. 60
Ex3919. 10. 40. 00
3919. 10. 40. 70
Ex3919. 10. 40. 00
3919. 10. 40. 81
Ex3919. 10. 40. 00
3919. 10. 40. 82
Ex3919. 10. 40. 00
3919. 10. 40. 89
Ex3919. 10. 40. 00
3919. 10. 40. 91
Ex3919. 10. 40. 00
3919. 10. 40. 99
Ex3919. 10. 40. 00
3919. 10. 50. 11
Ex3919. 10. 80. 00
3919. 10. 50. 12
Ex3919. 10. 80. 00
3919. 10. 50. 19
Ex3919. 10. 80. 00
3919. 10. 50. 20
Ex3919. 10. 80. 00
3919. 10. 50. 31
Ex3919. 10. 80. 00
3919. 10. 50. 39
Ex3919. 10. 80. 00
3919. 10. 50. 41
Ex3919. 10. 80. 00
3919. 10. 50. 49
Ex3919. 10. 80. 00
3919. 10. 50. 91
Ex3919. 10. 80. 00
3919. 10. 50. 99
Ex3919. 10. 80. 00
3919. 10. 60. 00
Ex3919. 10. 80. 00
3919. 10. 90. 00
Ex3919. 10. 80. 00
3919. 90. 29. 11
Ex3919. 90. 29. 10
3919. 90. 29. 19
Ex3919. 90. 29. 10
3919. 90. 29. 30
Ex3919. 90. 29. 80
3919. 90. 29. 90
Ex3919. 90. 29. 80
3919. 90. 30. 31
Ex3919. 90. 30. 90
3919. 90. 30. 32
Ex3919. 90. 30. 90
3919. 90. 30. 33
Ex3919. 90. 30. 90
3919. 90. 30. 39
Ex3919. 90. 30. 90
3919. 90. 30. 41
Ex3919. 90. 30. 90
3919. 90. 30. 49
Ex3919. 90. 30. 90
3919. 90. 30. 51
Ex3919. 90. 30. 90
3919. 90. 30. 59
Ex3919. 90. 30. 90
3919. 90. 30. 70
Ex3919. 90. 30. 90
3919. 90. 30. 81
Ex3919. 90. 30. 90
3919. 90. 30. 82
Ex3919. 90. 30. 90
3919. 90. 30. 89
Ex3919. 90. 30. 90
Page 50
--- Page 52 (parsed text) --Table de concordance 2017-2022
Codification 2017
Codification 2022
3919. 90. 30. 91
Ex3919. 90. 30. 90
3919. 90. 30. 99
Ex3919. 90. 30. 90
3919. 90. 40. 11
Ex3919. 90. 80. 00
3919. 90. 40. 12
Ex3919. 90. 80. 00
3919. 90. 40. 19
Ex3919. 90. 80. 00
3919. 90. 40. 20
Ex3919. 90. 80. 00
3919. 90. 40. 31
Ex3919. 90. 80. 00
3919. 90. 40. 39
Ex3919. 90. 80. 00
3919. 90. 40. 41
Ex3919. 90. 80. 00
3919. 90. 40. 49
Ex3919. 90. 80. 00
3919. 90. 40. 91
Ex3919. 90. 80. 00
3919. 90. 40. 99
Ex3919. 90. 80. 00
3919. 90. 50. 00
Ex3919. 90. 80. 00
3919. 90. 60. 00
Ex3919. 90. 80. 00
3919. 90. 79. 00
Ex3919. 90. 80. 00
3919. 90. 90. 10
Ex3919. 90. 90. 00
3919. 90. 90. 90
Ex3919. 90. 90. 00
3920. 43. 80. 11
Ex3920. 43. 80. 10
3920. 43. 80. 19
Ex3920. 43. 80. 10
3920. 43. 80. 20
Ex3920. 43. 80. 80
3920. 43. 80. 90
Ex3920. 43. 80. 80
3920. 49. 80. 11
Ex3920. 49. 80. 10
3920. 49. 80. 19
Ex3920. 49. 80. 10
3920. 49. 80. 20
Ex3920. 49. 80. 80
3920. 49. 80. 90
Ex3920. 49. 80. 80
3920. 51. 10. 00
Ex3920. 51. 00. 00
3920. 51. 20. 00
Ex3920. 51. 00. 00
3920. 51. 90. 00
Ex3920. 51. 00. 00
3920. 59. 10. 00
Ex3920. 59. 00. 00
3920. 59. 20. 00
Ex3920. 59. 00. 00
3920. 59. 90. 00
Ex3920. 59. 00. 00
3920. 71. 90. 11
Ex3920. 71. 90. 00
3920. 71. 90. 19
Ex3920. 71. 90. 00
3920. 71. 90. 20
Ex3920. 71. 90. 00
3920. 71. 90. 90
Ex3920. 71. 90. 00
3920. 79. 00. 11
Ex3920. 79. 00. 00
3920. 79. 00. 17
Ex3920. 79. 00. 00
3920. 79. 00. 21
Ex3920. 79. 00. 00
3920. 79. 00. 23
Ex3920. 79. 00. 00
3920. 79. 00. 27
Ex3920. 79. 00. 00
3920. 79. 00. 30
Ex3920. 79. 00. 00
3920. 79. 00. 93
Ex3920. 79. 00. 00
3920. 79. 00. 97
Ex3920. 79. 00. 00
3920. 93. 00. 20
Ex3920. 93. 00. 00
3920. 93. 00. 80
Ex3920. 93. 00. 00
3920. 99. 40. 10
Ex3920. 99. 90. 00
3920. 99. 40. 20
Ex3920. 99. 90. 00
3920. 99. 40. 30
Ex3920. 99. 90. 00
Page 51
--- Page 53 (parsed text) --Table de concordance 2017-2022
Codification 2017
Codification 2022
3920. 99. 40. 90
Ex3920. 99. 90. 00
3920. 99. 50. 10
Ex3920. 99. 90. 00
3920. 99. 50. 20
Ex3920. 99. 90. 00
3920. 99. 50. 30
Ex3920. 99. 90. 00
3920. 99. 50. 41
Ex3920. 99. 90. 00
3920. 99. 50. 49
Ex3920. 99. 90. 00
3920. 99. 50. 51
Ex3920. 99. 90. 00
3920. 99. 50. 59
Ex3920. 99. 90. 00
3920. 99. 50. 60
Ex3920. 99. 90. 00
3920. 99. 50. 70
Ex3920. 99. 90. 00
3920. 99. 50. 80
Ex3920. 99. 90. 00
3920. 99. 50. 90
Ex3920. 99. 90. 00
3920. 99. 60. 00
Ex3920. 99. 90. 00
3920. 99. 80. 00
Ex3920. 99. 90. 00
3921. 12. 13. 11
Ex3921. 12. 00. 00
3921. 12. 13. 19
Ex3921. 12. 00. 00
3921. 12. 13. 90
Ex3921. 12. 00. 00
3921. 12. 17. 11
Ex3921. 12. 00. 00
3921. 12. 17. 19
Ex3921. 12. 00. 00
3921. 12. 17. 90
Ex3921. 12. 00. 00
3921. 12. 30. 11
Ex3921. 12. 00. 00
3921. 12. 30. 19
Ex3921. 12. 00. 00
3921. 12. 30. 90
Ex3921. 12. 00. 00
3921. 12. 80. 11
Ex3921. 12. 00. 00
3921. 12. 80. 19
Ex3921. 12. 00. 00
3921. 12. 80. 90
Ex3921. 12. 00. 00
3921. 13. 20. 10
Ex3921. 13. 00. 00
3921. 13. 20. 90
Ex3921. 13. 00. 00
3921. 13. 80. 00
Ex3921. 13. 00. 00
3921. 19. 20. 11
Ex3921. 19. 19. 00
3921. 19. 20. 19
Ex3921. 19. 19. 00
3921. 19. 20. 20
Ex3921. 19. 19. 00
3921. 19. 20. 30
Ex3921. 19. 19. 00
3921. 19. 20. 40
Ex3921. 19. 19. 00
3921. 19. 20. 50
Ex3921. 19. 19. 00
3921. 19. 20. 90
Ex3921. 19. 19. 00
3921. 19. 26. 13
Ex3921. 19. 26. 90
3921. 19. 26. 14
Ex3921. 19. 26. 90
3921. 19. 26. 19
Ex3921. 19. 26. 90
3921. 19. 26. 21
Ex3921. 19. 26. 90
3921. 19. 26. 29
Ex3921. 19. 26. 90
3921. 19. 26. 30
Ex3921. 19. 26. 90
3921. 19. 26. 41
Ex3921. 19. 26. 90
3921. 19. 26. 49
Ex3921. 19. 26. 90
3921. 19. 26. 50
Ex3921. 19. 26. 90
3921. 19. 50. 10
Ex3921. 19. 90. 00
3921. 19. 50. 21
Ex3921. 19. 90. 00
3921. 19. 50. 29
Ex3921. 19. 90. 00
Page 52
--- Page 54 (parsed text) --Table de concordance 2017-2022
Codification 2017
Codification 2022
3921. 19. 50. 31
Ex3921. 19. 90. 00
3921. 19. 50. 39
Ex3921. 19. 90. 00
3921. 19. 50. 91
Ex3921. 19. 90. 00
3921. 19. 50. 99
Ex3921. 19. 90. 00
3921. 19. 60. 00
Ex3921. 19. 90. 00
3921. 19. 80. 00
Ex3921. 19. 90. 00
3921. 90. 11. 11
Ex3921. 90. 11. 00
3921. 90. 11. 19
Ex3921. 90. 11. 00
3921. 90. 11. 21
Ex3921. 90. 11. 00
3921. 90. 11. 29
Ex3921. 90. 11. 00
3921. 90. 11. 90
Ex3921. 90. 11. 00
3921. 90. 19. 11
Ex3921. 90. 19. 00
3921. 90. 19. 19
Ex3921. 90. 19. 00
3921. 90. 19. 90
Ex3921. 90. 19. 00
3921. 90. 20. 11
Ex3921. 90. 20. 00
3921. 90. 20. 19
Ex3921. 90. 20. 00
3921. 90. 20. 90
Ex3921. 90. 20. 00
3921. 90. 31. 10
Ex3921. 90. 33. 00
3921. 90. 31. 90
Ex3921. 90. 33. 00
3921. 90. 32. 10
Ex3921. 90. 33. 00
3921. 90. 32. 90
Ex3921. 90. 33. 00
3921. 90. 39. 11
Ex3921. 90. 39. 00
3921. 90. 39. 19
Ex3921. 90. 39. 00
3921. 90. 39. 21
Ex3921. 90. 39. 00
3921. 90. 39. 29
Ex3921. 90. 39. 00
3921. 90. 39. 30
Ex3921. 90. 39. 00
3921. 90. 39. 40
Ex3921. 90. 39. 00
3921. 90. 39. 50
Ex3921. 90. 39. 00
3921. 90. 39. 60
Ex3921. 90. 39. 00
3921. 90. 39. 70
Ex3921. 90. 39. 00
3921. 90. 39. 90
Ex3921. 90. 39. 00
3921. 90. 41. 11
Ex3921. 90. 43. 11
3921. 90. 41. 19
Ex3921. 90. 43. 19
3921. 90. 41. 91
Ex3921. 90. 43. 11
3921. 90. 41. 99
Ex3921. 90. 43. 19
3921. 90. 42. 11
Ex3921. 90. 43. 11
3921. 90. 42. 19
Ex3921. 90. 43. 19
3921. 90. 42. 91
Ex3921. 90. 43. 11
3921. 90. 42. 99
Ex3921. 90. 43. 19
3921. 90. 49. 01
Ex3921. 90. 49. 05
3921. 90. 49. 09
Ex3921. 90. 49. 05
3921. 90. 49. 31
Ex3921. 90. 49. 90
3921. 90. 49. 32
Ex3921. 90. 49. 90
3921. 90. 49. 33
Ex3921. 90. 49. 90
3921. 90. 49. 39
Ex3921. 90. 49. 90
3921. 90. 49. 41
Ex3921. 90. 49. 90
3921. 90. 49. 49
Ex3921. 90. 49. 90
3921. 90. 49. 51
Ex3921. 90. 49. 90
Page 53
--- Page 55 (parsed text) --Table de concordance 2017-2022
Codification 2017
Codification 2022
3921. 90. 49. 59
Ex3921. 90. 49. 90
3921. 90. 49. 60
Ex3921. 90. 49. 90
3921. 90. 49. 70
Ex3921. 90. 49. 90
3921. 90. 49. 81
Ex3921. 90. 49. 90
3921. 90. 49. 82
Ex3921. 90. 49. 90
3921. 90. 49. 89
Ex3921. 90. 49. 90
3921. 90. 49. 91
Ex3921. 90. 49. 90
3921. 90. 49. 99
Ex3921. 90. 49. 90
3921. 90. 51. 11
Ex3921. 90. 55. 00
3921. 90. 51. 19
Ex3921. 90. 55. 00
3921. 90. 51. 21
Ex3921. 90. 55. 00
3921. 90. 51. 29
Ex3921. 90. 55. 00
3921. 90. 51. 90
Ex3921. 90. 55. 00
3921. 90. 59. 11
Ex3921. 90. 55. 00
3921. 90. 59. 19
Ex3921. 90. 55. 00
3921. 90. 59. 21
Ex3921. 90. 55. 00
3921. 90. 59. 29
Ex3921. 90. 55. 00
3921. 90. 59. 90
Ex3921. 90. 55. 00
3921. 90. 60. 11
Ex3921. 90. 55. 00
3921. 90. 60. 19
Ex3921. 90. 55. 00
3921. 90. 60. 21
Ex3921. 90. 55. 00
3921. 90. 60. 29
Ex3921. 90. 55. 00
3921. 90. 60. 90
Ex3921. 90. 55. 00
3921. 90. 70. 11
Ex3921. 90. 55. 00
3921. 90. 70. 19
Ex3921. 90. 55. 00
3921. 90. 70. 21
Ex3921. 90. 55. 00
3921. 90. 70. 29
Ex3921. 90. 55. 00
3921. 90. 70. 90
Ex3921. 90. 55. 00
3921. 90. 81. 10
Ex3921. 90. 83. 00
3921. 90. 81. 90
Ex3921. 90. 83. 00
3921. 90. 82. 10
Ex3921. 90. 83. 00
3921. 90. 82. 90
Ex3921. 90. 83. 00
3921. 90. 89. 10
Ex3921. 90. 89. 00
3921. 90. 89. 21
Ex3921. 90. 89. 00
3921. 90. 89. 29
Ex3921. 90. 89. 00
3921. 90. 89. 91
Ex3921. 90. 89. 00
3921. 90. 89. 99
Ex3921. 90. 89. 00
3921. 90. 94. 11
Ex3921. 90. 97. 00
3921. 90. 94. 19
Ex3921. 90. 97. 00
3921. 90. 94. 21
Ex3921. 90. 97. 00
3921. 90. 94. 29
Ex3921. 90. 97. 00
3921. 90. 94. 90
Ex3921. 90. 97. 00
3921. 90. 95. 11
Ex3921. 90. 97. 00
3921. 90. 95. 19
Ex3921. 90. 97. 00
3921. 90. 95. 21
Ex3921. 90. 97. 00
3921. 90. 95. 29
Ex3921. 90. 97. 00
3921. 90. 95. 90
Ex3921. 90. 97. 00
3921. 90. 96. 11
Ex3921. 90. 96. 00
Page 54
--- Page 56 (parsed text) --Table de concordance 2017-2022
Codification 2017
Codification 2022
3921. 90. 96. 19
Ex3921. 90. 96. 00
3921. 90. 96. 21
Ex3921. 90. 96. 00
3921. 90. 96. 29
Ex3921. 90. 96. 00
3921. 90. 96. 90
Ex3921. 90. 96. 00
3921. 90. 98. 11
Ex3921. 90. 97. 00
3921. 90. 98. 19
Ex3921. 90. 97. 00
3921. 90. 98. 21
Ex3921. 90. 97. 00
3921. 90. 98. 29
Ex3921. 90. 97. 00
3921. 90. 98. 90
Ex3921. 90. 97. 00
3922. 10. 00. 10
Ex3922. 10. 00. 00
3922. 10. 00. 90
Ex3922. 10. 00. 00
3923. 10. 10. 20
Ex3923. 10. 10. 80
3923. 10. 10. 90
Ex3923. 10. 10. 80
3923. 10. 90. 20
Ex3923. 10. 90. 80
3923. 10. 90. 90
Ex3923. 10. 90. 80
3923. 30. 90. 10
Ex3923. 30. 90. 70
3923. 30. 90. 80
Ex3923. 30. 90. 70
3923. 40. 10. 10
Ex3923. 40. 00. 10
3923. 40. 10. 20
Ex3923. 40. 00. 20
3923. 40. 10. 90
Ex3923. 40. 00. 90
3923. 40. 90. 10
Ex3923. 40. 00. 10
3923. 40. 90. 20
Ex3923. 40. 00. 20
3923. 40. 90. 90
Ex3923. 40. 00. 90
3923. 90. 00. 10
Ex3923. 90. 00. 90
3923. 90. 00. 20
Ex3923. 90. 00. 90
3923. 90. 00. 30
Ex3923. 90. 00. 90
3923. 90. 00. 40
Ex3923. 90. 00. 90
3923. 90. 00. 80
Ex3923. 90. 00. 90
3925. 10. 00. 10
Ex3925. 10. 00. 00
3925. 10. 00. 90
Ex3925. 10. 00. 00
3925. 20. 00. 10
Ex3925. 20. 00. 00
3925. 20. 00. 90
Ex3925. 20. 00. 00
3925. 30. 00. 10
Ex3925. 30. 00. 00
3925. 30. 00. 90
Ex3925. 30. 00. 00
3925. 90. 00. 10
Ex3925. 90. 00. 00
3925. 90. 00. 20
Ex3925. 90. 00. 00
3925. 90. 00. 90
Ex3925. 90. 00. 00
3926. 30. 00. 10
Ex3926. 30. 00. 00
3926. 30. 00. 20
Ex3926. 30. 00. 00
3926. 30. 00. 90
Ex3926. 30. 00. 00
4001. 29. 99. 10
Ex4001. 29. 99. 00
4001. 29. 99. 20
Ex4001. 29. 99. 00
4001. 29. 99. 90
Ex4001. 29. 99. 00
4002. 19. 99. 10
Ex4002. 19. 98. 00
4002. 19. 99. 20
4002. 19. 92. 00
4002. 19. 99. 90
Ex4002. 19. 98. 00
4002. 20. 99. 10
Ex4002. 20. 99. 00
4002. 20. 99. 20
Ex4002. 20. 99. 00
Page 55
--- Page 57 (parsed text) --Table de concordance 2017-2022
Codification 2017
Codification 2022
4002. 20. 99. 90
Ex4002. 20. 99. 00
4002. 31. 99. 10
Ex4002. 31. 99. 00
4002. 31. 99. 20
Ex4002. 31. 99. 00
4002. 31. 99. 90
Ex4002. 31. 99. 00
4002. 39. 99. 10
Ex4002. 39. 99. 00
4002. 39. 99. 20
Ex4002. 39. 99. 00
4002. 39. 99. 90
Ex4002. 39. 99. 00
4002. 49. 99. 10
Ex4002. 49. 99. 00
4002. 49. 99. 90
Ex4002. 49. 99. 00
4002. 51. 10. 00
Ex4002. 51. 00. 00
4002. 51. 90. 00
Ex4002. 51. 00. 00
4002. 59. 99. 10
Ex4002. 59. 99. 00
4002. 59. 99. 90
Ex4002. 59. 99. 00
4002. 60. 99. 10
Ex4002. 60. 99. 00
4002. 60. 99. 20
Ex4002. 60. 99. 00
4002. 60. 99. 90
Ex4002. 60. 99. 00
4002. 70. 99. 10
Ex4002. 70. 99. 00
4002. 70. 99. 20
Ex4002. 70. 99. 00
4002. 70. 99. 90
Ex4002. 70. 99. 00
4002. 99. 99. 10
Ex4002. 99. 99. 00
4002. 99. 99. 20
Ex4002. 99. 99. 00
4002. 99. 99. 90
Ex4002. 99. 99. 00
4004. 00. 10. 00
Ex4004. 00. 00. 90
4004. 00. 21. 00
Ex4004. 00. 00. 11
4004. 00. 22. 00
Ex4004. 00. 00. 11
4004. 00. 23. 00
Ex4004. 00. 00. 19
4004. 00. 29. 00
Ex4004. 00. 00. 19
4004. 00. 40. 00
Ex4004. 00. 00. 90
4004. 00. 90. 00
Ex4004. 00. 00. 90
4005. 10. 10. 00
Ex4005. 10. 80. 00
4005. 10. 90. 00
Ex4005. 10. 80. 00
4005. 99. 10. 00
Ex4005. 99. 00. 00
4005. 99. 90. 00
Ex4005. 99. 00. 00
4007. 00. 00. 10
Ex4007. 00. 00. 00
4007. 00. 00. 90
Ex4007. 00. 00. 00
4009. 31. 90. 10
Ex4009. 31. 90. 00
4009. 31. 90. 90
Ex4009. 31. 90. 00
4009. 32. 90. 10
Ex4009. 32. 90. 00
4009. 32. 90. 90
Ex4009. 32. 90. 00
4009. 41. 90. 10
Ex4009. 41. 90. 00
4009. 41. 90. 20
Ex4009. 41. 90. 00
4009. 41. 90. 30
Ex4009. 41. 90. 00
4009. 41. 90. 90
Ex4009. 41. 90. 00
4009. 42. 00. 10
Ex4009. 42. 00. 00
4009. 42. 00. 20
Ex4009. 42. 00. 00
4009. 42. 00. 30
Ex4009. 42. 00. 00
4009. 42. 00. 90
Ex4009. 42. 00. 00
4010. 11. 10. 10
Ex4010. 11. 10. 00
Page 56
--- Page 58 (parsed text) --Table de concordance 2017-2022
Codification 2017
Codification 2022
4010. 11. 10. 90
Ex4010. 11. 10. 00
4010. 11. 90. 10
Ex4010. 11. 90. 00
4010. 11. 90. 90
Ex4010. 11. 90. 00
4010. 12. 00. 10
Ex4010. 12. 00. 00
4010. 12. 00. 90
Ex4010. 12. 00. 00
4010. 19. 10. 11
Ex4010. 19. 00. 00
4010. 19. 10. 19
Ex4010. 19. 00. 00
4010. 19. 10. 91
Ex4010. 19. 00. 00
4010. 19. 10. 99
Ex4010. 19. 00. 00
4010. 19. 90. 11
Ex4010. 19. 00. 00
4010. 19. 90. 19
Ex4010. 19. 00. 00
4010. 19. 90. 91
Ex4010. 19. 00. 00
4010. 19. 90. 99
Ex4010. 19. 00. 00
4010. 31. 00. 10
Ex4010. 31. 00. 00
4010. 31. 00. 90
Ex4010. 31. 00. 00
4010. 32. 00. 10
Ex4010. 32. 00. 00
4010. 32. 00. 90
Ex4010. 32. 00. 00
4010. 33. 00. 10
Ex4010. 33. 00. 00
4010. 33. 00. 90
Ex4010. 33. 00. 00
4010. 34. 00. 10
Ex4010. 34. 00. 00
4010. 34. 00. 90
Ex4010. 34. 00. 00
4010. 35. 00. 11
Ex4010. 35. 00. 00
4010. 35. 00. 19
Ex4010. 35. 00. 00
4010. 35. 00. 21
Ex4010. 35. 00. 00
4010. 35. 00. 29
Ex4010. 35. 00. 00
4010. 35. 00. 81
Ex4010. 35. 00. 00
4010. 35. 00. 89
Ex4010. 35. 00. 00
4010. 35. 00. 91
Ex4010. 35. 00. 00
4010. 35. 00. 99
Ex4010. 35. 00. 00
4010. 36. 00. 11
Ex4010. 36. 00. 00
4010. 36. 00. 19
Ex4010. 36. 00. 00
4010. 36. 00. 21
Ex4010. 36. 00. 00
4010. 36. 00. 29
Ex4010. 36. 00. 00
4010. 36. 00. 81
Ex4010. 36. 00. 00
4010. 36. 00. 89
Ex4010. 36. 00. 00
4010. 36. 00. 91
Ex4010. 36. 00. 00
4010. 36. 00. 99
Ex4010. 36. 00. 00
4010. 39. 00. 11
Ex4010. 39. 00. 00
4010. 39. 00. 19
Ex4010. 39. 00. 00
4010. 39. 00. 21
Ex4010. 39. 00. 00
4010. 39. 00. 29
Ex4010. 39. 00. 00
4010. 39. 00. 31
Ex4010. 39. 00. 00
4010. 39. 00. 39
Ex4010. 39. 00. 00
4010. 39. 00. 41
Ex4010. 39. 00. 00
4010. 39. 00. 49
Ex4010. 39. 00. 00
4010. 39. 00. 91
Ex4010. 39. 00. 00
4010. 39. 00. 99
Ex4010. 39. 00. 00
4011. 10. 00. 10
Ex4011. 10. 90. 00
Page 57
--- Page 59 (parsed text) --Table de concordance 2017-2022
Codification 2017
Codification 2022
4011. 10. 00. 91
4011. 10. 10. 00
4011. 10. 00. 99
Ex4011. 10. 90. 00
4011. 20. 10. 00
Ex4011. 20. 00. 00
4011. 20. 90. 00
Ex4011. 20. 00. 00
4011. 70. 20. 00
Ex4011. 70. 80. 00
4011. 70. 90. 00
Ex4011. 70. 80. 00
4011. 80. 10. 11
Ex4011. 80. 00. 10
4011. 80. 10. 19
Ex4011. 80. 00. 91
4011. 80. 10. 20
Ex4011. 80. 00. 91
4011. 80. 10. 90
Ex4011. 80. 00. 91
4011. 80. 90. 11
Ex4011. 80. 00. 10
4011. 80. 90. 19
Ex4011. 80. 00. 99
4011. 80. 90. 20
Ex4011. 80. 00. 99
4011. 80. 90. 90
Ex4011. 80. 00. 99
4011. 90. 11. 00
4011. 90. 00. 10
4011. 90. 19. 00
Ex4011. 90. 00. 90
4011. 90. 20. 00
Ex4011. 90. 00. 90
4011. 90. 90. 00
Ex4011. 90. 00. 90
4012. 20. 00. 10
Ex4012. 20. 00. 80
4012. 20. 00. 91
Ex4012. 20. 00. 80
4012. 20. 00. 92
Ex4012. 20. 00. 80
4012. 20. 00. 99
4012. 20. 00. 20
4012. 90. 10. 10
Ex4012. 90. 10. 00
Ex4012. 90. 20. 00
4012. 90. 10. 90
Ex4012. 90. 10. 00
Ex4012. 90. 20. 00
4012. 90. 21. 00
4012. 90. 30. 21
4012. 90. 29. 00
Ex4012. 90. 30. 90
4012. 90. 31. 00
Ex4012. 90. 30. 29
4012. 90. 39. 00
Ex4012. 90. 30. 90
4012. 90. 40. 10
Ex4012. 90. 30. 29
4012. 90. 40. 90
Ex4012. 90. 30. 90
4012. 90. 90. 11
Ex4012. 90. 30. 29
4012. 90. 90. 19
Ex4012. 90. 30. 90
4012. 90. 90. 21
Ex4012. 90. 30. 11
4012. 90. 90. 29
Ex4012. 90. 30. 11
4012. 90. 90. 90
4012. 90. 30. 19
4014. 90. 00. 10
Ex4014. 90. 00. 80
4014. 90. 00. 90
Ex4014. 90. 00. 80
4015. 11. 00. 00
4015. 12. 00. 10
4015. 19. 99. 00
4015. 12. 00. 90
4015. 19. 98. 00
4017. 00. 20. 00
Ex4017. 00. 80. 00
4017. 00. 90. 10
Ex4017. 00. 80. 00
4017. 00. 90. 90
Ex4017. 00. 80. 00
4101. 20. 18. 21
Ex4101. 20. 18. 20
4101. 20. 18. 29
Ex4101. 20. 18. 20
4101. 20. 18. 41
Ex4101. 20. 18. 40
Page 58
--- Page 60 (parsed text) --Table de concordance 2017-2022
Codification 2017
Codification 2022
4101. 20. 18. 49
Ex4101. 20. 18. 40
4101. 20. 18. 51
Ex4101. 20. 18. 50
4101. 20. 18. 59
Ex4101. 20. 18. 50
4101. 20. 95. 00
Ex4101. 20. 90. 00
4101. 20. 96. 00
Ex4101. 20. 90. 00
4101. 20. 97. 00
Ex4101. 20. 90. 00
4101. 20. 98. 00
Ex4101. 20. 90. 00
4101. 50. 90. 11
Ex4101. 50. 80. 11
4101. 50. 90. 18
Ex4101. 50. 80. 11
4101. 50. 90. 19
Ex4101. 50. 80. 11
4101. 50. 90. 21
Ex4101. 50. 80. 20
4101. 50. 90. 29
Ex4101. 50. 80. 20
4101. 50. 90. 31
Ex4101. 50. 80. 20
4101. 50. 90. 39
Ex4101. 50. 80. 20
4101. 50. 90. 41
Ex4101. 50. 80. 20
4101. 50. 90. 49
Ex4101. 50. 80. 20
4101. 50. 90. 51
Ex4101. 50. 80. 90
4101. 50. 90. 52
Ex4101. 50. 80. 90
4101. 50. 90. 59
Ex4101. 50. 80. 90
4101. 50. 90. 91
4101. 50. 80. 19
4101. 50. 90. 92
Ex4101. 50. 80. 20
4101. 50. 90. 93
Ex4101. 50. 80. 20
4101. 50. 90. 99
Ex4101. 50. 80. 90
4101. 90. 80. 31
Ex4101. 90. 80. 79
4101. 90. 80. 39
Ex4101. 90. 80. 79
4101. 90. 80. 41
Ex4101. 90. 80. 79
4101. 90. 80. 49
Ex4101. 90. 80. 79
4101. 90. 80. 51
Ex4101. 90. 80. 71
4101. 90. 80. 59
Ex4101. 90. 80. 71
4101. 90. 80. 61
Ex4101. 90. 80. 80
4101. 90. 80. 62
Ex4101. 90. 80. 80
4101. 90. 80. 69
Ex4101. 90. 80. 80
4101. 90. 80. 95
Ex4101. 90. 80. 90
4101. 90. 80. 96
Ex4101. 90. 80. 90
4101. 90. 80. 97
Ex4101. 90. 80. 90
4101. 90. 80. 98
Ex4101. 90. 80. 90
4102. 10. 00. 11
Ex4102. 10. 00. 10
4102. 10. 00. 12
Ex4102. 10. 00. 10
4102. 10. 00. 19
Ex4102. 10. 00. 10
4102. 10. 00. 91
Ex4102. 10. 00. 90
4102. 10. 00. 92
Ex4102. 10. 00. 90
4102. 10. 00. 99
Ex4102. 10. 00. 90
4102. 21. 90. 10
Ex4102. 21. 90. 00
4102. 21. 90. 90
Ex4102. 21. 90. 00
4102. 29. 90. 10
Ex4102. 29. 90. 00
4102. 29. 90. 90
Ex4102. 29. 90. 00
4103. 20. 90. 10
Ex4103. 20. 90. 00
4103. 20. 90. 90
Ex4103. 20. 90. 00
Page 59
--- Page 61 (parsed text) --Table de concordance 2017-2022
Codification 2017
Codification 2022
4103. 30. 90. 10
Ex4103. 30. 90. 00
4103. 30. 90. 90
Ex4103. 30. 90. 00
4103. 90. 10. 91
Ex4103. 90. 10. 98
4103. 90. 10. 92
Ex4103. 90. 10. 98
4103. 90. 10. 99
Ex4103. 90. 10. 98
4103. 90. 90. 31
Ex4103. 90. 90. 35
4103. 90. 90. 32
Ex4103. 90. 90. 35
4103. 90. 90. 93
Ex4103. 90. 90. 98
4103. 90. 90. 94
Ex4103. 90. 90. 98
4103. 90. 90. 99
Ex4103. 90. 90. 98
4104. 11. 10. 10
Ex4104. 11. 90. 10
4104. 11. 10. 30
Ex4104. 11. 90. 91
Ex4104. 11. 90. 92
4104. 11. 10. 81
Ex4104. 11. 90. 91
4104. 11. 10. 89
Ex4104. 11. 90. 91
Ex4104. 11. 90. 92
4104. 11. 20. 10
Ex4104. 11. 90. 10
4104. 11. 20. 40
Ex4104. 11. 90. 91
Ex4104. 11. 90. 92
4104. 11. 20. 50
Ex4104. 11. 90. 91
4104. 11. 20. 80
Ex4104. 11. 90. 91
Ex4104. 11. 90. 92
4104. 11. 40. 10
Ex4104. 11. 90. 91
Ex4104. 11. 90. 92
4104. 11. 40. 91
Ex4104. 11. 90. 91
4104. 11. 40. 99
Ex4104. 11. 90. 91
Ex4104. 11. 90. 92
4104. 11. 80. 00
Ex4104. 11. 90. 91
Ex4104. 11. 90. 92
4104. 19. 10. 10
Ex4104. 19. 08. 00
4104. 19. 20. 10
Ex4104. 19. 08. 00
4104. 19. 20. 30
Ex4104. 19. 20. 00
4104. 19. 20. 80
Ex4104. 19. 20. 00
4104. 19. 40. 10
Ex4104. 19. 40. 00
4104. 19. 40. 90
Ex4104. 19. 40. 00
4104. 41. 10. 11
Ex4104. 41. 10. 10
4104. 41. 10. 12
Ex4104. 41. 10. 10
4104. 41. 10. 19
Ex4104. 41. 10. 10
4104. 41. 30. 11
Ex4104. 41. 30. 18
4104. 41. 30. 19
Ex4104. 41. 30. 18
4104. 41. 50. 11
Ex4104. 41. 50. 00
4104. 41. 50. 12
Ex4104. 41. 50. 00
4104. 41. 50. 19
Ex4104. 41. 50. 00
4104. 41. 90. 10
Ex4104. 41. 90. 00
4104. 41. 90. 90
Ex4104. 41. 90. 00
4104. 49. 10. 10
Ex4104. 49. 00. 10
4104. 49. 10. 21
Ex4104. 49. 00. 21
4104. 49. 10. 29
Ex4104. 49. 00. 29
Page 60
--- Page 62 (parsed text) --Table de concordance 2017-2022
Codification 2017
Codification 2022
4104. 49. 10. 90
Ex4104. 49. 00. 90
4104. 49. 90. 10
Ex4104. 49. 00. 10
4104. 49. 90. 21
Ex4104. 49. 00. 21
4104. 49. 90. 29
Ex4104. 49. 00. 29
4104. 49. 90. 90
Ex4104. 49. 00. 90
4105. 10. 00. 22
Ex4105. 10. 00. 91
4105. 10. 00. 28
Ex4105. 10. 00. 92
Ex4105. 10. 00. 98
4105. 10. 00. 35
Ex4105. 10. 00. 91
Ex4105. 10. 00. 92
Ex4105. 10. 00. 98
4105. 10. 00. 42
Ex4105. 10. 00. 91
Ex4105. 10. 00. 92
Ex4105. 10. 00. 98
4105. 10. 00. 48
Ex4105. 10. 00. 91
Ex4105. 10. 00. 92
Ex4105. 10. 00. 98
4105. 10. 00. 54
Ex4105. 10. 00. 91
4105. 10. 00. 58
Ex4105. 10. 00. 92
Ex4105. 10. 00. 98
4105. 10. 00. 65
Ex4105. 10. 00. 91
Ex4105. 10. 00. 92
Ex4105. 10. 00. 98
4105. 10. 00. 72
Ex4105. 10. 00. 91
Ex4105. 10. 00. 92
Ex4105. 10. 00. 98
4105. 10. 00. 78
Ex4105. 10. 00. 91
Ex4105. 10. 00. 92
Ex4105. 10. 00. 98
4105. 10. 00. 84
Ex4105. 10. 00. 91
4105. 10. 00. 88
Ex4105. 10. 00. 92
Ex4105. 10. 00. 98
4105. 10. 00. 95
Ex4105. 10. 00. 91
Ex4105. 10. 00. 92
Ex4105. 10. 00. 98
4105. 30. 00. 10
Ex4105. 30. 00. 00
4105. 30. 00. 90
Ex4105. 30. 00. 00
4106. 21. 00. 10
Ex4106. 21. 00. 81
Ex4106. 21. 00. 82
Ex4106. 21. 00. 89
4106. 21. 00. 24
Ex4106. 21. 00. 81
4106. 21. 00. 26
Ex4106. 21. 00. 82
4106. 21. 00. 28
Ex4106. 21. 00. 89
4106. 21. 00. 35
Ex4106. 21. 00. 81
Ex4106. 21. 00. 82
Ex4106. 21. 00. 89
4106. 21. 00. 44
Ex4106. 21. 00. 81
4106. 21. 00. 46
Ex4106. 21. 00. 82
Page 61
--- Page 63 (parsed text) --Table de concordance 2017-2022
Codification 2017
Codification 2022
4106. 21. 00. 48
Ex4106. 21. 00. 89
4106. 21. 00. 55
Ex4106. 21. 00. 81
Ex4106. 21. 00. 82
Ex4106. 21. 00. 89
4106. 21. 00. 94
Ex4106. 21. 00. 81
4106. 21. 00. 96
Ex4106. 21. 00. 82
4106. 21. 00. 98
Ex4106. 21. 00. 89
4106. 22. 00. 11
Ex4106. 22. 00. 00
4106. 22. 00. 19
Ex4106. 22. 00. 00
4106. 22. 00. 91
Ex4106. 22. 00. 00
4106. 22. 00. 99
Ex4106. 22. 00. 00
4106. 31. 91. 00
Ex4106. 31. 90. 00
4106. 31. 99. 00
Ex4106. 31. 90. 00
4106. 40. 00. 10
Ex4106. 40. 00. 00
4106. 40. 00. 20
Ex4106. 40. 00. 00
4106. 40. 00. 90
Ex4106. 40. 00. 00
4106. 92. 00. 10
Ex4106. 92. 00. 30
4106. 92. 00. 20
Ex4106. 92. 00. 30
4107. 11. 11. 00
Ex4107. 11. 00. 11
4107. 11. 19. 00
Ex4107. 11. 00. 11
4107. 11. 21. 00
Ex4107. 11. 00. 19
4107. 11. 22. 00
Ex4107. 11. 00. 19
4107. 11. 29. 00
Ex4107. 11. 00. 19
4107. 11. 31. 00
Ex4107. 11. 00. 19
4107. 11. 39. 00
Ex4107. 11. 00. 19
4107. 11. 40. 10
Ex4107. 11. 00. 20
4107. 11. 40. 20
Ex4107. 11. 00. 20
4107. 11. 40. 90
Ex4107. 11. 00. 20
4107. 11. 50. 10
Ex4107. 11. 00. 91
4107. 11. 50. 20
Ex4107. 11. 00. 91
4107. 11. 50. 90
Ex4107. 11. 00. 91
4107. 11. 61. 00
Ex4107. 11. 00. 92
4107. 11. 69. 00
Ex4107. 11. 00. 92
4107. 11. 90. 10
Ex4107. 11. 00. 99
4107. 11. 90. 90
Ex4107. 11. 00. 99
4107. 12. 11. 00
Ex4107. 12. 00. 11
4107. 12. 19. 00
Ex4107. 12. 00. 11
4107. 12. 31. 00
Ex4107. 12. 00. 19
4107. 12. 32. 00
Ex4107. 12. 00. 19
4107. 12. 33. 00
Ex4107. 12. 00. 19
4107. 12. 40. 00
Ex4107. 12. 00. 19
4107. 12. 50. 10
Ex4107. 12. 00. 20
4107. 12. 50. 20
Ex4107. 12. 00. 20
4107. 12. 50. 90
Ex4107. 12. 00. 20
4107. 12. 60. 10
Ex4107. 12. 00. 91
4107. 12. 60. 20
Ex4107. 12. 00. 91
4107. 12. 60. 90
Ex4107. 12. 00. 91
4107. 12. 70. 00
4107. 12. 00. 92
Page 62
--- Page 64 (parsed text) --Table de concordance 2017-2022
Codification 2017
Codification 2022
4107. 12. 90. 10
Ex4107. 12. 00. 99
4107. 12. 90. 90
Ex4107. 12. 00. 99
4107. 19. 10. 10
Ex4107. 19. 00. 11
4107. 19. 10. 90
Ex4107. 19. 00. 11
4107. 19. 20. 10
Ex4107. 19. 00. 19
4107. 19. 20. 20
Ex4107. 19. 00. 19
4107. 19. 20. 90
Ex4107. 19. 00. 19
4107. 19. 30. 00
Ex4107. 19. 00. 19
4107. 19. 40. 00
Ex4107. 19. 00. 19
4107. 19. 50. 10
Ex4107. 19. 00. 20
4107. 19. 50. 20
Ex4107. 19. 00. 20
4107. 19. 50. 90
Ex4107. 19. 00. 20
4107. 19. 70. 10
Ex4107. 19. 00. 91
4107. 19. 70. 20
Ex4107. 19. 00. 91
4107. 19. 70. 90
Ex4107. 19. 00. 91
4107. 19. 80. 00
4107. 19. 00. 92
4107. 19. 90. 10
Ex4107. 19. 00. 99
4107. 19. 90. 90
Ex4107. 19. 00. 99
4107. 91. 10. 11
Ex4107. 91. 10. 00
4107. 91. 10. 19
Ex4107. 91. 10. 00
4107. 91. 10. 20
Ex4107. 91. 10. 00
4107. 91. 10. 90
Ex4107. 91. 10. 00
4107. 91. 30. 10
Ex4107. 91. 30. 00
4107. 91. 30. 20
Ex4107. 91. 30. 00
4107. 91. 30. 90
Ex4107. 91. 30. 00
4107. 91. 90. 10
Ex4107. 91. 90. 00
4107. 91. 90. 90
Ex4107. 91. 90. 00
4107. 92. 10. 10
Ex4107. 92. 10. 00
4107. 92. 10. 20
Ex4107. 92. 10. 00
4107. 92. 10. 90
Ex4107. 92. 10. 00
4107. 92. 30. 10
Ex4107. 92. 30. 00
4107. 92. 30. 20
Ex4107. 92. 30. 00
4107. 92. 30. 90
Ex4107. 92. 30. 00
4107. 92. 90. 10
Ex4107. 92. 90. 00
4107. 92. 90. 90
Ex4107. 92. 90. 00
4107. 99. 10. 10
Ex4107. 99. 10. 00
4107. 99. 10. 20
Ex4107. 99. 10. 00
4107. 99. 10. 90
Ex4107. 99. 10. 00
4107. 99. 30. 10
Ex4107. 99. 30. 00
4107. 99. 30. 20
Ex4107. 99. 30. 00
4107. 99. 30. 90
Ex4107. 99. 30. 00
4107. 99. 90. 10
Ex4107. 99. 90. 00
4107. 99. 90. 90
Ex4107. 99. 90. 00
4113. 10. 00. 21
Ex4113. 10. 00. 92
4113. 10. 00. 29
Ex4113. 10. 00. 92
4113. 10. 00. 91
Ex4113. 10. 00. 98
4113. 10. 00. 99
Ex4113. 10. 00. 98
4113. 20. 00. 10
Ex4113. 20. 00. 00
Page 63
--- Page 65 (parsed text) --Table de concordance 2017-2022
Codification 2017
Codification 2022
4113. 20. 00. 90
Ex4113. 20. 00. 00
4113. 90. 00. 10
Ex4113. 90. 00. 30
4113. 90. 00. 20
Ex4113. 90. 00. 30
4114. 10. 00. 10
Ex4114. 10. 30. 00
4114. 10. 00. 91
Ex4114. 10. 10. 00
4114. 10. 00. 92
Ex4114. 10. 10. 00
4114. 10. 00. 93
Ex4114. 10. 90. 00
4114. 10. 00. 94
4114. 10. 20. 00
4114. 10. 00. 95
Ex4114. 10. 30. 00
4114. 10. 00. 99
Ex4114. 10. 90. 00
4114. 20. 00. 11
Ex4114. 20. 00. 20
4114. 20. 00. 19
Ex4114. 20. 00. 20
4114. 20. 00. 21
Ex4114. 20. 00. 20
4114. 20. 00. 29
Ex4114. 20. 00. 20
4114. 20. 00. 30
Ex4114. 20. 00. 80
4114. 20. 00. 90
Ex4114. 20. 00. 80
4115. 20. 00. 10
Ex4115. 20. 00. 00
4115. 20. 00. 90
Ex4115. 20. 00. 00
4202. 12. 10. 11
Ex4202. 12. 10. 10
4202. 12. 10. 19
Ex4202. 12. 10. 10
4202. 12. 20. 11
Ex4202. 12. 20. 00
4202. 12. 20. 19
Ex4202. 12. 20. 00
4202. 12. 20. 90
Ex4202. 12. 20. 00
4202. 12. 90. 11
Ex4202. 12. 90. 10
4202. 12. 90. 19
Ex4202. 12. 90. 10
4202. 19. 10. 00
Ex4202. 19. 00. 10
Ex4202. 19. 00. 90
4202. 19. 20. 00
Ex4202. 19. 00. 90
4202. 19. 30. 00
Ex4202. 19. 00. 90
4202. 19. 40. 00
Ex4202. 19. 00. 90
4202. 19. 90. 10
Ex4202. 19. 00. 90
4202. 19. 90. 90
Ex4202. 19. 00. 10
Ex4202. 19. 00. 90
4202. 22. 10. 11
Ex4202. 22. 00. 10
4202. 22. 10. 19
Ex4202. 22. 00. 10
4202. 22. 10. 90
Ex4202. 22. 00. 90
4202. 22. 20. 00
Ex4202. 22. 00. 90
4202. 22. 90. 00
Ex4202. 22. 00. 90
4202. 32. 10. 11
Ex4202. 32. 10. 10
4202. 32. 10. 19
Ex4202. 32. 10. 10
4202. 39. 20. 00
Ex4202. 39. 80. 00
4202. 39. 30. 00
Ex4202. 39. 80. 00
4202. 39. 40. 00
Ex4202. 39. 80. 00
4202. 39. 90. 00
Ex4202. 39. 80. 00
4202. 92. 10. 11
Ex4202. 92. 10. 10
4202. 92. 10. 17
Ex4202. 92. 10. 10
4202. 99. 10. 00
4202. 99. 00. 30
4202. 99. 00. 91
Page 64
--- Page 66 (parsed text) --Table de concordance 2017-2022
Codification 2017
Codification 2022
4202. 99. 20. 00
Ex4202. 99. 00. 99
4202. 99. 30. 00
Ex4202. 99. 00. 99
4202. 99. 40. 00
Ex4202. 99. 00. 99
4202. 99. 90. 11
4202. 99. 00. 11
4202. 99. 90. 12
4202. 99. 00. 12
4202. 99. 90. 19
4202. 99. 00. 19
4202. 99. 90. 21
4202. 99. 00. 21
4202. 99. 90. 22
4202. 99. 00. 22
4202. 99. 90. 29
4202. 99. 00. 29
4202. 99. 90. 90
Ex4202. 99. 00. 99
4205. 00. 90. 21
Ex4205. 00. 90. 20
4205. 00. 90. 29
Ex4205. 00. 90. 20
4401. 39. 00. 80
4401. 32. 00. 00
4401. 39. 00. 70
4401. 40. 00. 11
Ex4401. 41. 00. 00
4401. 40. 00. 19
Ex4401. 41. 00. 00
4401. 40. 00. 90
4401. 49. 00. 00
4402. 90. 00. 00
4402. 20. 00. 00
4402. 90. 00. 00
4403. 11. 10. 11
Ex4403. 11. 00. 10
4403. 11. 10. 12
Ex4403. 11. 00. 10
4403. 11. 10. 13
Ex4403. 11. 00. 10
4403. 11. 10. 19
Ex4403. 11. 00. 10
4403. 11. 20. 10
Ex4403. 11. 00. 20
4403. 11. 20. 21
Ex4403. 11. 00. 20
4403. 11. 20. 29
Ex4403. 11. 00. 20
4403. 11. 20. 90
Ex4403. 11. 00. 20
4403. 12. 10. 11
Ex4403. 12. 00. 10
4403. 12. 10. 12
Ex4403. 12. 00. 10
4403. 12. 10. 13
Ex4403. 12. 00. 10
4403. 12. 10. 14
Ex4403. 12. 00. 10
4403. 12. 10. 15
Ex4403. 12. 00. 10
4403. 12. 10. 16
Ex4403. 12. 00. 10
4403. 12. 10. 19
Ex4403. 12. 00. 10
4403. 12. 10. 91
Ex4403. 12. 00. 10
4403. 12. 10. 92
Ex4403. 12. 00. 10
4403. 12. 10. 93
Ex4403. 12. 00. 10
4403. 12. 10. 94
Ex4403. 12. 00. 10
4403. 12. 10. 95
Ex4403. 12. 00. 10
4403. 12. 10. 99
Ex4403. 12. 00. 10
4403. 12. 20. 11
Ex4403. 12. 00. 20
4403. 12. 20. 19
Ex4403. 12. 00. 20
4403. 12. 20. 21
Ex4403. 12. 00. 20
4403. 12. 20. 22
Ex4403. 12. 00. 20
4403. 12. 20. 23
Ex4403. 12. 00. 20
4403. 12. 20. 24
Ex4403. 12. 00. 20
4403. 12. 20. 25
Ex4403. 12. 00. 20
4403. 12. 20. 29
Ex4403. 12. 00. 20
Page 65
--- Page 67 (parsed text) --Table de concordance 2017-2022
Codification 2017
Codification 2022
4403. 12. 20. 91
Ex4403. 12. 00. 20
4403. 12. 20. 92
Ex4403. 12. 00. 20
4403. 12. 20. 99
Ex4403. 12. 00. 20
4403. 21. 10. 00
4403. 21. 00. 10
Ex4403. 22. 00. 10
4403. 21. 20. 10
Ex4403. 21. 00. 20
Ex4403. 22. 00. 20
4403. 21. 20. 21
Ex4403. 21. 00. 20
Ex4403. 22. 00. 20
4403. 21. 20. 22
Ex4403. 21. 00. 20
Ex4403. 22. 00. 20
4403. 21. 20. 29
Ex4403. 21. 00. 20
Ex4403. 22. 00. 20
4403. 21. 20. 91
Ex4403. 21. 00. 20
Ex4403. 22. 00. 20
4403. 21. 20. 99
Ex4403. 21. 00. 20
Ex4403. 22. 00. 20
4403. 22. 10. 00
Ex4403. 22. 00. 10
4403. 22. 20. 10
Ex4403. 22. 00. 20
4403. 22. 20. 21
Ex4403. 22. 00. 20
4403. 22. 20. 22
Ex4403. 22. 00. 20
4403. 22. 20. 29
Ex4403. 22. 00. 20
4403. 22. 20. 91
Ex4403. 22. 00. 20
4403. 22. 20. 99
Ex4403. 22. 00. 20
4403. 23. 10. 00
4403. 23. 00. 10
Ex4403. 24. 00. 10
4403. 23. 20. 10
Ex4403. 23. 00. 20
Ex4403. 24. 00. 20
4403. 23. 20. 21
Ex4403. 23. 00. 20
Ex4403. 24. 00. 20
4403. 23. 20. 22
Ex4403. 23. 00. 20
Ex4403. 24. 00. 20
4403. 23. 20. 29
Ex4403. 23. 00. 20
Ex4403. 24. 00. 20
4403. 23. 20. 91
Ex4403. 23. 00. 20
Ex4403. 24. 00. 20
4403. 23. 20. 99
Ex4403. 23. 00. 20
Ex4403. 24. 00. 20
4403. 24. 10. 00
Ex4403. 24. 00. 10
4403. 24. 20. 10
Ex4403. 24. 00. 20
4403. 24. 20. 21
Ex4403. 24. 00. 20
4403. 24. 20. 22
Ex4403. 24. 00. 20
4403. 24. 20. 29
Ex4403. 24. 00. 20
4403. 24. 20. 91
Ex4403. 24. 00. 20
4403. 24. 20. 99
Ex4403. 24. 00. 20
4403. 25. 10. 00
4403. 25. 00. 10
Ex4403. 26. 00. 10
4403. 25. 20. 10
Ex4403. 25. 00. 20
Page 66
--- Page 68 (parsed text) --Table de concordance 2017-2022
Codification 2017
Codification 2022
Ex4403. 26. 00. 20
4403. 25. 20. 21
Ex4403. 25. 00. 20
Ex4403. 26. 00. 20
4403. 25. 20. 22
Ex4403. 25. 00. 20
Ex4403. 26. 00. 20
4403. 25. 20. 29
Ex4403. 25. 00. 20
Ex4403. 26. 00. 20
4403. 25. 20. 91
Ex4403. 25. 00. 20
Ex4403. 26. 00. 20
4403. 25. 20. 99
Ex4403. 25. 00. 20
Ex4403. 26. 00. 20
4403. 26. 10. 00
Ex4403. 26. 00. 10
4403. 26. 20. 10
Ex4403. 26. 00. 20
4403. 26. 20. 21
Ex4403. 26. 00. 20
4403. 26. 20. 22
Ex4403. 26. 00. 20
4403. 26. 20. 29
Ex4403. 26. 00. 20
4403. 26. 20. 91
Ex4403. 26. 00. 20
4403. 26. 20. 99
Ex4403. 26. 00. 20
4403. 41. 10. 10
Ex4403. 41. 00. 10
4403. 41. 10. 90
Ex4403. 41. 00. 10
4403. 41. 20. 10
Ex4403. 41. 00. 20
4403. 41. 20. 91
Ex4403. 41. 00. 20
4403. 41. 20. 99
Ex4403. 41. 00. 20
4403. 49. 15. 10
Ex4403. 42. 00. 10
Ex4403. 49. 00. 10
4403. 49. 15. 90
Ex4403. 42. 00. 10
Ex4403. 49. 00. 10
4403. 49. 20. 10
Ex4403. 42. 00. 20
Ex4403. 49. 00. 29
4403. 49. 20. 20
4403. 49. 00. 21
4403. 49. 20. 91
Ex4403. 42. 00. 20
Ex4403. 49. 00. 29
4403. 49. 20. 99
Ex4403. 42. 00. 20
Ex4403. 49. 00. 29
4403. 91. 20. 11
Ex4403. 91. 20. 00
4403. 91. 20. 12
Ex4403. 91. 20. 00
4403. 91. 20. 19
Ex4403. 91. 20. 00
4403. 91. 20. 91
Ex4403. 91. 20. 00
4403. 91. 20. 99
Ex4403. 91. 20. 00
4403. 93. 10. 00
4403. 93. 00. 10
Ex4403. 94. 00. 10
4403. 93. 20. 11
Ex4403. 93. 00. 20
Ex4403. 94. 00. 20
4403. 93. 20. 12
Ex4403. 93. 00. 20
Ex4403. 94. 00. 20
4403. 93. 20. 19
Ex4403. 93. 00. 20
Ex4403. 94. 00. 20
4403. 93. 20. 91
Ex4403. 93. 00. 20
Page 67
--- Page 69 (parsed text) --Table de concordance 2017-2022
Codification 2017
Codification 2022
Ex4403. 94. 00. 20
4403. 93. 20. 99
Ex4403. 93. 00. 20
Ex4403. 94. 00. 20
4403. 94. 10. 00
Ex4403. 94. 00. 10
4403. 94. 20. 11
Ex4403. 94. 00. 20
4403. 94. 20. 12
Ex4403. 94. 00. 20
4403. 94. 20. 19
Ex4403. 94. 00. 20
4403. 94. 20. 91
Ex4403. 94. 00. 20
4403. 94. 20. 99
Ex4403. 94. 00. 20
4403. 95. 10. 00
4403. 95. 00. 10
Ex4403. 96. 00. 10
4403. 95. 20. 11
Ex4403. 95. 00. 20
Ex4403. 96. 00. 20
4403. 95. 20. 12
Ex4403. 95. 00. 20
Ex4403. 96. 00. 20
4403. 95. 20. 19
Ex4403. 95. 00. 20
Ex4403. 96. 00. 20
4403. 95. 20. 91
Ex4403. 95. 00. 20
Ex4403. 96. 00. 10
4403. 95. 20. 99
Ex4403. 95. 00. 20
Ex4403. 96. 00. 20
4403. 96. 10. 00
Ex4403. 96. 00. 10
4403. 96. 20. 11
Ex4403. 96. 00. 10
4403. 96. 20. 12
Ex4403. 96. 00. 10
4403. 96. 20. 19
Ex4403. 96. 00. 10
4403. 96. 20. 91
Ex4403. 96. 00. 10
4403. 96. 20. 99
Ex4403. 96. 00. 10
4403. 97. 20. 11
Ex4403. 97. 20. 00
4403. 97. 20. 12
Ex4403. 97. 20. 00
4403. 97. 20. 19
Ex4403. 97. 20. 00
4403. 97. 20. 91
Ex4403. 97. 20. 00
4403. 97. 20. 99
Ex4403. 97. 20. 00
4403. 98. 20. 11
Ex4403. 98. 20. 00
4403. 98. 20. 12
Ex4403. 98. 20. 00
4403. 98. 20. 19
Ex4403. 98. 20. 00
4403. 98. 20. 91
Ex4403. 98. 20. 00
4403. 98. 20. 99
Ex4403. 98. 20. 00
4403. 99. 10. 13
Ex4403. 99. 10. 00
4403. 99. 10. 17
Ex4403. 99. 10. 00
4403. 99. 10. 91
Ex4403. 99. 10. 00
4403. 99. 10. 92
Ex4403. 99. 10. 00
4403. 99. 10. 93
Ex4403. 99. 10. 00
4403. 99. 10. 94
Ex4403. 99. 10. 00
4403. 99. 10. 97
Ex4403. 99. 10. 00
4403. 99. 20. 11
Ex4403. 99. 20. 10
4403. 99. 20. 12
Ex4403. 99. 20. 10
4403. 99. 20. 19
Ex4403. 99. 20. 10
4403. 99. 20. 31
Ex4403. 99. 20. 30
Page 68
--- Page 70 (parsed text) --Table de concordance 2017-2022
Codification 2017
Codification 2022
4403. 99. 20. 32
Ex4403. 99. 20. 30
4403. 99. 20. 33
Ex4403. 99. 20. 30
4403. 99. 20. 34
Ex4403. 99. 20. 30
4403. 99. 20. 35
Ex4403. 99. 20. 30
4403. 99. 20. 39
Ex4403. 99. 20. 30
4404. 10. 00. 10
Ex4404. 10. 00. 00
4404. 10. 00. 20
Ex4404. 10. 00. 00
4404. 10. 00. 90
Ex4404. 10. 00. 00
4404. 20. 00. 10
Ex4404. 20. 00. 00
4404. 20. 00. 20
Ex4404. 20. 00. 00
4404. 20. 00. 91
Ex4404. 20. 00. 00
4404. 20. 00. 99
Ex4404. 20. 00. 00
4405. 00. 00. 10
Ex4405. 00. 00. 00
4405. 00. 00. 90
Ex4405. 00. 00. 00
4407. 11. 11. 00
4407. 11. 12. 00
Ex4407. 13. 11. 00
4407. 11. 19. 10
4407. 11. 18. 10
Ex4407. 13. 19. 10
4407. 11. 19. 20
4407. 11. 18. 20
Ex4407. 13. 19. 20
4407. 11. 19. 91
Ex4407. 11. 18. 90
Ex4407. 13. 19. 90
4407. 11. 19. 99
Ex4407. 11. 18. 90
Ex4407. 13. 19. 90
4407. 11. 90. 11
Ex4407. 11. 80. 00
Ex4407. 13. 90. 00
4407. 11. 90. 19
Ex4407. 11. 80. 00
Ex4407. 13. 90. 00
4407. 11. 90. 91
Ex4407. 11. 80. 00
Ex4407. 13. 90. 00
4407. 11. 90. 99
Ex4407. 11. 80. 00
Ex4407. 13. 90. 00
4407. 12. 11. 00
4407. 12. 12. 00
Ex4407. 13. 11. 00
Ex4407. 14. 11. 00
4407. 12. 19. 10
4407. 12. 18. 10
Ex4407. 13. 19. 10
Ex4407. 14. 19. 10
4407. 12. 19. 20
4407. 12. 18. 20
Ex4407. 13. 19. 20
Ex4407. 14. 19. 20
4407. 12. 19. 91
Ex4407. 12. 18. 90
Ex4407. 13. 19. 90
Ex4407. 14. 19. 90
4407. 12. 19. 99
Ex4407. 12. 18. 90
Ex4407. 13. 19. 90
Ex4407. 14. 19. 90
4407. 12. 90. 11
Ex4407. 12. 80. 00
Page 69
--- Page 71 (parsed text) --Table de concordance 2017-2022
Codification 2017
Codification 2022
Ex4407. 13. 90. 00
Ex4407. 14. 90. 00
4407. 12. 90. 19
Ex4407. 12. 80. 00
Ex4407. 13. 90. 00
Ex4407. 14. 90. 00
4407. 12. 90. 91
Ex4407. 12. 80. 00
Ex4407. 13. 90. 00
Ex4407. 14. 90. 00
4407. 12. 90. 99
Ex4407. 12. 80. 00
Ex4407. 13. 90. 00
Ex4407. 14. 90. 00
4407. 19. 11. 00
Ex4407. 13. 11. 00
Ex4407. 14. 11. 00
4407. 19. 12. 00
4407. 19. 19. 10
Ex4407. 13. 19. 10
Ex4407. 14. 19. 10
4407. 19. 18. 10
4407. 19. 19. 20
Ex4407. 13. 19. 20
Ex4407. 14. 19. 20
4407. 19. 18. 20
4407. 19. 19. 91
Ex4407. 13. 19. 90
Ex4407. 14. 19. 90
Ex4407. 19. 18. 90
4407. 19. 19. 99
Ex4407. 13. 19. 90
Ex4407. 14. 19. 90
Ex4407. 19. 18. 90
4407. 19. 90. 11
Ex4407. 13. 90. 00
Ex4407. 14. 90. 00
Ex4407. 19. 80. 00
4407. 19. 90. 19
Ex4407. 13. 90. 00
Ex4407. 14. 90. 00
Ex4407. 19. 80. 00
4407. 19. 90. 91
Ex4407. 13. 90. 00
Ex4407. 14. 90. 00
Ex4407. 19. 80. 00
4407. 19. 90. 99
Ex4407. 13. 90. 00
Ex4407. 14. 90. 00
Ex4407. 19. 80. 00
4407. 21. 19. 10
Ex4407. 21. 19. 00
4407. 21. 19. 90
Ex4407. 21. 19. 00
4407. 21. 90. 11
Ex4407. 21. 90. 10
4407. 21. 90. 19
Ex4407. 21. 90. 10
4407. 22. 19. 10
Ex4407. 22. 19. 00
4407. 22. 19. 90
Ex4407. 22. 19. 00
4407. 22. 90. 11
Ex4407. 22. 90. 10
4407. 22. 90. 19
Ex4407. 22. 90. 10
4407. 25. 19. 10
Ex4407. 25. 19. 00
4407. 25. 19. 90
Ex4407. 25. 19. 00
Page 70
--- Page 72 (parsed text) --Table de concordance 2017-2022
Codification 2017
Codification 2022
4407. 25. 90. 11
Ex4407. 25. 90. 00
4407. 25. 90. 19
Ex4407. 25. 90. 00
4407. 25. 90. 91
Ex4407. 25. 90. 00
4407. 25. 90. 99
Ex4407. 25. 90. 00
4407. 26. 19. 10
Ex4407. 26. 19. 00
4407. 26. 19. 90
Ex4407. 26. 19. 00
4407. 26. 90. 11
Ex4407. 26. 90. 00
4407. 26. 90. 19
Ex4407. 26. 90. 00
4407. 26. 90. 91
Ex4407. 26. 90. 00
4407. 26. 90. 99
Ex4407. 26. 90. 00
4407. 27. 19. 10
Ex4407. 27. 19. 00
4407. 27. 19. 90
Ex4407. 27. 19. 00
4407. 27. 90. 11
Ex4407. 27. 90. 00
4407. 27. 90. 19
Ex4407. 27. 90. 00
4407. 27. 90. 91
Ex4407. 27. 90. 00
4407. 27. 90. 99
Ex4407. 27. 90. 00
4407. 28. 19. 10
Ex4407. 28. 19. 00
4407. 28. 19. 90
Ex4407. 28. 19. 00
4407. 28. 90. 11
Ex4407. 28. 90. 10
4407. 28. 90. 19
Ex4407. 28. 90. 10
4407. 28. 90. 91
Ex4407. 28. 90. 90
4407. 28. 90. 99
Ex4407. 28. 90. 90
4407. 29. 13. 00
4407. 23. 11. 00
4407. 29. 14. 00
4407. 29. 17. 10
Ex4407. 23. 19. 00
Ex4407. 29. 18. 00
4407. 29. 17. 91
Ex4407. 23. 19. 00
Ex4407. 29. 18. 00
4407. 29. 17. 99
Ex4407. 23. 19. 00
Ex4407. 29. 18. 00
4407. 29. 70. 11
Ex4407. 23. 90. 10
Ex4407. 29. 80. 10
4407. 29. 70. 19
Ex4407. 23. 90. 10
Ex4407. 29. 80. 10
4407. 29. 70. 91
4407. 23. 90. 91
4407. 29. 80. 91
4407. 29. 70. 99
4407. 23. 90. 99
4407. 29. 80. 99
4407. 91. 90. 11
Ex4407. 91. 90. 00
4407. 91. 90. 19
Ex4407. 91. 90. 00
4407. 91. 90. 91
Ex4407. 91. 90. 00
4407. 91. 90. 99
Ex4407. 91. 90. 00
4407. 92. 19. 10
Ex4407. 92. 19. 00
4407. 92. 19. 90
Ex4407. 92. 19. 00
4407. 92. 90. 11
Ex4407. 92. 90. 00
4407. 92. 90. 19
Ex4407. 92. 90. 00
4407. 92. 90. 91
Ex4407. 92. 90. 00
4407. 92. 90. 99
Ex4407. 92. 90. 00
Page 71
--- Page 73 (parsed text) --Table de concordance 2017-2022
Codification 2017
Codification 2022
4407. 93. 19. 10
Ex4407. 93. 19. 00
4407. 93. 19. 90
Ex4407. 93. 19. 00
4407. 93. 90. 11
Ex4407. 93. 90. 00
4407. 93. 90. 19
Ex4407. 93. 90. 00
4407. 93. 90. 91
Ex4407. 93. 90. 00
4407. 93. 90. 99
Ex4407. 93. 90. 00
4407. 94. 19. 10
Ex4407. 94. 19. 00
4407. 94. 19. 90
Ex4407. 94. 19. 00
4407. 94. 90. 11
Ex4407. 94. 90. 10
4407. 94. 90. 19
Ex4407. 94. 90. 10
4407. 95. 19. 10
Ex4407. 95. 19. 00
4407. 95. 19. 90
Ex4407. 95. 19. 00
4407. 95. 90. 11
Ex4407. 95. 90. 10
4407. 95. 90. 19
Ex4407. 95. 90. 10
4407. 96. 19. 10
Ex4407. 96. 19. 00
4407. 96. 19. 90
Ex4407. 96. 19. 00
4407. 96. 90. 11
Ex4407. 96. 90. 00
4407. 96. 90. 19
Ex4407. 96. 90. 00
4407. 96. 90. 91
Ex4407. 96. 90. 00
4407. 96. 90. 99
Ex4407. 96. 90. 00
4407. 97. 19. 10
Ex4407. 97. 19. 00
4407. 97. 19. 90
Ex4407. 97. 19. 00
4407. 97. 90. 11
Ex4407. 97. 90. 00
4407. 97. 90. 19
Ex4407. 97. 90. 00
4407. 97. 90. 91
Ex4407. 97. 90. 00
4407. 97. 90. 99
Ex4407. 97. 90. 00
4407. 99. 18. 12
Ex4407. 99. 17. 10
Ex4407. 99. 17. 91
Ex4407. 99. 17. 92
Ex4407. 99. 17. 93
Ex4407. 99. 17. 99
4407. 99. 18. 20
Ex4407. 99. 17. 10
4407. 99. 18. 91
Ex4407. 99. 17. 91
4407. 99. 18. 92
Ex4407. 99. 17. 92
4407. 99. 18. 93
Ex4407. 99. 17. 99
4407. 99. 18. 94
Ex4407. 99. 17. 93
4407. 99. 18. 98
Ex4407. 99. 17. 99
4407. 99. 80. 12
Ex4407. 99. 80. 00
4407. 99. 80. 18
Ex4407. 99. 80. 00
4407. 99. 80. 92
Ex4407. 99. 80. 00
4407. 99. 80. 98
Ex4407. 99. 80. 00
4408. 10. 21. 00
Ex4408. 10. 20. 00
4408. 10. 29. 10
Ex4408. 10. 20. 00
4408. 10. 29. 20
Ex4408. 10. 20. 00
4408. 10. 29. 90
Ex4408. 10. 20. 00
4408. 10. 40. 10
Ex4408. 10. 40. 00
4408. 10. 40. 90
Ex4408. 10. 40. 00
4408. 10. 90. 10
Ex4408. 10. 90. 00
Page 72
--- Page 74 (parsed text) --Table de concordance 2017-2022
Codification 2017
Codification 2022
4408. 10. 90. 90
Ex4408. 10. 90. 00
4408. 31. 21. 00
Ex4408. 31. 20. 00
4408. 31. 29. 10
Ex4408. 31. 20. 00
4408. 31. 29. 20
Ex4408. 31. 20. 00
4408. 31. 29. 90
Ex4408. 31. 20. 00
4408. 31. 30. 10
Ex4408. 31. 30. 00
4408. 31. 30. 90
Ex4408. 31. 30. 00
4408. 31. 40. 10
Ex4408. 31. 40. 20
4408. 31. 40. 90
Ex4408. 31. 40. 20
4408. 31. 50. 00
4408. 31. 40. 30
4408. 31. 61. 00
Ex4408. 31. 40. 80
4408. 31. 69. 00
Ex4408. 31. 40. 80
4408. 39. 22. 00
Ex4408. 39. 20. 00
4408. 39. 28. 10
Ex4408. 39. 20. 00
4408. 39. 28. 20
Ex4408. 39. 20. 00
4408. 39. 28. 90
Ex4408. 39. 20. 00
4408. 39. 42. 10
Ex4408. 39. 45. 10
4408. 39. 42. 90
Ex4408. 39. 45. 10
4408. 39. 52. 00
4408. 39. 45. 20
4408. 39. 62. 00
Ex4408. 39. 45. 90
4408. 39. 68. 00
Ex4408. 39. 45. 90
4408. 39. 80. 10
Ex4408. 39. 80. 00
4408. 39. 80. 90
Ex4408. 39. 80. 00
4408. 90. 23. 00
Ex4408. 90. 20. 00
4408. 90. 29. 10
Ex4408. 90. 20. 00
4408. 90. 29. 90
Ex4408. 90. 20. 00
4408. 90. 33. 10
Ex4408. 90. 33. 00
4408. 90. 33. 90
Ex4408. 90. 33. 00
4408. 90. 43. 10
Ex4408. 90. 45. 10
4408. 90. 43. 90
Ex4408. 90. 45. 10
4408. 90. 53. 00
4408. 90. 45. 20
4408. 90. 63. 00
Ex4408. 90. 45. 90
4408. 90. 67. 00
Ex4408. 90. 45. 90
4408. 90. 80. 10
Ex4408. 90. 80. 00
4408. 90. 80. 90
Ex4408. 90. 80. 00
4409. 10. 90. 11
Ex4409. 10. 80. 10
4409. 10. 90. 19
Ex4409. 10. 80. 10
4409. 10. 90. 20
Ex4409. 10. 80. 20
4409. 10. 90. 31
Ex4409. 10. 80. 20
4409. 10. 90. 39
Ex4409. 10. 80. 20
4409. 10. 90. 91
Ex4409. 10. 80. 90
4409. 10. 90. 99
Ex4409. 10. 80. 90
4409. 21. 90. 11
Ex4409. 21. 80. 10
4409. 21. 90. 19
Ex4409. 21. 80. 10
4409. 21. 90. 20
Ex4409. 21. 80. 20
4409. 21. 90. 31
Ex4409. 21. 80. 20
4409. 21. 90. 39
Ex4409. 21. 80. 20
4409. 21. 90. 91
Ex4409. 21. 80. 90
Page 73
--- Page 75 (parsed text) --Table de concordance 2017-2022
Codification 2017
Codification 2022
4409. 21. 90. 99
Ex4409. 21. 80. 90
4409. 22. 90. 11
Ex4409. 22. 90. 10
4409. 22. 90. 19
Ex4409. 22. 90. 10
4409. 22. 90. 20
Ex4409. 22. 90. 40
4409. 22. 90. 31
Ex4409. 22. 90. 40
4409. 22. 90. 39
Ex4409. 22. 90. 40
4409. 29. 80. 11
Ex4409. 29. 80. 10
4409. 29. 80. 19
Ex4409. 29. 80. 10
4409. 29. 80. 20
Ex4409. 29. 80. 40
4409. 29. 80. 31
Ex4409. 29. 80. 40
4409. 29. 80. 39
Ex4409. 29. 80. 40
4410. 11. 10. 11
Ex4410. 11. 10. 10
4410. 11. 10. 19
Ex4410. 11. 10. 10
4410. 11. 20. 11
Ex4410. 11. 20. 10
4410. 11. 20. 19
Ex4410. 11. 20. 10
4410. 11. 30. 11
Ex4410. 11. 30. 10
4410. 11. 30. 19
Ex4410. 11. 30. 10
4410. 11. 90. 10
Ex4410. 11. 90. 30
4410. 11. 90. 21
Ex4410. 11. 90. 30
4410. 11. 90. 29
Ex4410. 11. 90. 30
4410. 12. 10. 10
Ex4410. 12. 10. 00
4410. 12. 10. 90
Ex4410. 12. 10. 00
4410. 12. 30. 10
Ex4410. 12. 30. 00
4410. 12. 30. 91
Ex4410. 12. 30. 00
4410. 12. 30. 99
Ex4410. 12. 30. 00
4410. 19. 11. 11
Ex4410. 19. 11. 10
4410. 19. 11. 19
Ex4410. 19. 11. 10
4410. 19. 19. 10
Ex4410. 19. 19. 30
4410. 19. 19. 21
Ex4410. 19. 19. 30
4410. 19. 19. 29
Ex4410. 19. 19. 30
4410. 19. 91. 11
Ex4410. 19. 91. 10
4410. 19. 91. 19
Ex4410. 19. 91. 10
4410. 19. 92. 11
Ex4410. 19. 92. 10
4410. 19. 92. 19
Ex4410. 19. 92. 10
4410. 19. 93. 11
Ex4410. 19. 93. 10
4410. 19. 93. 19
Ex4410. 19. 93. 10
4410. 19. 99. 10
Ex4410. 19. 99. 30
4410. 19. 99. 21
Ex4410. 19. 99. 30
4410. 19. 99. 29
Ex4410. 19. 99. 30
4410. 90. 10. 10
Ex4410. 90. 10. 00
4410. 90. 10. 91
Ex4410. 90. 10. 00
4410. 90. 10. 99
Ex4410. 90. 10. 00
4410. 90. 90. 10
Ex4410. 90. 90. 00
4410. 90. 90. 90
Ex4410. 90. 90. 00
4411. 12. 10. 10
Ex4411. 12. 00. 10
4411. 12. 10. 90
Ex4411. 12. 00. 90
4411. 12. 90. 10
Ex4411. 12. 00. 10
4411. 12. 90. 90
Ex4411. 12. 00. 90
Page 74
--- Page 76 (parsed text) --Table de concordance 2017-2022
Codification 2017
Codification 2022
4411. 13. 10. 10
Ex4411. 13. 00. 10
4411. 13. 10. 90
Ex4411. 13. 00. 90
4411. 13. 90. 10
Ex4411. 13. 00. 10
4411. 13. 90. 90
Ex4411. 13. 00. 90
4411. 14. 10. 10
Ex4411. 14. 00. 10
4411. 14. 10. 90
Ex4411. 14. 00. 90
4411. 14. 90. 10
Ex4411. 14. 00. 10
4411. 14. 90. 90
Ex4411. 14. 00. 90
4411. 92. 10. 10
Ex4411. 92. 00. 10
4411. 92. 10. 90
Ex4411. 92. 00. 90
4411. 92. 90. 10
Ex4411. 92. 00. 10
4411. 92. 90. 90
Ex4411. 92. 00. 90
4411. 93. 10. 10
Ex4411. 93. 00. 10
4411. 93. 10. 90
Ex4411. 93. 00. 90
4411. 93. 90. 10
Ex4411. 93. 00. 10
4411. 93. 90. 90
Ex4411. 93. 00. 90
4411. 94. 10. 10
Ex4411. 94. 00. 10
4411. 94. 10. 90
Ex4411. 94. 00. 90
4411. 94. 90. 10
Ex4411. 94. 00. 10
4411. 94. 90. 90
Ex4411. 94. 00. 90
4412. 10. 10. 10
Ex4412. 10. 10. 00
4412. 10. 10. 91
Ex4412. 10. 10. 00
4412. 10. 10. 99
Ex4412. 10. 10. 00
4412. 10. 99. 21
Ex4412. 10. 99. 20
4412. 10. 99. 29
Ex4412. 10. 99. 20
4412. 31. 20. 10
Ex4412. 31. 20. 00
4412. 31. 20. 91
Ex4412. 31. 20. 00
4412. 31. 20. 99
Ex4412. 31. 20. 00
4412. 31. 98. 21
Ex4412. 31. 98. 20
4412. 31. 98. 29
Ex4412. 31. 98. 20
4412. 33. 10. 10
Ex4412. 33. 10. 00
4412. 33. 10. 91
Ex4412. 33. 10. 00
4412. 33. 10. 99
Ex4412. 33. 10. 00
4412. 33. 99. 21
Ex4412. 33. 99. 20
4412. 33. 99. 29
Ex4412. 33. 99. 20
4412. 34. 10. 10
Ex4412. 34. 10. 00
4412. 34. 10. 91
Ex4412. 34. 10. 00
4412. 34. 10. 99
Ex4412. 34. 10. 00
4412. 34. 99. 21
Ex4412. 34. 99. 20
4412. 34. 99. 29
Ex4412. 34. 99. 20
4412. 39. 10. 10
Ex4412. 39. 10. 00
4412. 39. 10. 91
Ex4412. 39. 10. 00
4412. 39. 10. 99
Ex4412. 39. 10. 00
4412. 39. 99. 21
Ex4412. 39. 99. 20
4412. 39. 99. 29
Ex4412. 39. 99. 20
4412. 94. 10. 10
Ex4412. 51. 10. 00
Ex4412. 52. 10. 00
Ex4412. 59. 10. 00
Page 75
--- Page 77 (parsed text) --Table de concordance 2017-2022
Codification 2017
Codification 2022
4412. 94. 10. 91
Ex4412. 51. 10. 00
Ex4412. 52. 10. 00
Ex4412. 59. 10. 00
4412. 94. 10. 99
Ex4412. 51. 10. 00
Ex4412. 52. 10. 00
Ex4412. 59. 10. 00
4412. 94. 91. 00
4412. 51. 91. 00
4412. 52. 91. 00
4412. 59. 91. 00
4412. 94. 99. 10
4412. 51. 99. 10
4412. 52. 99. 10
4412. 59. 99. 10
4412. 94. 99. 21
Ex4412. 51. 99. 20
Ex4412. 52. 99. 20
Ex4412. 59. 99. 20
4412. 94. 99. 29
Ex4412. 51. 99. 20
Ex4412. 52. 99. 20
Ex4412. 59. 99. 20
4412. 94. 99. 90
4412. 51. 99. 90
4412. 52. 99. 90
4412. 59. 99. 90
4412. 99. 20. 10
Ex4412. 41. 10. 00
Ex4412. 42. 10. 00
Ex4412. 49. 10. 00
Ex4412. 91. 10. 00
Ex4412. 92. 10. 00
Ex4412. 99. 30. 00
4412. 99. 20. 91
Ex4412. 41. 10. 00
Ex4412. 42. 10. 00
Ex4412. 49. 10. 00
Ex4412. 91. 10. 00
Ex4412. 92. 10. 00
Ex4412. 99. 30. 00
4412. 99. 20. 99
Ex4412. 41. 10. 00
Ex4412. 42. 10. 00
Ex4412. 49. 10. 00
Ex4412. 91. 10. 00
Ex4412. 92. 10. 00
Ex4412. 99. 30. 00
4412. 99. 92. 00
4412. 41. 91. 00
4412. 42. 91. 00
4412. 49. 91. 00
4412. 91. 91. 00
4412. 92. 91. 00
4412. 99. 93. 00
4412. 99. 98. 10
4412. 41. 99. 10
4412. 42. 99. 10
4412. 49. 99. 10
Page 76
--- Page 78 (parsed text) --Table de concordance 2017-2022
Codification 2017
Codification 2022
4412. 91. 99. 10
4412. 92. 99. 10
4412. 99. 97. 10
4412. 99. 98. 21
Ex4412. 41. 99. 20
Ex4412. 42. 99. 20
Ex4412. 49. 99. 20
Ex4412. 91. 99. 20
Ex4412. 92. 99. 20
Ex4412. 99. 97. 20
4412. 99. 98. 29
Ex4412. 41. 99. 20
Ex4412. 42. 99. 20
Ex4412. 49. 99. 20
Ex4412. 91. 99. 20
Ex4412. 92. 99. 20
Ex4412. 99. 97. 20
4412. 99. 98. 90
4412. 41. 99. 90
4412. 42. 99. 90
4412. 49. 99. 90
4412. 91. 99. 90
4412. 92. 99. 90
4412. 99. 97. 90
4413. 00. 00. 10
Ex4413. 00. 00. 00
4413. 00. 00. 21
Ex4413. 00. 00. 00
4413. 00. 00. 29
Ex4413. 00. 00. 00
4413. 00. 00. 91
Ex4413. 00. 00. 00
4413. 00. 00. 92
Ex4413. 00. 00. 00
4413. 00. 00. 99
Ex4413. 00. 00. 00
4414. 00. 10. 00
Ex4414. 10. 00. 00
Ex4414. 90. 00. 00
4414. 00. 90. 00
Ex4414. 10. 00. 00
Ex4414. 90. 00. 00
4415. 10. 90. 10
4415. 10. 80. 90
4415. 10. 90. 20
Ex4415. 10. 80. 10
Ex4415. 10. 80. 20
4415. 10. 90. 31
Ex4415. 10. 80. 10
4415. 10. 90. 32
Ex4415. 10. 80. 10
4415. 10. 90. 39
Ex4415. 10. 80. 10
4415. 10. 90. 91
Ex4415. 10. 80. 20
4415. 10. 90. 93
Ex4415. 10. 80. 20
4415. 10. 90. 99
Ex4415. 10. 80. 20
4415. 20. 99. 10
Ex4415. 20. 99. 00
4415. 20. 99. 21
Ex4415. 20. 99. 00
4415. 20. 99. 29
Ex4415. 20. 99. 00
4415. 20. 99. 90
Ex4415. 20. 99. 00
4416. 00. 20. 10
Ex4416. 00. 20. 00
4416. 00. 20. 90
Ex4416. 00. 20. 00
4416. 00. 31. 00
Ex4416. 00. 30. 00
4416. 00. 32. 00
Ex4416. 00. 30. 00
Page 77
--- Page 79 (parsed text) --Table de concordance 2017-2022
Codification 2017
Codification 2022
4416. 00. 39. 00
Ex4416. 00. 30. 00
4418. 10. 00. 10
4418. 11. 00. 10
4418. 19. 00. 10
4418. 10. 00. 90
4418. 11. 00. 90
4418. 19. 00. 90
4418. 20. 00. 10
4418. 21. 00. 10
4418. 29. 00. 10
4418. 20. 00. 90
4418. 21. 00. 90
4418. 29. 00. 90
4418. 60. 10. 00
4418. 30. 00. 10
Ex4418. 81. 10. 00
Ex4418. 82. 10. 00
Ex4418. 83. 10. 00
Ex4418. 89. 10. 00
4418. 60. 90. 00
4418. 30. 00. 90
Ex4418. 81. 90. 00
Ex4418. 82. 90. 00
Ex4418. 83. 90. 00
Ex4418. 89. 90. 00
4418. 91. 00. 10
Ex4418. 81. 10. 00
Ex4418. 82. 10. 00
Ex4418. 83. 10. 00
Ex4418. 89. 10. 00
4418. 91. 00. 20
4418. 91. 00. 91
Ex4418. 81. 90. 00
Ex4418. 82. 90. 00
Ex4418. 83. 90. 00
Ex4418. 89. 90. 00
Ex4418. 91. 00. 80
4418. 91. 00. 99
Ex4418. 81. 90. 00
Ex4418. 82. 90. 00
Ex4418. 83. 90. 00
Ex4418. 89. 90. 00
Ex4418. 91. 00. 80
4418. 99. 00. 10
Ex4418. 81. 10. 00
Ex4418. 82. 10. 00
Ex4418. 83. 10. 00
Ex4418. 89. 10. 00
Ex4418. 92. 00. 00
4418. 99. 00. 20
4418. 99. 00. 91
Ex4418. 92. 00. 00
4418. 99. 00. 99
Ex4418. 81. 90. 00
Ex4418. 82. 90. 00
Ex4418. 83. 90. 00
Ex4418. 89. 90. 00
4418. 99. 00. 80
4419. 90. 00. 10
4419. 20. 00. 10
4419. 90. 00. 15
Page 78
--- Page 80 (parsed text) --Table de concordance 2017-2022
Codification 2017
Codification 2022
4419. 90. 00. 21
Ex4419. 20. 00. 20
Ex4419. 90. 00. 20
4419. 90. 00. 29
Ex4419. 20. 00. 20
Ex4419. 90. 00. 20
4419. 90. 00. 30
4419. 20. 00. 30
4419. 90. 00. 40
4419. 90. 00. 91
Ex4419. 20. 00. 90
Ex4419. 90. 00. 80
4419. 90. 00. 99
Ex4419. 20. 00. 90
Ex4419. 90. 00. 80
4420. 10. 00. 10
Ex4420. 11. 00. 00
Ex4420. 19. 00. 00
4420. 10. 00. 90
Ex4420. 11. 00. 00
Ex4420. 19. 00. 00
4421. 10. 00. 10
Ex4421. 10. 00. 00
4421. 10. 00. 90
Ex4421. 10. 00. 00
4421. 91. 30. 00
Ex4421. 20. 00. 00
4421. 91. 35. 00
4421. 91. 51. 00
Ex4421. 91. 50. 00
4421. 91. 59. 00
Ex4421. 91. 50. 00
4421. 91. 60. 10
Ex4421. 91. 60. 00
4421. 91. 60. 90
Ex4421. 91. 60. 00
4421. 91. 90. 90
Ex4421. 20. 00. 00
4421. 91. 80. 00
4421. 99. 30. 00
Ex4421. 20. 00. 00
4421. 99. 35. 00
4421. 99. 51. 00
Ex4421. 99. 50. 00
4421. 99. 59. 00
Ex4421. 99. 50. 00
4421. 99. 60. 10
Ex4421. 99. 60. 00
4421. 99. 60. 90
Ex4421. 99. 60. 00
4421. 99. 90. 90
Ex4421. 20. 00. 00
4421. 99. 80. 00
4701. 00. 10. 00
Ex4701. 00. 00. 10
Ex4701. 00. 00. 90
4701. 00. 90. 00
Ex4701. 00. 00. 10
Ex4701. 00. 00. 90
4702. 00. 10. 10
Ex4702. 00. 00. 10
Ex4702. 00. 00. 90
4702. 00. 10. 90
Ex4702. 00. 00. 10
Ex4702. 00. 00. 90
4702. 00. 21. 00
Ex4702. 00. 00. 10
4702. 00. 29. 00
Ex4702. 00. 00. 90
4702. 00. 31. 00
Ex4702. 00. 00. 10
4702. 00. 39. 00
Ex4702. 00. 00. 90
4702. 00. 91. 00
Ex4702. 00. 00. 10
Ex4702. 00. 00. 90
4702. 00. 99. 00
Ex4702. 00. 00. 10
Ex4702. 00. 00. 90
Page 79
--- Page 81 (parsed text) --Table de concordance 2017-2022
Codification 2017
Codification 2022
4703. 11. 10. 00
Ex4703. 11. 00. 00
4703. 11. 90. 00
Ex4703. 11. 00. 00
4703. 19. 10. 00
Ex4703. 19. 00. 00
4703. 19. 90. 00
Ex4703. 19. 00. 00
4703. 21. 10. 00
Ex4703. 21. 00. 00
4703. 21. 90. 00
Ex4703. 21. 00. 00
4703. 29. 10. 00
Ex4703. 29. 00. 00
4703. 29. 90. 00
Ex4703. 29. 00. 00
4704. 11. 10. 00
Ex4704. 11. 00. 00
4704. 11. 90. 00
Ex4704. 11. 00. 00
4704. 19. 10. 00
Ex4704. 19. 00. 00
4704. 19. 90. 00
Ex4704. 19. 00. 00
4704. 21. 10. 00
Ex4704. 21. 00. 00
4704. 21. 90. 00
Ex4704. 21. 00. 00
4704. 29. 10. 00
Ex4704. 29. 00. 00
4704. 29. 90. 00
Ex4704. 29. 00. 00
4705. 00. 10. 00
Ex4705. 00. 00. 00
4705. 00. 90. 00
Ex4705. 00. 00. 00
4706. 91. 00. 20
Ex4706. 91. 00. 00
4706. 91. 00. 91
Ex4706. 91. 00. 00
4706. 91. 00. 98
Ex4706. 91. 00. 00
4706. 92. 00. 20
Ex4706. 92. 00. 00
4706. 92. 00. 91
Ex4706. 92. 00. 00
4706. 92. 00. 98
Ex4706. 92. 00. 00
4706. 93. 00. 20
Ex4706. 93. 00. 00
4706. 93. 00. 91
Ex4706. 93. 00. 00
4706. 93. 00. 98
Ex4706. 93. 00. 00
4707. 10. 00. 10
Ex4707. 10. 00. 00
4707. 10. 00. 20
Ex4707. 10. 00. 00
4707. 10. 00. 90
Ex4707. 10. 00. 00
4707. 20. 00. 10
Ex4707. 20. 00. 00
4707. 20. 00. 20
Ex4707. 20. 00. 00
4707. 20. 00. 90
Ex4707. 20. 00. 00
4707. 30. 00. 10
Ex4707. 30. 00. 00
4707. 30. 00. 91
Ex4707. 30. 00. 00
4707. 30. 00. 92
Ex4707. 30. 00. 00
4707. 30. 00. 99
Ex4707. 30. 00. 00
4707. 90. 00. 10
Ex4707. 90. 00. 20
Ex4707. 90. 00. 80
4707. 90. 00. 91
Ex4707. 90. 00. 20
Ex4707. 90. 00. 80
4707. 90. 00. 92
Ex4707. 90. 00. 20
Ex4707. 90. 00. 80
4707. 90. 00. 99
Ex4707. 90. 00. 20
Ex4707. 90. 00. 80
4803. 00. 90. 10
Ex4803. 00. 90. 00
4803. 00. 90. 90
Ex4803. 00. 90. 00
4808. 10. 10. 00
Ex4808. 10. 28. 00
Page 80
--- Page 82 (parsed text) --Table de concordance 2017-2022
Codification 2017
Codification 2022
4808. 10. 27. 00
Ex4808. 10. 28. 00
4808. 10. 91. 00
Ex4808. 10. 80. 00
4808. 10. 99. 00
Ex4808. 10. 80. 00
4808. 40. 00. 10
Ex4808. 40. 00. 00
4808. 40. 00. 90
Ex4808. 40. 00. 00
4810. 29. 20. 00
Ex4810. 29. 00. 90
4810. 29. 80. 10
4810. 29. 00. 10
4810. 29. 80. 90
Ex4810. 29. 00. 90
4811. 60. 11. 00
4811. 60. 20. 00
4811. 60. 19. 00
Ex4811. 60. 80. 00
4811. 60. 90. 00
Ex4811. 60. 80. 00
4811. 90. 00. 32
Ex4811. 90. 00. 38
4811. 90. 00. 39
Ex4811. 90. 00. 38
4811. 90. 00. 93
4811. 90. 00. 97
4813. 90. 10. 00
Ex4813. 90. 00. 00
4813. 90. 90. 00
Ex4813. 90. 00. 00
4814. 20. 10. 00
Ex4814. 20. 80. 00
4814. 20. 91. 00
4814. 20. 20. 00
4814. 20. 99. 00
Ex4814. 20. 80. 00
4814. 90. 00. 11
Ex4814. 90. 00. 10
4814. 90. 00. 12
Ex4814. 90. 00. 10
4814. 90. 00. 19
Ex4814. 90. 00. 10
4814. 90. 00. 30
Ex4814. 90. 00. 98
4814. 90. 00. 99
Ex4814. 90. 00. 98
4816. 90. 90. 20
Ex4816. 90. 90. 80
4816. 90. 90. 90
Ex4816. 90. 90. 80
4818. 10. 20. 00
Ex4818. 10. 80. 00
4818. 10. 30. 00
Ex4818. 10. 80. 00
4818. 10. 40. 00
Ex4818. 10. 80. 00
4818. 10. 90. 00
Ex4818. 10. 80. 00
4818. 30. 00. 20
Ex4818. 30. 00. 80
4818. 30. 00. 90
Ex4818. 30. 00. 80
4818. 50. 00. 10
Ex4818. 50. 00. 00
4818. 50. 00. 90
Ex4818. 50. 00. 00
4818. 90. 00. 10
Ex4818. 90. 00. 00
4818. 90. 00. 90
Ex4818. 90. 00. 00
4819. 20. 90. 20
Ex4819. 20. 90. 80
4819. 20. 90. 30
Ex4819. 20. 90. 80
4819. 20. 90. 90
Ex4819. 20. 90. 80
4819. 50. 10. 00
Ex4819. 50. 70. 00
4819. 50. 22. 00
4819. 50. 30. 00
4819. 50. 28. 00
4819. 50. 40. 00
4819. 50. 90. 00
Ex4819. 50. 70. 00
4823. 90. 39. 10
Ex4823. 90. 39. 85
4823. 90. 39. 80
Ex4823. 90. 39. 85
4823. 90. 49. 10
Ex4823. 90. 49. 80
4823. 90. 49. 91
4823. 90. 49. 20
4823. 90. 49. 99
Ex4823. 90. 49. 80
Page 81
--- Page 83 (parsed text) --Table de concordance 2017-2022
Codification 2017
Codification 2022
4905. 10. 00. 00
4905. 90. 00. 10
4905. 91. 00. 10
Ex4905. 20. 00. 00
4905. 91. 00. 90
Ex4905. 20. 00. 00
4905. 99. 00. 10
Ex4905. 90. 00. 90
4905. 99. 00. 90
Ex4905. 90. 00. 90
4907. 00. 10. 10
Ex4907. 00. 10. 00
4907. 00. 10. 90
Ex4907. 00. 10. 00
4908. 10. 00. 11
Ex4908. 10. 00. 20
4908. 10. 00. 19
Ex4908. 10. 00. 80
4908. 10. 00. 91
Ex4908. 10. 00. 20
4908. 10. 00. 99
Ex4908. 10. 00. 80
4908. 90. 00. 11
Ex4908. 90. 00. 20
4908. 90. 00. 19
4908. 90. 00. 81
4908. 90. 00. 91
Ex4908. 90. 00. 20
4908. 90. 00. 99
4908. 90. 00. 89
4909. 00. 00. 10
Ex4909. 00. 00. 00
4909. 00. 00. 21
Ex4909. 00. 00. 00
4909. 00. 00. 29
Ex4909. 00. 00. 00
4909. 00. 00. 90
Ex4909. 00. 00. 00
4910. 00. 11. 00
Ex4910. 00. 00. 00
4910. 00. 19. 00
Ex4910. 00. 00. 00
4910. 00. 20. 00
Ex4910. 00. 00. 00
4910. 00. 31. 00
Ex4910. 00. 00. 00
4910. 00. 39. 00
Ex4910. 00. 00. 00
4910. 00. 90. 00
Ex4910. 00. 00. 00
4911. 10. 99. 10
Ex4911. 10. 99. 00
4911. 10. 99. 90
Ex4911. 10. 99. 00
4911. 91. 90. 20
Ex4911. 91. 80. 00
4911. 91. 90. 91
4911. 91. 30. 00
4911. 91. 90. 98
Ex4911. 91. 80. 00
4911. 99. 99. 10
Ex4911. 99. 98. 00
4911. 99. 99. 91
4911. 99. 92. 00
4911. 99. 99. 92
Ex4911. 99. 98. 00
4911. 99. 99. 98
Ex4911. 99. 98. 00
5004. 00. 10. 00
Ex5004. 00. 00. 10
Ex5004. 00. 00. 90
5004. 00. 91. 10
Ex5004. 00. 00. 10
5004. 00. 91. 90
Ex5004. 00. 00. 10
5004. 00. 92. 10
Ex5004. 00. 00. 10
5004. 00. 92. 90
Ex5004. 00. 00. 10
5004. 00. 93. 10
Ex5004. 00. 00. 10
5004. 00. 93. 90
Ex5004. 00. 00. 10
5004. 00. 99. 00
Ex5004. 00. 00. 90
5005. 00. 00. 11
Ex5005. 00. 00. 10
5005. 00. 00. 12
Ex5005. 00. 00. 10
5005. 00. 00. 13
Ex5005. 00. 00. 10
5005. 00. 00. 14
Ex5005. 00. 00. 10
5005. 00. 00. 15
Ex5005. 00. 00. 10
Page 82
--- Page 84 (parsed text) --Table de concordance 2017-2022
Codification 2017
Codification 2022
5005. 00. 00. 16
Ex5005. 00. 00. 10
5005. 00. 00. 17
Ex5005. 00. 00. 81
5005. 00. 00. 19
Ex5005. 00. 00. 81
5005. 00. 00. 21
Ex5005. 00. 00. 10
5005. 00. 00. 22
Ex5005. 00. 00. 10
5005. 00. 00. 23
Ex5005. 00. 00. 10
5005. 00. 00. 24
Ex5005. 00. 00. 10
5005. 00. 00. 25
Ex5005. 00. 00. 10
5005. 00. 00. 26
Ex5005. 00. 00. 10
5005. 00. 00. 27
Ex5005. 00. 00. 81
5005. 00. 00. 29
Ex5005. 00. 00. 81
5005. 00. 00. 31
Ex5005. 00. 00. 10
5005. 00. 00. 32
Ex5005. 00. 00. 10
5005. 00. 00. 33
Ex5005. 00. 00. 10
5005. 00. 00. 39
Ex5005. 00. 00. 89
5005. 00. 00. 91
Ex5005. 00. 00. 10
5005. 00. 00. 92
Ex5005. 00. 00. 10
5005. 00. 00. 93
Ex5005. 00. 00. 10
5005. 00. 00. 99
Ex5005. 00. 00. 89
5006. 00. 10. 00
5006. 00. 00. 30
5006. 00. 90. 10
5006. 00. 00. 10
5006. 00. 90. 20
Ex5006. 00. 00. 20
5006. 00. 90. 90
Ex5006. 00. 00. 20
5007. 10. 90. 11
Ex5007. 10. 90. 10
5007. 10. 90. 19
Ex5007. 10. 90. 10
Ex5007. 10. 90. 20
Ex5007. 10. 90. 30
Ex5007. 10. 90. 40
5007. 10. 90. 21
Ex5007. 10. 90. 10
5007. 10. 90. 29
Ex5007. 10. 90. 10
Ex5007. 10. 90. 20
Ex5007. 10. 90. 30
Ex5007. 10. 90. 40
5007. 10. 90. 91
Ex5007. 10. 90. 40
5007. 10. 90. 99
Ex5007. 10. 90. 10
Ex5007. 10. 90. 20
Ex5007. 10. 90. 30
5007. 20. 90. 20
Ex5007. 20. 90. 81
5007. 20. 90. 31
Ex5007. 20. 90. 81
Ex5007. 20. 90. 82
Ex5007. 20. 90. 83
Ex5007. 20. 90. 84
5007. 20. 90. 39
Ex5007. 20. 90. 81
Ex5007. 20. 90. 82
Ex5007. 20. 90. 83
Ex5007. 20. 90. 84
5007. 20. 90. 40
Ex5007. 20. 90. 81
Ex5007. 20. 90. 82
Page 83
--- Page 85 (parsed text) --Table de concordance 2017-2022
Codification 2017
Codification 2022
Ex5007. 20. 90. 83
Ex5007. 20. 90. 84
5007. 20. 90. 91
Ex5007. 20. 90. 81
5007. 20. 90. 92
Ex5007. 20. 90. 81
5007. 20. 90. 93
Ex5007. 20. 90. 81
5007. 20. 90. 94
Ex5007. 20. 90. 82
5007. 20. 90. 95
Ex5007. 20. 90. 84
5007. 20. 90. 99
Ex5007. 20. 90. 83
5007. 90. 90. 91
Ex5007. 90. 90. 81
5007. 90. 90. 92
Ex5007. 90. 90. 81
5007. 90. 90. 93
Ex5007. 90. 90. 81
5007. 90. 90. 94
5007. 90. 90. 82
5007. 90. 90. 95
5007. 90. 90. 84
5007. 90. 90. 99
5007. 90. 90. 83
5101. 11. 00. 10
Ex5101. 11. 00. 00
5101. 11. 00. 90
Ex5101. 11. 00. 00
5101. 19. 00. 10
Ex5101. 19. 00. 00
5101. 19. 00. 90
Ex5101. 19. 00. 00
5102. 19. 00. 10
Ex5102. 19. 00. 70
5102. 19. 00. 90
Ex5102. 19. 00. 70
5103. 20. 00. 20
Ex5103. 20. 00. 00
5103. 20. 00. 92
Ex5103. 20. 00. 00
5103. 20. 00. 98
Ex5103. 20. 00. 00
5103. 30. 00. 20
Ex5103. 30. 00. 00
5103. 30. 00. 92
Ex5103. 30. 00. 00
5103. 30. 00. 98
Ex5103. 30. 00. 00
5105. 10. 10. 00
Ex5105. 10. 00. 00
5105. 10. 90. 00
Ex5105. 10. 00. 00
5105. 21. 10. 00
Ex5105. 21. 00. 00
5105. 21. 90. 00
Ex5105. 21. 00. 00
5105. 29. 90. 11
Ex5105. 29. 90. 00
5105. 29. 90. 19
Ex5105. 29. 90. 00
5105. 29. 90. 90
Ex5105. 29. 90. 00
5105. 31. 10. 00
Ex5105. 31. 00. 00
5105. 31. 90. 00
Ex5105. 31. 00. 00
5105. 39. 20. 00
Ex5105. 39. 00. 00
5105. 39. 80. 00
Ex5105. 39. 00. 00
5105. 40. 20. 00
Ex5105. 40. 00. 00
5105. 40. 80. 00
Ex5105. 40. 00. 00
5106. 10. 00. 11
5106. 10. 11. 00
5106. 10. 00. 19
5106. 10. 91. 00
5106. 10. 00. 21
Ex5106. 10. 19. 00
5106. 10. 00. 29
Ex5106. 10. 99. 00
5106. 10. 00. 31
Ex5106. 10. 19. 00
5106. 10. 00. 39
Ex5106. 10. 99. 00
5106. 10. 00. 91
Ex5106. 10. 19. 00
5106. 10. 00. 99
Ex5106. 10. 99. 00
5106. 20. 00. 11
Ex5106. 20. 10. 00
Page 84
--- Page 86 (parsed text) --Table de concordance 2017-2022
Codification 2017
Codification 2022
5106. 20. 00. 19
Ex5106. 20. 10. 00
5106. 20. 00. 21
Ex5106. 20. 90. 00
5106. 20. 00. 29
Ex5106. 20. 90. 00
5106. 20. 00. 31
Ex5106. 20. 90. 00
5106. 20. 00. 39
Ex5106. 20. 90. 00
5106. 20. 00. 91
Ex5106. 20. 90. 00
5106. 20. 00. 99
Ex5106. 20. 90. 00
5107. 10. 00. 11
Ex5107. 10. 10. 00
5107. 10. 00. 19
Ex5107. 10. 10. 00
5107. 10. 00. 21
Ex5107. 10. 90. 00
5107. 10. 00. 29
Ex5107. 10. 90. 00
5107. 10. 00. 31
Ex5107. 10. 90. 00
5107. 10. 00. 39
Ex5107. 10. 90. 00
5107. 10. 00. 91
Ex5107. 10. 90. 00
5107. 10. 00. 99
Ex5107. 10. 90. 00
5107. 20. 00. 11
Ex5107. 20. 10. 00
5107. 20. 00. 19
Ex5107. 20. 10. 00
5107. 20. 00. 21
Ex5107. 20. 90. 00
5107. 20. 00. 29
Ex5107. 20. 90. 00
5107. 20. 00. 31
Ex5107. 20. 90. 00
5107. 20. 00. 39
Ex5107. 20. 90. 00
5107. 20. 00. 91
Ex5107. 20. 90. 00
5107. 20. 00. 99
Ex5107. 20. 90. 00
5108. 10. 00. 40
Ex5108. 10. 00. 00
5108. 10. 00. 50
Ex5108. 10. 00. 00
5108. 10. 00. 60
Ex5108. 10. 00. 00
5108. 10. 00. 80
Ex5108. 10. 00. 00
5108. 20. 00. 40
Ex5108. 20. 00. 00
5108. 20. 00. 50
Ex5108. 20. 00. 00
5108. 20. 00. 60
Ex5108. 20. 00. 00
5108. 20. 00. 80
Ex5108. 20. 00. 00
5110. 00. 00. 13
Ex5110. 00. 00. 20
5110. 00. 00. 19
Ex5110. 00. 00. 20
5111. 11. 98. 10
Ex5111. 11. 98. 00
5111. 11. 98. 90
Ex5111. 11. 98. 00
5111. 19. 98. 10
Ex5111. 19. 98. 00
5111. 19. 98. 90
Ex5111. 19. 98. 00
5111. 30. 98. 10
Ex5111. 30. 98. 00
5111. 30. 98. 20
Ex5111. 30. 98. 00
5111. 30. 98. 90
Ex5111. 30. 98. 00
5111. 90. 98. 10
Ex5111. 90. 98. 00
5111. 90. 98. 20
Ex5111. 90. 98. 00
5111. 90. 98. 90
Ex5111. 90. 98. 00
5112. 11. 98. 10
Ex5112. 11. 98. 00
5112. 11. 98. 90
Ex5112. 11. 98. 00
5112. 19. 98. 10
Ex5112. 19. 98. 00
5112. 19. 98. 90
Ex5112. 19. 98. 00
5112. 30. 98. 10
Ex5112. 30. 98. 00
Page 85
--- Page 87 (parsed text) --Table de concordance 2017-2022
Codification 2017
Codification 2022
5112. 30. 98. 20
Ex5112. 30. 98. 00
5112. 30. 98. 90
Ex5112. 30. 98. 00
5112. 90. 98. 10
Ex5112. 90. 98. 00
5112. 90. 98. 20
Ex5112. 90. 98. 00
5112. 90. 98. 90
Ex5112. 90. 98. 00
5113. 00. 92. 10
Ex5113. 00. 80. 00
5113. 00. 92. 90
Ex5113. 00. 80. 00
5113. 00. 99. 00
Ex5113. 00. 80. 00
5201. 00. 00. 10
Ex5201. 00. 00. 20
Ex5201. 00. 00. 80
5201. 00. 00. 91
Ex5201. 00. 00. 20
5201. 00. 00. 99
Ex5201. 00. 00. 80
5202. 10. 00. 10
Ex5202. 10. 00. 00
5202. 10. 00. 90
Ex5202. 10. 00. 00
5203. 00. 10. 10
Ex5203. 00. 00. 90
5203. 00. 10. 20
Ex5203. 00. 00. 90
5203. 00. 10. 90
5203. 00. 00. 10
5203. 00. 90. 00
Ex5203. 00. 00. 90
5205. 11. 00. 10
Ex5205. 11. 00. 00
5205. 11. 00. 20
Ex5205. 11. 00. 00
5205. 11. 00. 30
Ex5205. 11. 00. 00
5205. 11. 00. 90
Ex5205. 11. 00. 00
5205. 12. 00. 10
Ex5205. 12. 00. 00
5205. 12. 00. 20
Ex5205. 12. 00. 00
5205. 12. 00. 30
Ex5205. 12. 00. 00
5205. 12. 00. 90
Ex5205. 12. 00. 00
5205. 13. 00. 10
Ex5205. 13. 00. 00
5205. 13. 00. 20
Ex5205. 13. 00. 00
5205. 13. 00. 30
Ex5205. 13. 00. 00
5205. 13. 00. 90
Ex5205. 13. 00. 00
5205. 14. 00. 10
Ex5205. 14. 00. 00
5205. 14. 00. 20
Ex5205. 14. 00. 00
5205. 14. 00. 30
Ex5205. 14. 00. 00
5205. 14. 00. 90
Ex5205. 14. 00. 00
5205. 15. 00. 10
Ex5205. 15. 00. 00
5205. 15. 00. 20
Ex5205. 15. 00. 00
5205. 15. 00. 30
Ex5205. 15. 00. 00
5205. 15. 00. 90
Ex5205. 15. 00. 00
5205. 21. 00. 10
Ex5205. 21. 00. 00
5205. 21. 00. 20
Ex5205. 21. 00. 00
5205. 21. 00. 30
Ex5205. 21. 00. 00
5205. 21. 00. 90
Ex5205. 21. 00. 00
5205. 22. 00. 10
Ex5205. 22. 00. 00
5205. 22. 00. 20
Ex5205. 22. 00. 00
5205. 22. 00. 30
Ex5205. 22. 00. 00
5205. 22. 00. 90
Ex5205. 22. 00. 00
5205. 23. 00. 10
Ex5205. 23. 00. 00
5205. 23. 00. 20
Ex5205. 23. 00. 00
Page 86
--- Page 88 (parsed text) --Table de concordance 2017-2022
Codification 2017
Codification 2022
5205. 23. 00. 30
Ex5205. 23. 00. 00
5205. 23. 00. 90
Ex5205. 23. 00. 00
5205. 24. 00. 10
Ex5205. 24. 00. 00
5205. 24. 00. 20
Ex5205. 24. 00. 00
5205. 24. 00. 30
Ex5205. 24. 00. 00
5205. 24. 00. 90
Ex5205. 24. 00. 00
5205. 26. 00. 10
Ex5205. 26. 00. 00
5205. 26. 00. 20
Ex5205. 26. 00. 00
5205. 26. 00. 30
Ex5205. 26. 00. 00
5205. 26. 00. 90
Ex5205. 26. 00. 00
5205. 27. 00. 10
Ex5205. 27. 00. 00
5205. 27. 00. 20
Ex5205. 27. 00. 00
5205. 27. 00. 30
Ex5205. 27. 00. 00
5205. 27. 00. 90
Ex5205. 27. 00. 00
5205. 28. 00. 10
Ex5205. 28. 00. 00
5205. 28. 00. 20
Ex5205. 28. 00. 00
5205. 28. 00. 30
Ex5205. 28. 00. 00
5205. 28. 00. 90
Ex5205. 28. 00. 00
5205. 31. 00. 11
Ex5205. 31. 00. 00
5205. 31. 00. 12
Ex5205. 31. 00. 00
5205. 31. 00. 13
Ex5205. 31. 00. 00
5205. 31. 00. 19
Ex5205. 31. 00. 00
5205. 31. 00. 91
Ex5205. 31. 00. 00
5205. 31. 00. 92
Ex5205. 31. 00. 00
5205. 31. 00. 93
Ex5205. 31. 00. 00
5205. 31. 00. 99
Ex5205. 31. 00. 00
5205. 32. 00. 11
Ex5205. 32. 00. 00
5205. 32. 00. 12
Ex5205. 32. 00. 00
5205. 32. 00. 13
Ex5205. 32. 00. 00
5205. 32. 00. 19
Ex5205. 32. 00. 00
5205. 32. 00. 91
Ex5205. 32. 00. 00
5205. 32. 00. 92
Ex5205. 32. 00. 00
5205. 32. 00. 93
Ex5205. 32. 00. 00
5205. 32. 00. 99
Ex5205. 32. 00. 00
5205. 33. 00. 11
Ex5205. 33. 00. 00
5205. 33. 00. 12
Ex5205. 33. 00. 00
5205. 33. 00. 13
Ex5205. 33. 00. 00
5205. 33. 00. 19
Ex5205. 33. 00. 00
5205. 33. 00. 91
Ex5205. 33. 00. 00
5205. 33. 00. 92
Ex5205. 33. 00. 00
5205. 33. 00. 93
Ex5205. 33. 00. 00
5205. 33. 00. 99
Ex5205. 33. 00. 00
5205. 34. 00. 11
Ex5205. 34. 00. 00
5205. 34. 00. 12
Ex5205. 34. 00. 00
5205. 34. 00. 13
Ex5205. 34. 00. 00
5205. 34. 00. 19
Ex5205. 34. 00. 00
5205. 34. 00. 91
Ex5205. 34. 00. 00
5205. 34. 00. 92
Ex5205. 34. 00. 00
Page 87
--- Page 89 (parsed text) --Table de concordance 2017-2022
Codification 2017
Codification 2022
5205. 34. 00. 93
Ex5205. 34. 00. 00
5205. 34. 00. 99
Ex5205. 34. 00. 00
5205. 35. 00. 11
Ex5205. 35. 00. 00
5205. 35. 00. 12
Ex5205. 35. 00. 00
5205. 35. 00. 13
Ex5205. 35. 00. 00
5205. 35. 00. 19
Ex5205. 35. 00. 00
5205. 35. 00. 91
Ex5205. 35. 00. 00
5205. 35. 00. 92
Ex5205. 35. 00. 00
5205. 35. 00. 93
Ex5205. 35. 00. 00
5205. 35. 00. 99
Ex5205. 35. 00. 00
5205. 41. 00. 11
Ex5205. 41. 00. 00
5205. 41. 00. 12
Ex5205. 41. 00. 00
5205. 41. 00. 13
Ex5205. 41. 00. 00
5205. 41. 00. 19
Ex5205. 41. 00. 00
5205. 41. 00. 91
Ex5205. 41. 00. 00
5205. 41. 00. 92
Ex5205. 41. 00. 00
5205. 41. 00. 93
Ex5205. 41. 00. 00
5205. 41. 00. 99
Ex5205. 41. 00. 00
5205. 42. 00. 11
Ex5205. 42. 00. 00
5205. 42. 00. 12
Ex5205. 42. 00. 00
5205. 42. 00. 13
Ex5205. 42. 00. 00
5205. 42. 00. 19
Ex5205. 42. 00. 00
5205. 42. 00. 91
Ex5205. 42. 00. 00
5205. 42. 00. 92
Ex5205. 42. 00. 00
5205. 42. 00. 93
Ex5205. 42. 00. 00
5205. 42. 00. 99
Ex5205. 42. 00. 00
5205. 43. 00. 11
Ex5205. 43. 00. 00
5205. 43. 00. 12
Ex5205. 43. 00. 00
5205. 43. 00. 13
Ex5205. 43. 00. 00
5205. 43. 00. 19
Ex5205. 43. 00. 00
5205. 43. 00. 91
Ex5205. 43. 00. 00
5205. 43. 00. 92
Ex5205. 43. 00. 00
5205. 43. 00. 93
Ex5205. 43. 00. 00
5205. 43. 00. 99
Ex5205. 43. 00. 00
5205. 44. 00. 11
Ex5205. 44. 00. 00
5205. 44. 00. 12
Ex5205. 44. 00. 00
5205. 44. 00. 13
Ex5205. 44. 00. 00
5205. 44. 00. 19
Ex5205. 44. 00. 00
5205. 44. 00. 91
Ex5205. 44. 00. 00
5205. 44. 00. 92
Ex5205. 44. 00. 00
5205. 44. 00. 93
Ex5205. 44. 00. 00
5205. 44. 00. 99
Ex5205. 44. 00. 00
5205. 46. 00. 11
Ex5205. 46. 00. 00
5205. 46. 00. 12
Ex5205. 46. 00. 00
5205. 46. 00. 13
Ex5205. 46. 00. 00
5205. 46. 00. 19
Ex5205. 46. 00. 00
5205. 46. 00. 91
Ex5205. 46. 00. 00
5205. 46. 00. 92
Ex5205. 46. 00. 00
Page 88
--- Page 90 (parsed text) --Table de concordance 2017-2022
Codification 2017
Codification 2022
5205. 46. 00. 93
Ex5205. 46. 00. 00
5205. 46. 00. 99
Ex5205. 46. 00. 00
5205. 47. 00. 11
Ex5205. 47. 00. 00
5205. 47. 00. 12
Ex5205. 47. 00. 00
5205. 47. 00. 13
Ex5205. 47. 00. 00
5205. 47. 00. 19
Ex5205. 47. 00. 00
5205. 47. 00. 91
Ex5205. 47. 00. 00
5205. 47. 00. 92
Ex5205. 47. 00. 00
5205. 47. 00. 93
Ex5205. 47. 00. 00
5205. 47. 00. 99
Ex5205. 47. 00. 00
5205. 48. 00. 11
Ex5205. 48. 00. 00
5205. 48. 00. 12
Ex5205. 48. 00. 00
5205. 48. 00. 13
Ex5205. 48. 00. 00
5205. 48. 00. 19
Ex5205. 48. 00. 00
5205. 48. 00. 91
Ex5205. 48. 00. 00
5205. 48. 00. 92
Ex5205. 48. 00. 00
5205. 48. 00. 93
Ex5205. 48. 00. 00
5205. 48. 00. 99
Ex5205. 48. 00. 00
5206. 11. 00. 10
Ex5206. 11. 00. 00
5206. 11. 00. 20
Ex5206. 11. 00. 00
5206. 11. 00. 30
Ex5206. 11. 00. 00
5206. 11. 00. 90
Ex5206. 11. 00. 00
5206. 12. 00. 10
Ex5206. 12. 00. 00
5206. 12. 00. 20
Ex5206. 12. 00. 00
5206. 12. 00. 30
Ex5206. 12. 00. 00
5206. 12. 00. 90
Ex5206. 12. 00. 00
5206. 13. 00. 10
Ex5206. 13. 00. 00
5206. 13. 00. 20
Ex5206. 13. 00. 00
5206. 13. 00. 30
Ex5206. 13. 00. 00
5206. 13. 00. 90
Ex5206. 13. 00. 00
5206. 14. 00. 10
Ex5206. 14. 00. 00
5206. 14. 00. 20
Ex5206. 14. 00. 00
5206. 14. 00. 30
Ex5206. 14. 00. 00
5206. 14. 00. 90
Ex5206. 14. 00. 00
5206. 15. 00. 10
Ex5206. 15. 00. 00
5206. 15. 00. 20
Ex5206. 15. 00. 00
5206. 15. 00. 30
Ex5206. 15. 00. 00
5206. 15. 00. 90
Ex5206. 15. 00. 00
5206. 21. 00. 10
Ex5206. 21. 00. 00
5206. 21. 00. 20
Ex5206. 21. 00. 00
5206. 21. 00. 30
Ex5206. 21. 00. 00
5206. 21. 00. 90
Ex5206. 21. 00. 00
5206. 22. 00. 10
Ex5206. 22. 00. 00
5206. 22. 00. 20
Ex5206. 22. 00. 00
5206. 22. 00. 30
Ex5206. 22. 00. 00
5206. 22. 00. 90
Ex5206. 22. 00. 00
5206. 23. 00. 10
Ex5206. 23. 00. 00
5206. 23. 00. 20
Ex5206. 23. 00. 00
Page 89
--- Page 91 (parsed text) --Table de concordance 2017-2022
Codification 2017
Codification 2022
5206. 23. 00. 30
Ex5206. 23. 00. 00
5206. 23. 00. 90
Ex5206. 23. 00. 00
5206. 24. 00. 10
Ex5206. 24. 00. 00
5206. 24. 00. 20
Ex5206. 24. 00. 00
5206. 24. 00. 30
Ex5206. 24. 00. 00
5206. 24. 00. 90
Ex5206. 24. 00. 00
5206. 25. 00. 10
Ex5206. 25. 00. 00
5206. 25. 00. 20
Ex5206. 25. 00. 00
5206. 25. 00. 30
Ex5206. 25. 00. 00
5206. 25. 00. 90
Ex5206. 25. 00. 00
5206. 31. 00. 11
Ex5206. 31. 00. 00
5206. 31. 00. 12
Ex5206. 31. 00. 00
5206. 31. 00. 13
Ex5206. 31. 00. 00
5206. 31. 00. 19
Ex5206. 31. 00. 00
5206. 31. 00. 91
Ex5206. 31. 00. 00
5206. 31. 00. 92
Ex5206. 31. 00. 00
5206. 31. 00. 93
Ex5206. 31. 00. 00
5206. 31. 00. 99
Ex5206. 31. 00. 00
5206. 32. 00. 11
Ex5206. 32. 00. 00
5206. 32. 00. 12
Ex5206. 32. 00. 00
5206. 32. 00. 13
Ex5206. 32. 00. 00
5206. 32. 00. 19
Ex5206. 32. 00. 00
5206. 32. 00. 91
Ex5206. 32. 00. 00
5206. 32. 00. 92
Ex5206. 32. 00. 00
5206. 32. 00. 93
Ex5206. 32. 00. 00
5206. 32. 00. 99
Ex5206. 32. 00. 00
5206. 33. 00. 11
Ex5206. 33. 00. 00
5206. 33. 00. 12
Ex5206. 33. 00. 00
5206. 33. 00. 13
Ex5206. 33. 00. 00
5206. 33. 00. 19
Ex5206. 33. 00. 00
5206. 33. 00. 91
Ex5206. 33. 00. 00
5206. 33. 00. 92
Ex5206. 33. 00. 00
5206. 33. 00. 93
Ex5206. 33. 00. 00
5206. 33. 00. 99
Ex5206. 33. 00. 00
5206. 34. 00. 11
Ex5206. 34. 00. 00
5206. 34. 00. 12
Ex5206. 34. 00. 00
5206. 34. 00. 13
Ex5206. 34. 00. 00
5206. 34. 00. 19
Ex5206. 34. 00. 00
5206. 34. 00. 91
Ex5206. 34. 00. 00
5206. 34. 00. 92
Ex5206. 34. 00. 00
5206. 34. 00. 93
Ex5206. 34. 00. 00
5206. 34. 00. 99
Ex5206. 34. 00. 00
5206. 35. 00. 11
Ex5206. 35. 00. 00
5206. 35. 00. 12
Ex5206. 35. 00. 00
5206. 35. 00. 13
Ex5206. 35. 00. 00
5206. 35. 00. 19
Ex5206. 35. 00. 00
5206. 35. 00. 91
Ex5206. 35. 00. 00
5206. 35. 00. 92
Ex5206. 35. 00. 00
Page 90
--- Page 92 (parsed text) --Table de concordance 2017-2022
Codification 2017
Codification 2022
5206. 35. 00. 93
Ex5206. 35. 00. 00
5206. 35. 00. 99
Ex5206. 35. 00. 00
5206. 41. 00. 11
Ex5206. 41. 00. 00
5206. 41. 00. 12
Ex5206. 41. 00. 00
5206. 41. 00. 13
Ex5206. 41. 00. 00
5206. 41. 00. 19
Ex5206. 41. 00. 00
5206. 41. 00. 91
Ex5206. 41. 00. 00
5206. 41. 00. 92
Ex5206. 41. 00. 00
5206. 41. 00. 93
Ex5206. 41. 00. 00
5206. 41. 00. 99
Ex5206. 41. 00. 00
5206. 42. 00. 11
Ex5206. 42. 00. 00
5206. 42. 00. 12
Ex5206. 42. 00. 00
5206. 42. 00. 13
Ex5206. 42. 00. 00
5206. 42. 00. 19
Ex5206. 42. 00. 00
5206. 42. 00. 91
Ex5206. 42. 00. 00
5206. 42. 00. 92
Ex5206. 42. 00. 00
5206. 42. 00. 93
Ex5206. 42. 00. 00
5206. 42. 00. 99
Ex5206. 42. 00. 00
5206. 43. 00. 11
Ex5206. 43. 00. 00
5206. 43. 00. 12
Ex5206. 43. 00. 00
5206. 43. 00. 13
Ex5206. 43. 00. 00
5206. 43. 00. 19
Ex5206. 43. 00. 00
5206. 43. 00. 91
Ex5206. 43. 00. 00
5206. 43. 00. 92
Ex5206. 43. 00. 00
5206. 43. 00. 93
Ex5206. 43. 00. 00
5206. 43. 00. 99
Ex5206. 43. 00. 00
5206. 44. 00. 11
Ex5206. 44. 00. 00
5206. 44. 00. 12
Ex5206. 44. 00. 00
5206. 44. 00. 13
Ex5206. 44. 00. 00
5206. 44. 00. 19
Ex5206. 44. 00. 00
5206. 44. 00. 91
Ex5206. 44. 00. 00
5206. 44. 00. 92
Ex5206. 44. 00. 00
5206. 44. 00. 93
Ex5206. 44. 00. 00
5206. 44. 00. 99
Ex5206. 44. 00. 00
5206. 45. 00. 11
Ex5206. 45. 00. 00
5206. 45. 00. 12
Ex5206. 45. 00. 00
5206. 45. 00. 13
Ex5206. 45. 00. 00
5206. 45. 00. 19
Ex5206. 45. 00. 00
5206. 45. 00. 91
Ex5206. 45. 00. 00
5206. 45. 00. 92
Ex5206. 45. 00. 00
5206. 45. 00. 93
Ex5206. 45. 00. 00
5206. 45. 00. 99
Ex5206. 45. 00. 00
5207. 10. 00. 21
Ex5207. 10. 00. 80
5207. 10. 00. 22
Ex5207. 10. 00. 80
5207. 10. 00. 29
Ex5207. 10. 00. 80
5207. 10. 00. 90
Ex5207. 10. 00. 80
5207. 90. 00. 21
Ex5207. 90. 00. 80
5207. 90. 00. 22
Ex5207. 90. 00. 80
Page 91
--- Page 93 (parsed text) --Table de concordance 2017-2022
Codification 2017
Codification 2022
5207. 90. 00. 29
Ex5207. 90. 00. 80
5207. 90. 00. 90
Ex5207. 90. 00. 80
5208. 11. 20. 00
Ex5208. 11. 80. 90
5208. 11. 30. 00
Ex5208. 11. 80. 90
5208. 11. 90. 11
Ex5208. 11. 80. 90
5208. 11. 90. 19
Ex5208. 11. 80. 90
5208. 11. 90. 21
Ex5208. 11. 80. 10
Ex5208. 11. 80. 90
5208. 11. 90. 29
Ex5208. 11. 80. 10
Ex5208. 11. 80. 90
5208. 11. 90. 31
Ex5208. 11. 80. 90
5208. 11. 90. 39
Ex5208. 11. 80. 90
5208. 11. 90. 41
Ex5208. 11. 80. 10
Ex5208. 11. 80. 90
5208. 11. 90. 42
Ex5208. 11. 80. 10
Ex5208. 11. 80. 90
5208. 11. 90. 49
Ex5208. 11. 80. 10
Ex5208. 11. 80. 90
5208. 11. 90. 91
Ex5208. 11. 80. 10
Ex5208. 11. 80. 90
5208. 11. 90. 92
Ex5208. 11. 80. 10
Ex5208. 11. 80. 90
5208. 11. 90. 99
Ex5208. 11. 80. 10
Ex5208. 11. 80. 90
5208. 12. 20. 00
Ex5208. 12. 80. 00
5208. 12. 30. 00
Ex5208. 12. 80. 00
5208. 12. 90. 11
Ex5208. 12. 80. 00
5208. 12. 90. 19
Ex5208. 12. 80. 00
5208. 12. 90. 21
Ex5208. 12. 80. 00
5208. 12. 90. 29
Ex5208. 12. 80. 00
5208. 12. 90. 31
Ex5208. 12. 80. 00
5208. 12. 90. 39
Ex5208. 12. 80. 00
5208. 12. 90. 41
Ex5208. 12. 80. 00
5208. 12. 90. 42
Ex5208. 12. 80. 00
5208. 12. 90. 49
Ex5208. 12. 80. 00
5208. 12. 90. 51
Ex5208. 12. 80. 00
5208. 12. 90. 52
Ex5208. 12. 80. 00
5208. 12. 90. 59
Ex5208. 12. 80. 00
5208. 12. 90. 61
Ex5208. 12. 80. 00
5208. 12. 90. 62
Ex5208. 12. 80. 00
5208. 12. 90. 69
Ex5208. 12. 80. 00
5208. 12. 90. 91
Ex5208. 12. 80. 00
5208. 12. 90. 92
Ex5208. 12. 80. 00
5208. 12. 90. 99
Ex5208. 12. 80. 00
5208. 13. 20. 00
Ex5208. 13. 80. 00
5208. 13. 30. 00
Ex5208. 13. 80. 00
5208. 13. 90. 11
Ex5208. 13. 80. 00
5208. 13. 90. 19
Ex5208. 13. 80. 00
Page 92
--- Page 94 (parsed text) --Table de concordance 2017-2022
Codification 2017
Codification 2022
5208. 13. 90. 21
Ex5208. 13. 80. 00
5208. 13. 90. 29
Ex5208. 13. 80. 00
5208. 13. 90. 31
Ex5208. 13. 80. 00
5208. 13. 90. 39
Ex5208. 13. 80. 00
5208. 13. 90. 41
Ex5208. 13. 80. 00
5208. 13. 90. 42
Ex5208. 13. 80. 00
5208. 13. 90. 49
Ex5208. 13. 80. 00
5208. 13. 90. 51
Ex5208. 13. 80. 00
5208. 13. 90. 52
Ex5208. 13. 80. 00
5208. 13. 90. 59
Ex5208. 13. 80. 00
5208. 13. 90. 61
Ex5208. 13. 80. 00
5208. 13. 90. 62
Ex5208. 13. 80. 00
5208. 13. 90. 69
Ex5208. 13. 80. 00
5208. 13. 90. 91
Ex5208. 13. 80. 00
5208. 13. 90. 92
Ex5208. 13. 80. 00
5208. 13. 90. 99
Ex5208. 13. 80. 00
5208. 19. 20. 00
Ex5208. 19. 80. 00
5208. 19. 30. 00
Ex5208. 19. 80. 00
5208. 19. 90. 11
Ex5208. 19. 80. 00
5208. 19. 90. 19
Ex5208. 19. 80. 00
5208. 19. 90. 21
Ex5208. 19. 80. 00
5208. 19. 90. 29
Ex5208. 19. 80. 00
5208. 19. 90. 31
Ex5208. 19. 80. 00
5208. 19. 90. 39
Ex5208. 19. 80. 00
5208. 19. 90. 41
Ex5208. 19. 80. 00
5208. 19. 90. 42
Ex5208. 19. 80. 00
5208. 19. 90. 49
Ex5208. 19. 80. 00
5208. 19. 90. 51
Ex5208. 19. 80. 00
5208. 19. 90. 52
Ex5208. 19. 80. 00
5208. 19. 90. 59
Ex5208. 19. 80. 00
5208. 19. 90. 61
Ex5208. 19. 80. 00
5208. 19. 90. 62
Ex5208. 19. 80. 00
5208. 19. 90. 69
Ex5208. 19. 80. 00
5208. 19. 90. 91
Ex5208. 19. 80. 00
5208. 19. 90. 92
Ex5208. 19. 80. 00
5208. 19. 90. 99
Ex5208. 19. 80. 00
5208. 21. 20. 00
Ex5208. 21. 80. 90
5208. 21. 30. 00
Ex5208. 21. 80. 90
5208. 21. 90. 11
Ex5208. 21. 80. 10
Ex5208. 21. 80. 90
5208. 21. 90. 19
Ex5208. 21. 80. 10
Ex5208. 21. 80. 90
5208. 21. 90. 20
Ex5208. 21. 80. 10
Ex5208. 21. 80. 90
5208. 21. 90. 91
Ex5208. 21. 80. 10
Ex5208. 21. 80. 90
5208. 21. 90. 92
Ex5208. 21. 80. 10
Ex5208. 21. 80. 90
Page 93
--- Page 95 (parsed text) --Table de concordance 2017-2022
Codification 2017
Codification 2022
5208. 21. 90. 99
Ex5208. 21. 80. 10
Ex5208. 21. 80. 90
5208. 22. 20. 00
Ex5208. 22. 80. 00
5208. 22. 30. 00
Ex5208. 22. 80. 00
5208. 22. 90. 11
Ex5208. 22. 80. 00
5208. 22. 90. 19
Ex5208. 22. 80. 00
5208. 22. 90. 20
Ex5208. 22. 80. 00
5208. 22. 90. 31
Ex5208. 22. 80. 00
5208. 22. 90. 32
Ex5208. 22. 80. 00
5208. 22. 90. 39
Ex5208. 22. 80. 00
5208. 22. 90. 91
Ex5208. 22. 80. 00
5208. 22. 90. 92
Ex5208. 22. 80. 00
5208. 22. 90. 99
Ex5208. 22. 80. 00
5208. 23. 20. 00
Ex5208. 23. 80. 00
5208. 23. 30. 00
Ex5208. 23. 80. 00
5208. 23. 90. 11
Ex5208. 23. 80. 00
5208. 23. 90. 19
Ex5208. 23. 80. 00
5208. 23. 90. 20
Ex5208. 23. 80. 00
5208. 23. 90. 31
Ex5208. 23. 80. 00
5208. 23. 90. 32
Ex5208. 23. 80. 00
5208. 23. 90. 39
Ex5208. 23. 80. 00
5208. 23. 90. 91
Ex5208. 23. 80. 00
5208. 23. 90. 92
Ex5208. 23. 80. 00
5208. 23. 90. 99
Ex5208. 23. 80. 00
5208. 29. 20. 00
Ex5208. 29. 80. 00
5208. 29. 30. 00
Ex5208. 29. 80. 00
5208. 29. 90. 11
Ex5208. 29. 80. 00
5208. 29. 90. 19
Ex5208. 29. 80. 00
5208. 29. 90. 20
Ex5208. 29. 80. 00
5208. 29. 90. 31
Ex5208. 29. 80. 00
5208. 29. 90. 32
Ex5208. 29. 80. 00
5208. 29. 90. 39
Ex5208. 29. 80. 00
5208. 29. 90. 91
Ex5208. 29. 80. 00
5208. 29. 90. 92
Ex5208. 29. 80. 00
5208. 29. 90. 99
Ex5208. 29. 80. 00
5208. 31. 20. 00
Ex5208. 31. 80. 00
5208. 31. 30. 00
Ex5208. 31. 80. 00
5208. 31. 90. 11
Ex5208. 31. 80. 00
5208. 31. 90. 19
Ex5208. 31. 80. 00
5208. 31. 90. 20
Ex5208. 31. 80. 00
5208. 31. 90. 91
Ex5208. 31. 80. 00
5208. 31. 90. 92
Ex5208. 31. 80. 00
5208. 31. 90. 99
Ex5208. 31. 80. 00
5208. 32. 20. 00
Ex5208. 32. 80. 00
5208. 32. 30. 00
Ex5208. 32. 80. 00
5208. 32. 90. 11
Ex5208. 32. 80. 00
5208. 32. 90. 19
Ex5208. 32. 80. 00
5208. 32. 90. 20
Ex5208. 32. 80. 00
Page 94
--- Page 96 (parsed text) --Table de concordance 2017-2022
Codification 2017
Codification 2022
5208. 32. 90. 31
Ex5208. 32. 80. 00
5208. 32. 90. 32
Ex5208. 32. 80. 00
5208. 32. 90. 39
Ex5208. 32. 80. 00
5208. 32. 90. 91
Ex5208. 32. 80. 00
5208. 32. 90. 92
Ex5208. 32. 80. 00
5208. 32. 90. 99
Ex5208. 32. 80. 00
5208. 33. 20. 00
Ex5208. 33. 80. 00
5208. 33. 30. 00
Ex5208. 33. 80. 00
5208. 33. 90. 11
Ex5208. 33. 80. 00
5208. 33. 90. 19
Ex5208. 33. 80. 00
5208. 33. 90. 20
Ex5208. 33. 80. 00
5208. 33. 90. 31
Ex5208. 33. 80. 00
5208. 33. 90. 32
Ex5208. 33. 80. 00
5208. 33. 90. 39
Ex5208. 33. 80. 00
5208. 33. 90. 91
Ex5208. 33. 80. 00
5208. 33. 90. 92
Ex5208. 33. 80. 00
5208. 33. 90. 99
Ex5208. 33. 80. 00
5208. 39. 20. 00
Ex5208. 39. 80. 00
5208. 39. 30. 00
Ex5208. 39. 80. 00
5208. 39. 90. 11
Ex5208. 39. 80. 00
5208. 39. 90. 19
Ex5208. 39. 80. 00
5208. 39. 90. 20
Ex5208. 39. 80. 00
5208. 39. 90. 31
Ex5208. 39. 80. 00
5208. 39. 90. 32
Ex5208. 39. 80. 00
5208. 39. 90. 39
Ex5208. 39. 80. 00
5208. 39. 90. 91
Ex5208. 39. 80. 00
5208. 39. 90. 92
Ex5208. 39. 80. 00
5208. 39. 90. 99
Ex5208. 39. 80. 00
5208. 41. 20. 00
Ex5208. 41. 80. 00
5208. 41. 30. 00
Ex5208. 41. 80. 00
5208. 41. 90. 11
Ex5208. 41. 80. 00
5208. 41. 90. 19
Ex5208. 41. 80. 00
5208. 41. 90. 91
Ex5208. 41. 80. 00
5208. 41. 90. 99
Ex5208. 41. 80. 00
5208. 42. 20. 00
Ex5208. 42. 80. 00
5208. 42. 30. 00
Ex5208. 42. 80. 00
5208. 42. 90. 11
Ex5208. 42. 80. 00
5208. 42. 90. 19
Ex5208. 42. 80. 00
5208. 42. 90. 91
Ex5208. 42. 80. 00
5208. 42. 90. 99
Ex5208. 42. 80. 00
5208. 43. 20. 00
Ex5208. 43. 80. 00
5208. 43. 30. 00
Ex5208. 43. 80. 00
5208. 43. 90. 11
Ex5208. 43. 80. 00
5208. 43. 90. 19
Ex5208. 43. 80. 00
5208. 43. 90. 91
Ex5208. 43. 80. 00
5208. 43. 90. 99
Ex5208. 43. 80. 00
5208. 49. 20. 00
Ex5208. 49. 80. 00
5208. 49. 30. 00
Ex5208. 49. 80. 00
Page 95
--- Page 97 (parsed text) --Table de concordance 2017-2022
Codification 2017
Codification 2022
5208. 49. 90. 11
Ex5208. 49. 80. 00
5208. 49. 90. 19
Ex5208. 49. 80. 00
5208. 49. 90. 91
Ex5208. 49. 80. 00
5208. 49. 90. 99
Ex5208. 49. 80. 00
5208. 51. 20. 00
Ex5208. 51. 80. 00
5208. 51. 30. 00
Ex5208. 51. 80. 00
5208. 51. 90. 11
Ex5208. 51. 80. 00
5208. 51. 90. 19
Ex5208. 51. 80. 00
5208. 51. 90. 91
Ex5208. 51. 80. 00
5208. 51. 90. 99
Ex5208. 51. 80. 00
5208. 52. 20. 00
Ex5208. 52. 80. 00
5208. 52. 30. 00
Ex5208. 52. 80. 00
5208. 52. 90. 11
Ex5208. 52. 80. 00
5208. 52. 90. 19
Ex5208. 52. 80. 00
5208. 52. 90. 20
Ex5208. 52. 80. 00
5208. 52. 90. 31
Ex5208. 52. 80. 00
5208. 52. 90. 32
Ex5208. 52. 80. 00
5208. 52. 90. 39
Ex5208. 52. 80. 00
5208. 52. 90. 91
Ex5208. 52. 80. 00
5208. 52. 90. 92
Ex5208. 52. 80. 00
5208. 52. 90. 99
Ex5208. 52. 80. 00
5208. 59. 50. 00
Ex5208. 59. 80. 90
5208. 59. 60. 00
Ex5208. 59. 80. 90
5208. 59. 80. 11
Ex5208. 59. 80. 10
Ex5208. 59. 80. 90
5208. 59. 80. 19
Ex5208. 59. 80. 10
Ex5208. 59. 80. 90
5208. 59. 80. 20
Ex5208. 59. 80. 10
Ex5208. 59. 80. 90
5208. 59. 80. 31
Ex5208. 59. 80. 10
Ex5208. 59. 80. 90
5208. 59. 80. 32
Ex5208. 59. 80. 10
Ex5208. 59. 80. 90
5208. 59. 80. 39
Ex5208. 59. 80. 10
Ex5208. 59. 80. 90
5208. 59. 80. 91
Ex5208. 59. 80. 10
Ex5208. 59. 80. 90
5208. 59. 80. 92
Ex5208. 59. 80. 10
Ex5208. 59. 80. 90
5208. 59. 80. 99
Ex5208. 59. 80. 10
Ex5208. 59. 80. 90
5209. 11. 20. 00
Ex5209. 11. 80. 00
5209. 11. 30. 00
Ex5209. 11. 80. 00
5209. 11. 90. 11
Ex5209. 11. 80. 00
5209. 11. 90. 19
Ex5209. 11. 80. 00
5209. 11. 90. 90
Ex5209. 11. 80. 00
5209. 12. 20. 00
Ex5209. 12. 80. 00
5209. 12. 30. 00
Ex5209. 12. 80. 00
Page 96
--- Page 98 (parsed text) --Table de concordance 2017-2022
Codification 2017
Codification 2022
5209. 12. 90. 11
Ex5209. 12. 80. 00
5209. 12. 90. 19
Ex5209. 12. 80. 00
5209. 12. 90. 90
Ex5209. 12. 80. 00
5209. 19. 20. 00
Ex5209. 19. 80. 00
5209. 19. 30. 00
Ex5209. 19. 80. 00
5209. 19. 90. 11
Ex5209. 19. 80. 00
5209. 19. 90. 19
Ex5209. 19. 80. 00
5209. 19. 90. 90
Ex5209. 19. 80. 00
5209. 21. 20. 00
Ex5209. 21. 80. 00
5209. 21. 30. 00
Ex5209. 21. 80. 00
5209. 21. 90. 10
Ex5209. 21. 80. 00
5209. 21. 90. 90
Ex5209. 21. 80. 00
5209. 22. 20. 00
Ex5209. 22. 80. 00
5209. 22. 30. 00
Ex5209. 22. 80. 00
5209. 22. 90. 10
Ex5209. 22. 80. 00
5209. 22. 90. 90
Ex5209. 22. 80. 00
5209. 29. 90. 10
Ex5209. 29. 80. 00
5209. 29. 90. 90
Ex5209. 29. 80. 00
5209. 31. 20. 00
Ex5209. 31. 80. 00
5209. 31. 30. 00
Ex5209. 31. 80. 00
5209. 31. 90. 10
Ex5209. 31. 80. 00
5209. 31. 90. 90
Ex5209. 31. 80. 00
5209. 32. 20. 00
Ex5209. 32. 80. 00
5209. 32. 30. 00
Ex5209. 32. 80. 00
5209. 32. 90. 10
Ex5209. 32. 80. 00
5209. 32. 90. 90
Ex5209. 32. 80. 00
5209. 39. 20. 00
Ex5209. 39. 80. 00
5209. 39. 30. 00
Ex5209. 39. 80. 00
5209. 39. 90. 10
Ex5209. 39. 80. 00
5209. 39. 90. 90
Ex5209. 39. 80. 00
5209. 41. 20. 00
Ex5209. 41. 90. 80
5209. 41. 30. 00
Ex5209. 41. 90. 80
5209. 41. 90. 10
Ex5209. 41. 90. 80
5209. 41. 90. 91
5209. 41. 90. 20
5209. 41. 90. 99
Ex5209. 41. 90. 80
5209. 42. 20. 00
Ex5209. 42. 80. 00
5209. 42. 90. 10
Ex5209. 42. 80. 00
5209. 42. 90. 90
Ex5209. 42. 80. 00
5209. 43. 20. 00
Ex5209. 43. 90. 80
5209. 43. 30. 00
Ex5209. 43. 90. 80
5209. 43. 90. 10
Ex5209. 43. 90. 80
5209. 43. 90. 91
5209. 43. 90. 20
5209. 43. 90. 99
Ex5209. 43. 90. 80
5209. 49. 20. 00
Ex5209. 49. 90. 80
5209. 49. 30. 00
Ex5209. 49. 90. 80
5209. 49. 90. 10
Ex5209. 49. 90. 80
5209. 49. 90. 91
5209. 49. 90. 20
5209. 49. 90. 99
Ex5209. 49. 90. 80
Page 97
--- Page 99 (parsed text) --Table de concordance 2017-2022
Codification 2017
Codification 2022
5209. 51. 20. 00
Ex5209. 51. 80. 00
5209. 51. 30. 00
Ex5209. 51. 80. 00
5209. 51. 90. 10
Ex5209. 51. 80. 00
5209. 51. 90. 90
Ex5209. 51. 80. 00
5209. 52. 20. 00
Ex5209. 52. 80. 00
5209. 52. 30. 00
Ex5209. 52. 80. 00
5209. 52. 90. 10
Ex5209. 52. 80. 00
5209. 52. 90. 90
Ex5209. 52. 80. 00
5209. 59. 20. 00
Ex5209. 59. 80. 00
5209. 59. 30. 00
Ex5209. 59. 80. 00
5209. 59. 90. 10
Ex5209. 59. 80. 00
5209. 59. 90. 90
Ex5209. 59. 80. 00
5210. 11. 20. 00
Ex5210. 11. 80. 00
5210. 11. 30. 00
Ex5210. 11. 80. 00
5210. 11. 90. 11
Ex5210. 11. 80. 00
5210. 11. 90. 19
Ex5210. 11. 80. 00
5210. 11. 90. 91
Ex5210. 11. 80. 00
5210. 11. 90. 99
Ex5210. 11. 80. 00
5210. 19. 50. 00
Ex5210. 19. 70. 00
5210. 19. 60. 00
Ex5210. 19. 70. 00
5210. 19. 80. 11
Ex5210. 19. 70. 00
5210. 19. 80. 19
Ex5210. 19. 70. 00
5210. 19. 80. 91
Ex5210. 19. 70. 00
5210. 19. 80. 99
Ex5210. 19. 70. 00
5210. 21. 20. 00
Ex5210. 21. 80. 00
5210. 21. 30. 00
Ex5210. 21. 80. 00
5210. 21. 90. 10
Ex5210. 21. 80. 00
5210. 21. 90. 91
Ex5210. 21. 80. 00
5210. 21. 90. 99
Ex5210. 21. 80. 00
5210. 29. 50. 00
Ex5210. 29. 70. 00
5210. 29. 60. 00
Ex5210. 29. 70. 00
5210. 29. 80. 10
Ex5210. 29. 70. 00
5210. 29. 80. 91
Ex5210. 29. 70. 00
5210. 29. 80. 99
Ex5210. 29. 70. 00
5210. 31. 20. 00
Ex5210. 31. 80. 00
5210. 31. 30. 00
Ex5210. 31. 80. 00
5210. 31. 90. 10
Ex5210. 31. 80. 00
5210. 31. 90. 91
Ex5210. 31. 80. 00
5210. 31. 90. 99
Ex5210. 31. 80. 00
5210. 32. 20. 00
Ex5210. 32. 80. 00
5210. 32. 30. 00
Ex5210. 32. 80. 00
5210. 32. 90. 10
Ex5210. 32. 80. 00
5210. 32. 90. 91
Ex5210. 32. 80. 00
5210. 32. 90. 99
Ex5210. 32. 80. 00
5210. 39. 20. 00
Ex5210. 39. 80. 00
5210. 39. 30. 00
Ex5210. 39. 80. 00
5210. 39. 90. 10
Ex5210. 39. 80. 00
5210. 39. 90. 91
Ex5210. 39. 80. 00
Page 98
--- Page 100 (parsed text) --Table de concordance 2017-2022
Codification 2017
Codification 2022
5210. 39. 90. 99
Ex5210. 39. 80. 00
5210. 41. 90. 10
Ex5210. 41. 80. 00
5210. 41. 90. 91
Ex5210. 41. 80. 00
5210. 41. 90. 99
Ex5210. 41. 80. 00
5210. 49. 50. 00
Ex5210. 49. 70. 00
5210. 49. 60. 00
Ex5210. 49. 70. 00
5210. 49. 80. 10
Ex5210. 49. 70. 00
5210. 49. 80. 91
Ex5210. 49. 70. 00
5210. 49. 80. 99
Ex5210. 49. 70. 00
5210. 51. 20. 00
Ex5210. 51. 80. 00
5210. 51. 30. 00
Ex5210. 51. 80. 00
5210. 51. 90. 10
Ex5210. 51. 80. 00
5210. 51. 90. 91
Ex5210. 51. 80. 00
5210. 51. 90. 99
Ex5210. 51. 80. 00
5210. 59. 50. 00
Ex5210. 59. 70. 00
5210. 59. 60. 00
Ex5210. 59. 70. 00
5210. 59. 80. 10
Ex5210. 59. 70. 00
5210. 59. 80. 91
Ex5210. 59. 70. 00
5210. 59. 80. 99
Ex5210. 59. 70. 00
5211. 11. 20. 00
Ex5211. 11. 80. 00
5211. 11. 30. 00
Ex5211. 11. 80. 00
5211. 11. 90. 11
Ex5211. 11. 80. 00
5211. 11. 90. 19
Ex5211. 11. 80. 00
5211. 11. 90. 91
Ex5211. 11. 80. 00
5211. 11. 90. 99
Ex5211. 11. 80. 00
5211. 12. 20. 00
Ex5211. 12. 80. 00
5211. 12. 30. 00
Ex5211. 12. 80. 00
5211. 12. 90. 11
Ex5211. 12. 80. 00
5211. 12. 90. 19
Ex5211. 12. 80. 00
5211. 12. 90. 91
Ex5211. 12. 80. 00
5211. 12. 90. 99
Ex5211. 12. 80. 00
5211. 19. 20. 00
Ex5211. 19. 80. 00
5211. 19. 30. 00
Ex5211. 19. 80. 00
5211. 19. 90. 11
Ex5211. 19. 80. 00
5211. 19. 90. 19
Ex5211. 19. 80. 00
5211. 19. 90. 91
Ex5211. 19. 80. 00
5211. 19. 90. 99
Ex5211. 19. 80. 00
5211. 20. 20. 00
Ex5211. 20. 80. 00
5211. 20. 30. 00
Ex5211. 20. 80. 00
5211. 20. 90. 10
Ex5211. 20. 80. 00
5211. 20. 90. 91
Ex5211. 20. 80. 00
5211. 20. 90. 99
Ex5211. 20. 80. 00
5211. 31. 20. 00
Ex5211. 31. 80. 00
5211. 31. 30. 00
Ex5211. 31. 80. 00
5211. 31. 90. 10
Ex5211. 31. 80. 00
5211. 31. 90. 91
Ex5211. 31. 80. 00
5211. 31. 90. 99
Ex5211. 31. 80. 00
5211. 32. 20. 00
Ex5211. 32. 80. 00
Page 99
--- Page 101 (parsed text) --Table de concordance 2017-2022
Codification 2017
Codification 2022
5211. 32. 30. 00
Ex5211. 32. 80. 00
5211. 32. 90. 10
Ex5211. 32. 80. 00
5211. 32. 90. 91
Ex5211. 32. 80. 00
5211. 32. 90. 99
Ex5211. 32. 80. 00
5211. 39. 20. 00
Ex5211. 39. 80. 00
5211. 39. 30. 00
Ex5211. 39. 80. 00
5211. 39. 90. 10
Ex5211. 39. 80. 00
5211. 39. 90. 91
Ex5211. 39. 80. 00
5211. 39. 90. 99
Ex5211. 39. 80. 00
5211. 41. 20. 00
Ex5211. 41. 80. 00
5211. 41. 30. 00
Ex5211. 41. 80. 00
5211. 41. 90. 10
Ex5211. 41. 80. 00
5211. 41. 90. 91
Ex5211. 41. 80. 00
5211. 41. 90. 99
Ex5211. 41. 80. 00
5211. 42. 20. 00
Ex5211. 42. 80. 00
5211. 42. 90. 10
Ex5211. 42. 80. 00
5211. 42. 90. 91
Ex5211. 42. 80. 00
5211. 42. 90. 99
Ex5211. 42. 80. 00
5211. 43. 20. 00
Ex5211. 43. 80. 00
5211. 43. 30. 00
Ex5211. 43. 80. 00
5211. 43. 90. 10
Ex5211. 43. 80. 00
5211. 43. 90. 91
Ex5211. 43. 80. 00
5211. 43. 90. 99
Ex5211. 43. 80. 00
5211. 49. 20. 00
Ex5211. 49. 80. 00
5211. 49. 30. 00
Ex5211. 49. 80. 00
5211. 49. 90. 10
Ex5211. 49. 80. 00
5211. 49. 90. 91
Ex5211. 49. 80. 00
5211. 49. 90. 99
Ex5211. 49. 80. 00
5211. 51. 20. 00
Ex5211. 51. 80. 00
5211. 51. 30. 00
Ex5211. 51. 80. 00
5211. 51. 90. 10
Ex5211. 51. 80. 00
5211. 51. 90. 91
Ex5211. 51. 80. 00
5211. 51. 90. 99
Ex5211. 51. 80. 00
5211. 52. 20. 00
Ex5211. 52. 80. 00
5211. 52. 30. 00
Ex5211. 52. 80. 00
5211. 52. 90. 10
Ex5211. 52. 80. 00
5211. 52. 90. 91
Ex5211. 52. 80. 00
5211. 52. 90. 99
Ex5211. 52. 80. 00
5211. 59. 20. 00
Ex5211. 59. 80. 00
5211. 59. 30. 00
Ex5211. 59. 80. 00
5211. 59. 90. 10
Ex5211. 59. 80. 00
5211. 59. 90. 91
Ex5211. 59. 80. 00
5211. 59. 90. 99
Ex5211. 59. 80. 00
5212. 11. 20. 00
Ex5212. 11. 80. 00
5212. 11. 30. 00
Ex5212. 11. 80. 00
5212. 11. 90. 10
Ex5212. 11. 80. 00
5212. 11. 90. 90
Ex5212. 11. 80. 00
5212. 12. 20. 00
Ex5212. 12. 80. 00
Page 100
--- Page 102 (parsed text) --Table de concordance 2017-2022
Codification 2017
Codification 2022
5212. 12. 30. 00
Ex5212. 12. 80. 00
5212. 12. 90. 10
Ex5212. 12. 80. 00
5212. 12. 90. 90
Ex5212. 12. 80. 00
5212. 13. 20. 00
Ex5212. 13. 80. 00
5212. 13. 30. 00
Ex5212. 13. 80. 00
5212. 13. 90. 10
Ex5212. 13. 80. 00
5212. 13. 90. 90
Ex5212. 13. 80. 00
5212. 14. 20. 00
Ex5212. 14. 80. 00
5212. 14. 30. 00
Ex5212. 14. 80. 00
5212. 14. 90. 10
Ex5212. 14. 80. 00
5212. 14. 90. 90
Ex5212. 14. 80. 00
5212. 15. 20. 00
Ex5212. 15. 80. 00
5212. 15. 30. 00
Ex5212. 15. 80. 00
5212. 15. 90. 10
Ex5212. 15. 80. 00
5212. 15. 90. 90
Ex5212. 15. 80. 00
5212. 21. 20. 00
Ex5212. 21. 80. 00
5212. 21. 30. 00
Ex5212. 21. 80. 00
5212. 21. 90. 10
Ex5212. 21. 80. 00
5212. 21. 90. 90
Ex5212. 21. 80. 00
5212. 22. 20. 00
Ex5212. 22. 80. 00
5212. 22. 30. 00
Ex5212. 22. 80. 00
5212. 22. 90. 10
Ex5212. 22. 80. 00
5212. 22. 90. 90
Ex5212. 22. 80. 00
5212. 23. 20. 00
Ex5212. 23. 80. 00
5212. 23. 30. 00
Ex5212. 23. 80. 00
5212. 23. 90. 10
Ex5212. 23. 80. 00
5212. 23. 90. 90
Ex5212. 23. 80. 00
5212. 24. 20. 00
Ex5212. 24. 80. 00
5212. 24. 30. 00
Ex5212. 24. 80. 00
5212. 24. 90. 10
Ex5212. 24. 80. 00
5212. 24. 90. 90
Ex5212. 24. 80. 00
5212. 25. 20. 00
Ex5212. 25. 80. 00
5212. 25. 30. 00
Ex5212. 25. 80. 00
5212. 25. 90. 10
Ex5212. 25. 80. 00
5212. 25. 90. 90
Ex5212. 25. 80. 00
5301. 29. 00. 10
Ex5301. 29. 00. 00
5301. 29. 00. 90
Ex5301. 29. 00. 00
5301. 30. 00. 10
Ex5301. 30. 00. 00
5301. 30. 00. 90
Ex5301. 30. 00. 00
5302. 90. 10. 00
Ex5302. 90. 00. 00
5302. 90. 20. 00
Ex5302. 90. 00. 00
5302. 90. 30. 00
Ex5302. 90. 00. 00
5302. 90. 80. 00
Ex5302. 90. 00. 00
5303. 90. 00. 10
Ex5303. 90. 00. 00
5303. 90. 00. 90
Ex5303. 90. 00. 00
5306. 10. 00. 10
Ex5306. 10. 00. 00
5306. 10. 00. 21
Ex5306. 10. 00. 00
5306. 10. 00. 29
Ex5306. 10. 00. 00
Page 101
--- Page 103 (parsed text) --Table de concordance 2017-2022
Codification 2017
Codification 2022
5306. 10. 00. 31
Ex5306. 10. 00. 00
5306. 10. 00. 39
Ex5306. 10. 00. 00
5306. 10. 00. 41
Ex5306. 10. 00. 00
5306. 10. 00. 49
Ex5306. 10. 00. 00
5306. 10. 00. 51
Ex5306. 10. 00. 00
5306. 10. 00. 59
Ex5306. 10. 00. 00
5306. 10. 00. 61
Ex5306. 10. 00. 00
5306. 10. 00. 62
Ex5306. 10. 00. 00
5306. 10. 00. 69
Ex5306. 10. 00. 00
5306. 10. 00. 90
Ex5306. 10. 00. 00
5306. 20. 10. 10
Ex5306. 20. 10. 00
5306. 20. 10. 90
Ex5306. 20. 10. 00
5306. 20. 20. 10
Ex5306. 20. 20. 00
5306. 20. 20. 90
Ex5306. 20. 20. 00
5306. 20. 90. 11
Ex5306. 20. 90. 00
5306. 20. 90. 12
Ex5306. 20. 90. 00
5306. 20. 90. 19
Ex5306. 20. 90. 00
5306. 20. 90. 90
Ex5306. 20. 90. 00
5307. 10. 10. 00
Ex5307. 10. 00. 00
5307. 10. 90. 10
Ex5307. 10. 00. 00
5307. 10. 90. 90
Ex5307. 10. 00. 00
5307. 20. 10. 00
Ex5307. 20. 00. 00
5307. 20. 90. 00
Ex5307. 20. 00. 00
5308. 20. 00. 10
Ex5308. 20. 00. 00
5308. 20. 00. 91
Ex5308. 20. 00. 00
5308. 20. 00. 99
Ex5308. 20. 00. 00
5308. 90. 10. 11
Ex5308. 90. 10. 00
5308. 90. 10. 19
Ex5308. 90. 10. 00
5308. 90. 10. 21
Ex5308. 90. 10. 00
5308. 90. 10. 29
Ex5308. 90. 10. 00
5308. 90. 10. 31
Ex5308. 90. 10. 00
5308. 90. 10. 39
Ex5308. 90. 10. 00
5308. 90. 10. 41
Ex5308. 90. 10. 00
5308. 90. 10. 49
Ex5308. 90. 10. 00
5308. 90. 10. 51
Ex5308. 90. 10. 00
5308. 90. 10. 52
Ex5308. 90. 10. 00
5308. 90. 10. 59
Ex5308. 90. 10. 00
5308. 90. 10. 90
Ex5308. 90. 10. 00
5308. 90. 29. 11
Ex5308. 90. 29. 00
5308. 90. 29. 12
Ex5308. 90. 29. 00
5308. 90. 29. 19
Ex5308. 90. 29. 00
5308. 90. 29. 90
Ex5308. 90. 29. 00
5308. 90. 90. 10
Ex5308. 90. 80. 00
5308. 90. 90. 20
5308. 90. 30. 00
5308. 90. 90. 90
Ex5308. 90. 80. 00
5309. 11. 90. 11
Ex5309. 11. 90. 30
5309. 11. 90. 19
Ex5309. 11. 90. 30
5309. 11. 90. 21
Ex5309. 11. 90. 30
Page 102
--- Page 104 (parsed text) --Table de concordance 2017-2022
Codification 2017
Codification 2022
5309. 11. 90. 29
Ex5309. 11. 90. 30
5309. 11. 90. 91
Ex5309. 11. 90. 40
5309. 11. 90. 99
Ex5309. 11. 90. 40
5309. 19. 90. 10
Ex5309. 19. 90. 20
Ex5309. 19. 90. 30
Ex5309. 19. 90. 40
5309. 19. 90. 90
Ex5309. 19. 90. 20
Ex5309. 19. 90. 30
Ex5309. 19. 90. 40
5309. 21. 90. 11
Ex5309. 21. 90. 10
5309. 21. 90. 19
Ex5309. 21. 90. 10
5309. 21. 90. 91
Ex5309. 21. 90. 20
5309. 21. 90. 99
Ex5309. 21. 90. 20
5309. 29. 90. 10
Ex5309. 29. 80. 10
Ex5309. 29. 80. 20
Ex5309. 29. 80. 30
5309. 29. 90. 90
Ex5309. 29. 80. 10
Ex5309. 29. 80. 20
Ex5309. 29. 80. 30
5310. 10. 10. 00
Ex5310. 10. 00. 10
Ex5310. 10. 00. 90
5310. 10. 90. 11
Ex5310. 10. 00. 10
5310. 10. 90. 13
Ex5310. 10. 00. 10
5310. 10. 90. 19
Ex5310. 10. 00. 10
5310. 10. 90. 91
Ex5310. 10. 00. 90
5310. 10. 90. 99
Ex5310. 10. 00. 90
5310. 90. 90. 11
Ex5310. 90. 00. 11
Ex5310. 90. 00. 12
Ex5310. 90. 00. 13
5310. 90. 90. 13
Ex5310. 90. 00. 11
Ex5310. 90. 00. 12
Ex5310. 90. 00. 13
5310. 90. 90. 19
Ex5310. 90. 00. 11
Ex5310. 90. 00. 12
Ex5310. 90. 00. 13
5310. 90. 90. 90
5310. 90. 00. 91
5310. 90. 00. 92
5310. 90. 00. 93
5311. 00. 91. 11
Ex5311. 00. 91. 10
5311. 00. 91. 19
Ex5311. 00. 91. 10
5311. 00. 91. 21
Ex5311. 00. 91. 10
5311. 00. 91. 29
Ex5311. 00. 91. 10
5311. 00. 91. 31
Ex5311. 00. 91. 90
5311. 00. 91. 39
Ex5311. 00. 91. 90
5311. 00. 91. 41
Ex5311. 00. 91. 90
5311. 00. 91. 49
Ex5311. 00. 91. 90
5311. 00. 91. 71
Ex5311. 00. 91. 10
5311. 00. 91. 79
Ex5311. 00. 91. 10
Page 103
--- Page 105 (parsed text) --Table de concordance 2017-2022
Codification 2017
Codification 2022
5311. 00. 91. 81
Ex5311. 00. 91. 90
5311. 00. 91. 89
Ex5311. 00. 91. 90
5311. 00. 91. 91
Ex5311. 00. 91. 90
5311. 00. 91. 99
Ex5311. 00. 91. 90
5311. 00. 99. 11
Ex5311. 00. 99. 10
5311. 00. 99. 19
Ex5311. 00. 99. 10
5311. 00. 99. 91
Ex5311. 00. 99. 90
5311. 00. 99. 99
Ex5311. 00. 99. 90
5401. 10. 10. 00
5401. 10. 00. 91
5401. 10. 90. 10
Ex5401. 10. 00. 19
Ex5401. 10. 00. 29
Ex5401. 10. 00. 99
5401. 10. 90. 20
Ex5401. 10. 00. 19
5401. 10. 00. 21
Ex5401. 10. 00. 99
5401. 10. 90. 30
5401. 10. 00. 11
5401. 10. 00. 22
Ex5401. 10. 00. 99
5401. 10. 90. 40
Ex5401. 10. 00. 19
5401. 10. 00. 23
Ex5401. 10. 00. 99
5401. 10. 90. 50
Ex5401. 10. 00. 19
Ex5401. 10. 00. 29
Ex5401. 10. 00. 99
5401. 10. 90. 60
Ex5401. 10. 00. 19
Ex5401. 10. 00. 29
Ex5401. 10. 00. 99
5401. 10. 90. 90
Ex5401. 10. 00. 19
Ex5401. 10. 00. 29
Ex5401. 10. 00. 99
5401. 20. 10. 00
5401. 20. 00. 91
5401. 20. 90. 10
5401. 20. 00. 11
Ex5401. 20. 00. 99
5401. 20. 90. 20
Ex5401. 20. 00. 19
Ex5401. 20. 00. 99
5401. 20. 90. 30
Ex5401. 20. 00. 19
Ex5401. 20. 00. 99
5401. 20. 90. 40
Ex5401. 20. 00. 19
Ex5401. 20. 00. 99
5401. 20. 90. 90
Ex5401. 20. 00. 19
Ex5401. 20. 00. 99
5402. 32. 00. 12
Ex5402. 32. 00. 00
5402. 32. 00. 92
Ex5402. 32. 00. 00
5402. 33. 00. 10
Ex5402. 33. 00. 00
5402. 33. 00. 90
Ex5402. 33. 00. 00
5402. 34. 00. 10
Ex5402. 34. 00. 00
5402. 34. 00. 90
Ex5402. 34. 00. 00
5402. 39. 10. 00
Ex5402. 39. 00. 00
Page 104
--- Page 106 (parsed text) --Table de concordance 2017-2022
Codification 2017
Codification 2022
5402. 39. 21. 00
Ex5402. 39. 00. 00
5402. 39. 90. 00
Ex5402. 39. 00. 00
5402. 46. 00. 10
Ex5402. 46. 00. 00
5402. 46. 00. 90
Ex5402. 46. 00. 00
5402. 52. 10. 00
Ex5402. 52. 00. 00
5402. 52. 20. 00
Ex5402. 52. 00. 00
5402. 52. 80. 00
Ex5402. 52. 00. 00
5402. 59. 00. 10
Ex5402. 59. 00. 00
5402. 59. 00. 91
Ex5402. 59. 00. 00
5402. 59. 00. 92
Ex5402. 59. 00. 00
5402. 59. 00. 94
Ex5402. 59. 00. 00
5402. 59. 00. 99
Ex5402. 59. 00. 00
5402. 69. 00. 92
Ex5402. 69. 00. 98
5402. 69. 00. 99
Ex5402. 69. 00. 98
5403. 31. 00. 10
Ex5403. 31. 00. 00
5403. 31. 00. 90
Ex5403. 31. 00. 00
5403. 32. 00. 20
Ex5403. 32. 00. 00
5403. 32. 00. 91
Ex5403. 32. 00. 00
5403. 32. 00. 99
Ex5403. 32. 00. 00
5403. 33. 00. 20
Ex5403. 33. 00. 00
5403. 33. 00. 91
Ex5403. 33. 00. 00
5403. 33. 00. 99
Ex5403. 33. 00. 00
5403. 39. 10. 00
Ex5403. 39. 00. 00
5403. 39. 90. 10
Ex5403. 39. 00. 00
5403. 39. 90. 91
Ex5403. 39. 00. 00
5403. 39. 90. 92
Ex5403. 39. 00. 00
5403. 39. 90. 99
Ex5403. 39. 00. 00
5403. 41. 00. 10
Ex5403. 41. 00. 00
5403. 41. 00. 90
Ex5403. 41. 00. 00
5403. 42. 00. 10
Ex5403. 42. 00. 00
5403. 42. 00. 90
Ex5403. 42. 00. 00
5403. 49. 10. 00
Ex5403. 49. 00. 00
5403. 49. 90. 10
Ex5403. 49. 00. 00
5403. 49. 90. 91
Ex5403. 49. 00. 00
5403. 49. 90. 92
Ex5403. 49. 00. 00
5403. 49. 90. 99
Ex5403. 49. 00. 00
5404. 12. 00. 10
Ex5404. 12. 00. 00
5404. 12. 00. 90
Ex5404. 12. 00. 00
5404. 19. 00. 10
Ex5404. 19. 00. 00
5404. 19. 00. 90
Ex5404. 19. 00. 00
5404. 90. 00. 10
Ex5404. 90. 00. 00
5404. 90. 00. 90
Ex5404. 90. 00. 00
5405. 00. 00. 10
Ex5405. 00. 00. 00
5405. 00. 00. 90
Ex5405. 00. 00. 00
5406. 00. 10. 21
Ex5406. 00. 10. 82
5406. 00. 10. 29
Ex5406. 00. 10. 82
5406. 00. 10. 31
Ex5406. 00. 10. 81
5406. 00. 10. 32
Ex5406. 00. 10. 81
Page 105
--- Page 107 (parsed text) --Table de concordance 2017-2022
Codification 2017
Codification 2022
5406. 00. 10. 33
Ex5406. 00. 10. 89
5406. 00. 10. 34
Ex5406. 00. 10. 89
5406. 00. 10. 39
Ex5406. 00. 10. 83
Ex5406. 00. 10. 89
5406. 00. 10. 91
Ex5406. 00. 10. 89
5406. 00. 10. 92
Ex5406. 00. 10. 82
5406. 00. 10. 93
Ex5406. 00. 10. 81
5406. 00. 10. 94
Ex5406. 00. 10. 83
5406. 00. 10. 95
Ex5406. 00. 10. 89
5406. 00. 10. 96
Ex5406. 00. 10. 89
5406. 00. 10. 99
Ex5406. 00. 10. 89
5406. 00. 90. 21
Ex5406. 00. 90. 89
5406. 00. 90. 29
Ex5406. 00. 90. 89
5406. 00. 90. 30
Ex5406. 00. 90. 81
Ex5406. 00. 90. 82
Ex5406. 00. 90. 83
Ex5406. 00. 90. 89
5406. 00. 90. 91
Ex5406. 00. 90. 89
5406. 00. 90. 92
Ex5406. 00. 90. 89
5406. 00. 90. 93
Ex5406. 00. 90. 89
5406. 00. 90. 94
Ex5406. 00. 90. 89
5406. 00. 90. 99
Ex5406. 00. 90. 81
Ex5406. 00. 90. 82
Ex5406. 00. 90. 83
Ex5406. 00. 90. 89
5407. 10. 20. 00
Ex5407. 10. 80. 00
5407. 10. 90. 10
Ex5407. 10. 80. 00
5407. 10. 90. 90
Ex5407. 10. 80. 00
5407. 20. 20. 00
Ex5407. 20. 80. 00
5407. 20. 90. 10
Ex5407. 20. 80. 00
5407. 20. 90. 90
Ex5407. 20. 80. 00
5407. 30. 20. 00
Ex5407. 30. 80. 00
5407. 30. 90. 10
Ex5407. 30. 80. 00
5407. 30. 90. 90
Ex5407. 30. 80. 00
5407. 41. 91. 00
Ex5407. 41. 90. 90
5407. 41. 99. 10
Ex5407. 41. 90. 90
5407. 41. 99. 91
5407. 41. 90. 10
5407. 41. 99. 92
Ex5407. 41. 90. 90
5407. 41. 99. 99
Ex5407. 41. 90. 90
5407. 42. 91. 00
Ex5407. 42. 90. 90
5407. 42. 99. 10
Ex5407. 42. 90. 90
5407. 42. 99. 21
5407. 42. 90. 10
5407. 42. 99. 29
Ex5407. 42. 90. 90
5407. 42. 99. 91
Ex5407. 42. 90. 90
5407. 42. 99. 99
Ex5407. 42. 90. 90
5407. 43. 10. 00
Ex5407. 43. 90. 90
5407. 43. 91. 00
Ex5407. 43. 90. 90
5407. 43. 99. 10
Ex5407. 43. 90. 90
Page 106
--- Page 108 (parsed text) --Table de concordance 2017-2022
Codification 2017
Codification 2022
5407. 43. 99. 21
5407. 43. 90. 10
5407. 43. 99. 29
Ex5407. 43. 90. 90
5407. 43. 99. 30
5407. 43. 90. 20
5407. 43. 99. 91
Ex5407. 43. 90. 90
5407. 43. 99. 99
Ex5407. 43. 90. 90
5407. 44. 91. 00
Ex5407. 44. 90. 90
5407. 44. 99. 10
Ex5407. 44. 90. 90
5407. 44. 99. 21
5407. 44. 90. 10
5407. 44. 99. 29
Ex5407. 44. 90. 90
5407. 44. 99. 91
Ex5407. 44. 90. 90
5407. 44. 99. 99
Ex5407. 44. 90. 90
5407. 51. 91. 00
Ex5407. 51. 90. 90
5407. 51. 99. 10
Ex5407. 51. 90. 90
5407. 51. 99. 21
5407. 51. 90. 10
5407. 51. 99. 29
Ex5407. 51. 90. 90
5407. 51. 99. 91
Ex5407. 51. 90. 90
5407. 51. 99. 99
Ex5407. 51. 90. 90
5407. 52. 91. 00
Ex5407. 52. 90. 90
5407. 52. 99. 10
Ex5407. 52. 90. 90
5407. 52. 99. 21
5407. 52. 90. 10
5407. 52. 99. 29
Ex5407. 52. 90. 90
5407. 52. 99. 91
Ex5407. 52. 90. 90
5407. 52. 99. 99
Ex5407. 52. 90. 90
5407. 53. 91. 00
Ex5407. 53. 90. 90
5407. 53. 99. 10
Ex5407. 53. 90. 90
5407. 53. 99. 21
5407. 53. 90. 10
5407. 53. 99. 29
Ex5407. 53. 90. 90
5407. 53. 99. 30
5407. 53. 90. 20
5407. 53. 99. 91
Ex5407. 53. 90. 90
5407. 53. 99. 99
Ex5407. 53. 90. 90
5407. 54. 91. 00
Ex5407. 54. 90. 90
5407. 54. 99. 10
Ex5407. 54. 90. 90
5407. 54. 99. 21
5407. 54. 90. 10
5407. 54. 99. 29
Ex5407. 54. 90. 90
5407. 54. 99. 91
Ex5407. 54. 90. 90
5407. 54. 99. 99
Ex5407. 54. 90. 90
5407. 61. 91. 00
Ex5407. 61. 90. 10
Ex5407. 61. 90. 30
Ex5407. 61. 90. 40
Ex5407. 61. 90. 59
Ex5407. 61. 90. 60
5407. 61. 99. 10
Ex5407. 61. 90. 10
5407. 61. 99. 21
Ex5407. 61. 90. 20
5407. 61. 99. 22
Ex5407. 61. 90. 30
5407. 61. 99. 29
Ex5407. 61. 90. 30
5407. 61. 99. 30
Ex5407. 61. 90. 10
5407. 61. 99. 40
Ex5407. 61. 90. 20
5407. 61. 99. 51
Ex5407. 61. 90. 40
Page 107
--- Page 109 (parsed text) --Table de concordance 2017-2022
Codification 2017
Codification 2022
5407. 61. 99. 52
Ex5407. 61. 90. 59
5407. 61. 99. 59
Ex5407. 61. 90. 60
5407. 61. 99. 61
Ex5407. 61. 90. 40
5407. 61. 99. 69
Ex5407. 61. 90. 40
5407. 61. 99. 70
5407. 61. 90. 51
5407. 61. 99. 81
Ex5407. 61. 90. 59
5407. 61. 99. 89
Ex5407. 61. 90. 59
5407. 61. 99. 91
Ex5407. 61. 90. 60
5407. 61. 99. 99
Ex5407. 61. 90. 60
5407. 69. 91. 00
Ex5407. 69. 90. 10
Ex5407. 69. 90. 30
Ex5407. 69. 90. 40
Ex5407. 69. 90. 59
Ex5407. 69. 90. 60
5407. 69. 99. 10
Ex5407. 69. 90. 10
5407. 69. 99. 21
Ex5407. 69. 90. 20
5407. 69. 99. 22
Ex5407. 69. 90. 30
5407. 69. 99. 29
Ex5407. 69. 90. 30
5407. 69. 99. 30
Ex5407. 69. 90. 10
5407. 69. 99. 40
Ex5407. 69. 90. 20
5407. 69. 99. 51
Ex5407. 69. 90. 40
5407. 69. 99. 52
Ex5407. 69. 90. 59
5407. 69. 99. 59
Ex5407. 69. 90. 60
5407. 69. 99. 61
Ex5407. 69. 90. 40
5407. 69. 99. 69
Ex5407. 69. 90. 40
5407. 69. 99. 70
5407. 69. 90. 51
5407. 69. 99. 81
Ex5407. 69. 90. 59
5407. 69. 99. 89
Ex5407. 69. 90. 59
5407. 69. 99. 91
Ex5407. 69. 90. 60
5407. 69. 99. 99
Ex5407. 69. 90. 60
5407. 71. 93. 00
Ex5407. 71. 98. 90
5407. 71. 97. 10
Ex5407. 71. 98. 90
5407. 71. 97. 91
5407. 71. 98. 10
5407. 71. 97. 92
Ex5407. 71. 98. 90
5407. 71. 97. 97
Ex5407. 71. 98. 90
5407. 72. 93. 00
Ex5407. 72. 98. 90
5407. 72. 97. 10
Ex5407. 72. 98. 90
5407. 72. 97. 21
5407. 72. 98. 10
5407. 72. 97. 29
Ex5407. 72. 98. 90
5407. 72. 97. 91
Ex5407. 72. 98. 90
5407. 72. 97. 97
Ex5407. 72. 98. 90
5407. 73. 93. 00
Ex5407. 73. 98. 90
5407. 73. 97. 10
Ex5407. 73. 98. 90
5407. 73. 97. 21
5407. 73. 98. 10
5407. 73. 97. 29
Ex5407. 73. 98. 90
5407. 73. 97. 30
5407. 73. 98. 20
5407. 73. 97. 91
Ex5407. 73. 98. 90
5407. 73. 97. 98
Ex5407. 73. 98. 90
Page 108
--- Page 110 (parsed text) --Table de concordance 2017-2022
Codification 2017
Codification 2022
5407. 74. 93. 00
Ex5407. 74. 98. 90
5407. 74. 97. 10
Ex5407. 74. 98. 90
5407. 74. 97. 21
5407. 74. 98. 10
5407. 74. 97. 29
Ex5407. 74. 98. 90
5407. 74. 97. 91
Ex5407. 74. 98. 90
5407. 74. 97. 99
Ex5407. 74. 98. 90
5407. 81. 91. 00
Ex5407. 81. 90. 00
5407. 81. 99. 10
Ex5407. 81. 90. 00
5407. 81. 99. 90
Ex5407. 81. 90. 00
5407. 82. 91. 00
Ex5407. 82. 90. 00
5407. 82. 99. 10
Ex5407. 82. 90. 00
5407. 82. 99. 90
Ex5407. 82. 90. 00
5407. 83. 91. 00
Ex5407. 83. 90. 90
5407. 83. 99. 10
Ex5407. 83. 90. 90
5407. 83. 99. 91
5407. 83. 90. 10
5407. 83. 99. 99
Ex5407. 83. 90. 90
5407. 84. 91. 00
Ex5407. 84. 90. 00
5407. 84. 99. 10
Ex5407. 84. 90. 00
5407. 84. 99. 90
Ex5407. 84. 90. 00
5407. 91. 91. 00
Ex5407. 91. 90. 00
5407. 91. 99. 10
Ex5407. 91. 90. 00
5407. 91. 99. 90
Ex5407. 91. 90. 00
5407. 92. 91. 00
Ex5407. 92. 90. 00
5407. 92. 99. 10
Ex5407. 92. 90. 00
5407. 92. 99. 90
Ex5407. 92. 90. 00
5407. 93. 91. 00
Ex5407. 93. 90. 00
5407. 93. 99. 10
Ex5407. 93. 90. 00
5407. 93. 99. 90
Ex5407. 93. 90. 00
5407. 94. 91. 00
Ex5407. 94. 90. 00
5407. 94. 99. 10
Ex5407. 94. 90. 00
5407. 94. 99. 90
Ex5407. 94. 90. 00
5408. 10. 91. 00
Ex5408. 10. 90. 00
5408. 10. 99. 00
Ex5408. 10. 90. 00
5408. 21. 91. 00
Ex5408. 21. 90. 90
5408. 21. 99. 10
Ex5408. 21. 90. 90
5408. 21. 99. 91
5408. 21. 90. 10
5408. 21. 99. 99
Ex5408. 21. 90. 90
5408. 22. 91. 00
Ex5408. 22. 90. 90
5408. 22. 99. 10
Ex5408. 22. 90. 90
5408. 22. 99. 20
5408. 22. 90. 10
5408. 22. 99. 91
Ex5408. 22. 90. 90
5408. 22. 99. 92
Ex5408. 22. 90. 90
5408. 22. 99. 99
Ex5408. 22. 90. 90
5408. 23. 91. 00
Ex5408. 23. 90. 90
5408. 23. 99. 10
Ex5408. 23. 90. 90
5408. 23. 99. 20
5408. 23. 90. 10
5408. 23. 99. 31
5408. 23. 90. 20
5408. 23. 99. 39
Ex5408. 23. 90. 90
Page 109
--- Page 111 (parsed text) --Table de concordance 2017-2022
Codification 2017
Codification 2022
5408. 23. 99. 91
Ex5408. 23. 90. 90
5408. 23. 99. 99
Ex5408. 23. 90. 90
5408. 24. 91. 00
Ex5408. 24. 90. 00
5408. 24. 99. 10
Ex5408. 24. 90. 00
5408. 24. 99. 91
Ex5408. 24. 90. 00
5408. 24. 99. 99
Ex5408. 24. 90. 00
5408. 31. 91. 00
Ex5408. 31. 90. 00
5408. 31. 99. 10
Ex5408. 31. 90. 00
5408. 31. 99. 90
Ex5408. 31. 90. 00
5408. 32. 91. 00
Ex5408. 32. 90. 00
5408. 32. 99. 10
Ex5408. 32. 90. 00
5408. 32. 99. 90
Ex5408. 32. 90. 00
5408. 33. 91. 00
Ex5408. 33. 90. 90
5408. 33. 99. 10
Ex5408. 33. 90. 90
5408. 33. 99. 91
5408. 33. 90. 10
5408. 33. 99. 92
Ex5408. 33. 90. 90
5408. 33. 99. 99
Ex5408. 33. 90. 90
5408. 34. 91. 00
Ex5408. 34. 90. 00
5408. 34. 99. 10
Ex5408. 34. 90. 00
5408. 34. 99. 90
Ex5408. 34. 90. 00
5501. 10. 00. 00
5501. 11. 00. 00
5501. 19. 00. 00
5502. 90. 00. 20
Ex5502. 90. 00. 80
5502. 90. 00. 30
Ex5502. 90. 00. 80
5502. 90. 00. 90
Ex5502. 90. 00. 80
5504. 90. 00. 10
Ex5504. 90. 00. 00
5504. 90. 00. 20
Ex5504. 90. 00. 00
5504. 90. 00. 90
Ex5504. 90. 00. 00
5505. 10. 00. 10
5505. 10. 00. 11
5505. 10. 00. 19
5505. 10. 00. 30
Ex5505. 10. 00. 40
5505. 10. 00. 90
Ex5505. 10. 00. 40
5505. 10. 00. 50
5505. 10. 00. 80
5505. 20. 00. 10
Ex5505. 20. 00. 00
5505. 20. 00. 20
Ex5505. 20. 00. 00
5505. 20. 00. 30
Ex5505. 20. 00. 00
5505. 20. 00. 90
Ex5505. 20. 00. 00
5506. 10. 00. 10
Ex5506. 10. 00. 00
5506. 10. 00. 90
Ex5506. 10. 00. 00
5506. 20. 00. 10
Ex5506. 20. 00. 00
5506. 20. 00. 90
Ex5506. 20. 00. 00
5506. 30. 00. 10
Ex5506. 30. 00. 00
5506. 30. 00. 90
Ex5506. 30. 00. 00
5506. 40. 00. 10
Ex5506. 40. 00. 00
5506. 40. 00. 90
Ex5506. 40. 00. 00
5506. 90. 00. 11
Ex5506. 90. 00. 00
5506. 90. 00. 15
Ex5506. 90. 00. 00
Page 110
--- Page 112 (parsed text) --Table de concordance 2017-2022
Codification 2017
Codification 2022
5506. 90. 00. 19
Ex5506. 90. 00. 00
5506. 90. 00. 91
Ex5506. 90. 00. 00
5506. 90. 00. 95
Ex5506. 90. 00. 00
5506. 90. 00. 99
Ex5506. 90. 00. 00
5507. 00. 00. 11
Ex5507. 00. 00. 00
5507. 00. 00. 13
Ex5507. 00. 00. 00
5507. 00. 00. 15
Ex5507. 00. 00. 00
5507. 00. 00. 19
Ex5507. 00. 00. 00
5507. 00. 00. 91
Ex5507. 00. 00. 00
5507. 00. 00. 93
Ex5507. 00. 00. 00
5507. 00. 00. 95
Ex5507. 00. 00. 00
5507. 00. 00. 99
Ex5507. 00. 00. 00
5508. 10. 00. 10
5508. 10. 00. 81
5508. 10. 00. 90
5508. 10. 00. 20
5508. 10. 00. 89
5508. 20. 00. 10
5508. 20. 00. 81
5508. 20. 00. 90
5508. 20. 00. 20
5508. 20. 00. 89
5509. 11. 00. 11
Ex5509. 11. 00. 00
5509. 11. 00. 19
Ex5509. 11. 00. 00
5509. 11. 00. 21
Ex5509. 11. 00. 00
5509. 11. 00. 29
Ex5509. 11. 00. 00
5509. 11. 00. 31
Ex5509. 11. 00. 00
5509. 11. 00. 39
Ex5509. 11. 00. 00
5509. 11. 00. 91
Ex5509. 11. 00. 00
5509. 11. 00. 99
Ex5509. 11. 00. 00
5509. 12. 00. 11
Ex5509. 12. 00. 00
5509. 12. 00. 19
Ex5509. 12. 00. 00
5509. 12. 00. 21
Ex5509. 12. 00. 00
5509. 12. 00. 29
Ex5509. 12. 00. 00
5509. 12. 00. 31
Ex5509. 12. 00. 00
5509. 12. 00. 39
Ex5509. 12. 00. 00
5509. 12. 00. 91
Ex5509. 12. 00. 00
5509. 12. 00. 99
Ex5509. 12. 00. 00
5509. 21. 00. 11
Ex5509. 21. 00. 10
5509. 21. 00. 19
Ex5509. 21. 00. 10
5509. 21. 00. 21
Ex5509. 21. 00. 10
5509. 21. 00. 29
Ex5509. 21. 00. 10
5509. 21. 00. 31
Ex5509. 21. 00. 80
5509. 21. 00. 39
Ex5509. 21. 00. 80
5509. 21. 00. 91
Ex5509. 21. 00. 80
5509. 21. 00. 99
Ex5509. 21. 00. 80
5509. 22. 00. 11
Ex5509. 22. 00. 10
5509. 22. 00. 19
Ex5509. 22. 00. 10
5509. 22. 00. 21
Ex5509. 22. 00. 80
5509. 22. 00. 29
Ex5509. 22. 00. 80
5509. 22. 00. 31
Ex5509. 22. 00. 80
5509. 22. 00. 39
Ex5509. 22. 00. 80
Page 111
--- Page 113 (parsed text) --Table de concordance 2017-2022
Codification 2017
Codification 2022
5509. 22. 00. 91
Ex5509. 22. 00. 80
5509. 22. 00. 99
Ex5509. 22. 00. 80
5509. 31. 00. 11
Ex5509. 31. 00. 10
5509. 31. 00. 19
Ex5509. 31. 00. 10
5509. 31. 00. 21
Ex5509. 31. 00. 80
5509. 31. 00. 29
Ex5509. 31. 00. 80
5509. 31. 00. 31
Ex5509. 31. 00. 80
5509. 31. 00. 39
Ex5509. 31. 00. 80
5509. 31. 00. 91
Ex5509. 31. 00. 80
5509. 31. 00. 99
Ex5509. 31. 00. 80
5509. 32. 00. 11
Ex5509. 32. 00. 10
5509. 32. 00. 19
Ex5509. 32. 00. 10
5509. 32. 00. 21
Ex5509. 32. 00. 80
5509. 32. 00. 29
Ex5509. 32. 00. 80
5509. 32. 00. 31
Ex5509. 32. 00. 80
5509. 32. 00. 39
Ex5509. 32. 00. 80
5509. 32. 00. 91
Ex5509. 32. 00. 80
5509. 32. 00. 99
Ex5509. 32. 00. 80
5509. 41. 00. 11
Ex5509. 41. 00. 00
5509. 41. 00. 19
Ex5509. 41. 00. 00
5509. 41. 00. 21
Ex5509. 41. 00. 00
5509. 41. 00. 29
Ex5509. 41. 00. 00
5509. 41. 00. 31
Ex5509. 41. 00. 00
5509. 41. 00. 39
Ex5509. 41. 00. 00
5509. 41. 00. 91
Ex5509. 41. 00. 00
5509. 41. 00. 99
Ex5509. 42. 00. 00
5509. 42. 00. 11
Ex5509. 42. 00. 00
5509. 42. 00. 19
Ex5509. 42. 00. 00
5509. 42. 00. 21
Ex5509. 42. 00. 00
5509. 42. 00. 29
Ex5509. 42. 00. 00
5509. 42. 00. 31
Ex5509. 42. 00. 00
5509. 42. 00. 39
Ex5509. 42. 00. 00
5509. 42. 00. 91
Ex5509. 42. 00. 00
5509. 42. 00. 99
Ex5509. 42. 00. 00
5509. 51. 00. 10
Ex5509. 51. 10. 00
5509. 51. 00. 20
Ex5509. 51. 90. 00
5509. 51. 00. 30
Ex5509. 51. 10. 00
5509. 51. 00. 90
Ex5509. 51. 90. 00
5509. 52. 00. 10
Ex5509. 52. 10. 00
5509. 52. 00. 20
Ex5509. 52. 90. 00
5509. 52. 00. 30
Ex5509. 52. 10. 00
5509. 52. 00. 90
Ex5509. 52. 90. 00
5509. 53. 00. 10
Ex5509. 53. 10. 00
5509. 53. 00. 20
Ex5509. 53. 90. 00
5509. 53. 00. 30
Ex5509. 53. 10. 00
5509. 53. 00. 90
Ex5509. 53. 90. 00
5509. 59. 00. 10
Ex5509. 59. 10. 00
5509. 59. 00. 20
Ex5509. 59. 90. 00
Page 112
--- Page 114 (parsed text) --Table de concordance 2017-2022
Codification 2017
Codification 2022
5509. 59. 00. 30
Ex5509. 59. 10. 00
5509. 59. 00. 90
Ex5509. 59. 90. 00
5509. 61. 00. 10
Ex5509. 61. 00. 00
5509. 61. 00. 20
Ex5509. 61. 00. 00
5509. 61. 00. 30
Ex5509. 61. 00. 00
5509. 61. 00. 90
Ex5509. 61. 00. 00
5509. 62. 00. 10
Ex5509. 62. 00. 00
5509. 62. 00. 20
Ex5509. 62. 00. 00
5509. 62. 00. 30
Ex5509. 62. 00. 00
5509. 62. 00. 90
Ex5509. 62. 00. 00
5509. 69. 00. 10
Ex5509. 69. 00. 00
5509. 69. 00. 20
Ex5509. 69. 00. 00
5509. 69. 00. 30
Ex5509. 69. 00. 00
5509. 69. 00. 90
Ex5509. 69. 00. 00
5509. 91. 00. 10
Ex5509. 91. 00. 00
5509. 91. 00. 20
Ex5509. 91. 00. 00
5509. 91. 00. 30
Ex5509. 91. 00. 00
5509. 91. 00. 90
Ex5509. 91. 00. 00
5509. 92. 00. 10
Ex5509. 92. 00. 00
5509. 92. 00. 20
Ex5509. 92. 00. 00
5509. 92. 00. 30
Ex5509. 92. 00. 00
5509. 92. 00. 90
Ex5509. 92. 00. 00
5509. 99. 00. 10
Ex5509. 99. 00. 00
5509. 99. 00. 20
Ex5509. 99. 00. 00
5509. 99. 00. 30
Ex5509. 99. 00. 00
5509. 99. 00. 90
Ex5509. 99. 00. 00
5510. 11. 00. 11
Ex5510. 11. 10. 00
5510. 11. 00. 19
Ex5510. 11. 10. 00
5510. 11. 00. 21
Ex5510. 11. 90. 00
5510. 11. 00. 29
Ex5510. 11. 90. 00
5510. 11. 00. 31
Ex5510. 11. 10. 00
5510. 11. 00. 39
Ex5510. 11. 10. 00
5510. 11. 00. 91
Ex5510. 11. 90. 00
5510. 11. 00. 99
Ex5510. 11. 90. 00
5510. 12. 00. 11
Ex5510. 12. 10. 00
5510. 12. 00. 19
Ex5510. 12. 10. 00
5510. 12. 00. 21
Ex5510. 12. 90. 00
5510. 12. 00. 29
Ex5510. 12. 90. 00
5510. 12. 00. 31
Ex5510. 12. 10. 00
5510. 12. 00. 39
Ex5510. 12. 10. 00
5510. 12. 00. 91
Ex5510. 12. 90. 00
5510. 12. 00. 99
Ex5510. 12. 90. 00
5510. 20. 00. 10
Ex5510. 20. 00. 00
5510. 20. 00. 20
Ex5510. 20. 00. 00
5510. 20. 00. 30
Ex5510. 20. 00. 00
5510. 20. 00. 90
Ex5510. 20. 00. 00
5510. 30. 00. 10
Ex5510. 30. 00. 00
5510. 30. 00. 20
Ex5510. 30. 00. 00
Page 113
--- Page 115 (parsed text) --Table de concordance 2017-2022
Codification 2017
Codification 2022
5510. 30. 00. 30
Ex5510. 30. 00. 00
5510. 30. 00. 90
Ex5510. 30. 00. 00
5510. 90. 00. 10
Ex5510. 90. 00. 00
5510. 90. 00. 20
Ex5510. 90. 00. 00
5510. 90. 00. 30
Ex5510. 90. 00. 00
5510. 90. 00. 90
Ex5510. 90. 00. 00
5512. 19. 90. 91
5512. 19. 90. 98
5512. 19. 90. 99
5512. 19. 90. 94
5512. 29. 90. 91
5512. 29. 90. 98
5512. 29. 90. 99
5512. 29. 90. 94
5512. 99. 90. 91
5512. 99. 90. 98
5512. 99. 90. 99
5512. 99. 90. 94
5513. 21. 20. 00
Ex5513. 21. 80. 00
5513. 21. 90. 00
Ex5513. 21. 80. 00
5513. 23. 40. 00
Ex5513. 23. 70. 00
5513. 23. 80. 00
Ex5513. 23. 70. 00
5513. 29. 20. 00
Ex5513. 29. 80. 00
5513. 29. 90. 00
Ex5513. 29. 80. 00
5513. 31. 20. 00
Ex5513. 31. 80. 00
5513. 31. 90. 00
Ex5513. 31. 80. 00
5513. 39. 40. 00
Ex5513. 39. 70. 00
5513. 39. 80. 00
Ex5513. 39. 70. 00
5513. 41. 20. 00
Ex5513. 41. 80. 00
5513. 41. 90. 00
Ex5513. 41. 80. 00
5513. 49. 40. 00
Ex5513. 49. 70. 00
5513. 49. 80. 00
Ex5513. 49. 70. 00
5514. 21. 20. 00
Ex5514. 21. 90. 80
5514. 21. 90. 90
Ex5514. 21. 90. 80
5514. 22. 20. 00
Ex5514. 22. 90. 80
5514. 22. 90. 90
Ex5514. 22. 90. 80
5514. 23. 20. 00
Ex5514. 23. 90. 80
5514. 23. 90. 90
Ex5514. 23. 90. 80
5514. 29. 20. 00
Ex5514. 29. 90. 80
5514. 29. 90. 90
Ex5514. 29. 90. 80
5514. 30. 10. 11
Ex5514. 30. 00. 10
5514. 30. 10. 19
Ex5514. 30. 00. 90
5514. 30. 10. 20
5514. 30. 00. 21
5514. 30. 10. 90
Ex5514. 30. 00. 90
5514. 30. 20. 11
Ex5514. 30. 00. 10
5514. 30. 20. 19
Ex5514. 30. 00. 90
5514. 30. 20. 20
5514. 30. 00. 22
5514. 30. 20. 90
Ex5514. 30. 00. 90
5514. 30. 30. 11
Ex5514. 30. 00. 10
5514. 30. 30. 19
Ex5514. 30. 00. 90
5514. 30. 30. 20
5514. 30. 00. 23
5514. 30. 30. 90
Ex5514. 30. 00. 90
5514. 30. 90. 11
Ex5514. 30. 00. 10
5514. 30. 90. 19
Ex5514. 30. 00. 90
Page 114
--- Page 116 (parsed text) --Table de concordance 2017-2022
Codification 2017
Codification 2022
5514. 30. 90. 20
5514. 30. 00. 29
5514. 30. 90. 90
Ex5514. 30. 00. 90
5514. 41. 20. 00
Ex5514. 41. 90. 80
5514. 41. 90. 90
Ex5514. 41. 90. 80
5514. 42. 20. 00
Ex5514. 42. 90. 80
5514. 42. 90. 90
Ex5514. 42. 90. 80
5514. 43. 20. 00
Ex5514. 43. 90. 80
5514. 43. 90. 90
Ex5514. 43. 90. 80
5514. 49. 20. 00
Ex5514. 49. 90. 80
5514. 49. 90. 90
Ex5514. 49. 90. 80
5515. 11. 90. 94
5515. 11. 90. 98
5515. 11. 90. 99
5515. 11. 90. 96
5515. 12. 90. 94
5515. 12. 90. 98
5515. 12. 90. 99
5515. 12. 90. 96
5515. 13. 90. 94
5515. 13. 90. 98
5515. 13. 90. 99
5515. 13. 90. 96
5515. 19. 90. 94
5515. 19. 90. 98
5515. 19. 90. 99
5515. 19. 90. 96
5515. 21. 90. 94
5515. 21. 90. 98
5515. 21. 90. 99
5515. 21. 90. 96
5515. 22. 90. 94
5515. 22. 90. 98
5515. 22. 90. 99
5515. 22. 90. 96
5515. 29. 90. 94
5515. 29. 90. 98
5515. 29. 90. 99
5515. 29. 90. 96
5515. 91. 90. 94
5515. 91. 90. 98
5515. 91. 90. 99
5515. 91. 90. 96
5515. 99. 80. 94
5515. 99. 80. 98
5515. 99. 80. 99
5515. 99. 80. 96
5516. 12. 20. 00
Ex5516. 12. 80. 00
5516. 12. 90. 10
Ex5516. 12. 80. 00
5516. 12. 90. 90
Ex5516. 12. 80. 00
5516. 13. 20. 00
Ex5516. 13. 80. 00
5516. 13. 90. 10
Ex5516. 13. 80. 00
5516. 13. 90. 90
Ex5516. 13. 80. 00
5516. 14. 20. 00
Ex5516. 14. 80. 00
5516. 14. 90. 00
Ex5516. 14. 80. 00
5516. 22. 20. 00
Ex5516. 22. 80. 00
5516. 22. 90. 10
Ex5516. 22. 80. 00
5516. 22. 90. 90
Ex5516. 22. 80. 00
5516. 23. 20. 00
Ex5516. 23. 90. 80
5516. 23. 90. 10
Ex5516. 23. 90. 80
5516. 23. 90. 90
Ex5516. 23. 90. 80
5516. 24. 20. 00
Ex5516. 24. 80. 00
5516. 24. 90. 00
Ex5516. 24. 80. 00
5516. 32. 20. 00
Ex5516. 32. 80. 00
5516. 32. 90. 10
Ex5516. 32. 80. 00
5516. 32. 90. 90
Ex5516. 32. 80. 00
5516. 33. 20. 00
Ex5516. 33. 80. 00
Page 115
--- Page 117 (parsed text) --Table de concordance 2017-2022
Codification 2017
Codification 2022
5516. 33. 90. 10
Ex5516. 33. 80. 00
5516. 33. 90. 90
Ex5516. 33. 80. 00
5516. 34. 20. 00
Ex5516. 34. 80. 00
5516. 34. 90. 00
Ex5516. 34. 80. 00
5516. 42. 20. 00
Ex5516. 42. 80. 00
5516. 42. 90. 10
Ex5516. 42. 80. 00
5516. 42. 90. 90
Ex5516. 42. 80. 00
5516. 43. 20. 00
Ex5516. 43. 80. 00
5516. 43. 90. 10
Ex5516. 43. 80. 00
5516. 43. 90. 90
Ex5516. 43. 80. 00
5516. 44. 20. 00
Ex5516. 44. 80. 00
5516. 44. 90. 00
Ex5516. 44. 80. 00
5516. 92. 20. 00
Ex5516. 92. 80. 00
5516. 92. 90. 10
Ex5516. 92. 80. 00
5516. 92. 90. 90
Ex5516. 92. 80. 00
5516. 93. 20. 00
Ex5516. 93. 80. 00
5516. 93. 90. 10
Ex5516. 93. 80. 00
5516. 93. 90. 90
Ex5516. 93. 80. 00
5516. 94. 20. 00
Ex5516. 94. 80. 00
5516. 94. 90. 00
Ex5516. 94. 80. 00
5601. 22. 00. 11
Ex5601. 22. 00. 90
5601. 22. 00. 19
Ex5601. 22. 00. 90
5601. 22. 00. 91
5601. 22. 00. 10
5601. 22. 00. 99
Ex5601. 22. 00. 90
5601. 29. 00. 10
Ex5601. 29. 00. 00
5601. 29. 00. 90
Ex5601. 29. 00. 00
5601. 30. 00. 10
Ex5601. 30. 00. 00
5601. 30. 00. 90
Ex5601. 30. 00. 00
5602. 10. 00. 11
Ex5602. 10. 11. 00
5602. 10. 00. 19
Ex5602. 10. 11. 00
5602. 10. 00. 21
Ex5602. 10. 19. 00
5602. 10. 00. 23
Ex5602. 10. 19. 00
5602. 10. 00. 29
Ex5602. 10. 19. 00
5602. 10. 00. 31
Ex5602. 10. 90. 00
5602. 10. 00. 39
Ex5602. 10. 90. 00
5602. 10. 00. 51
Ex5602. 10. 11. 00
Ex5602. 10. 19. 00
5602. 10. 00. 59
Ex5602. 10. 11. 00
Ex5602. 10. 19. 00
5602. 10. 00. 90
Ex5602. 10. 90. 00
5602. 21. 11. 00
5602. 21. 20. 00
5602. 21. 19. 00
Ex5602. 21. 80. 00
5602. 21. 90. 00
Ex5602. 21. 80. 00
5602. 29. 11. 00
5602. 29. 20. 00
5602. 29. 19. 10
Ex5602. 29. 80. 00
5602. 29. 19. 90
Ex5602. 29. 80. 00
5602. 29. 90. 00
Ex5602. 29. 80. 00
5602. 90. 11. 00
5602. 90. 20. 00
Page 116
--- Page 118 (parsed text) --Table de concordance 2017-2022
Codification 2017
Codification 2022
5602. 90. 19. 10
Ex5602. 90. 80. 00
5602. 90. 19. 90
Ex5602. 90. 80. 00
5602. 90. 90. 00
Ex5602. 90. 80. 00
5603. 11. 23. 00
Ex5603. 11. 28. 00
5603. 11. 27. 00
Ex5603. 11. 28. 00
5603. 12. 23. 00
Ex5603. 12. 28. 00
5603. 12. 27. 00
Ex5603. 12. 28. 00
5603. 13. 23. 00
Ex5603. 13. 28. 00
5603. 13. 27. 00
Ex5603. 13. 28. 00
5603. 92. 23. 00
Ex5603. 92. 27. 00
5603. 92. 25. 00
Ex5603. 92. 27. 00
5603. 92. 28. 00
Ex5603. 92. 27. 00
5604. 90. 10. 10
Ex5604. 90. 10. 00
5604. 90. 10. 90
Ex5604. 90. 10. 00
5604. 90. 20. 10
Ex5604. 90. 20. 00
5604. 90. 20. 90
Ex5604. 90. 20. 00
5604. 90. 51. 00
Ex5604. 90. 50. 00
5604. 90. 53. 00
Ex5604. 90. 50. 00
5604. 90. 59. 00
Ex5604. 90. 50. 00
5604. 90. 90. 10
Ex5604. 90. 90. 70
5604. 90. 90. 20
Ex5604. 90. 90. 70
5604. 90. 90. 41
Ex5604. 90. 90. 70
5604. 90. 90. 49
Ex5604. 90. 90. 70
5604. 90. 90. 90
Ex5604. 90. 90. 70
5605. 00. 11. 00
Ex5605. 00. 10. 00
5605. 00. 19. 00
Ex5605. 00. 10. 00
5605. 00. 30. 10
Ex5605. 00. 30. 00
5605. 00. 30. 90
Ex5605. 00. 30. 00
5605. 00. 40. 10
Ex5605. 00. 40. 00
5605. 00. 40. 90
Ex5605. 00. 40. 00
5606. 00. 12. 00
Ex5606. 00. 17. 00
5606. 00. 13. 00
Ex5606. 00. 17. 00
5606. 00. 14. 00
Ex5606. 00. 17. 00
5606. 00. 15. 00
Ex5606. 00. 17. 00
5606. 00. 19. 00
Ex5606. 00. 17. 00
5606. 00. 20. 10
Ex5606. 00. 20. 00
5606. 00. 20. 20
Ex5606. 00. 20. 00
5606. 00. 20. 90
Ex5606. 00. 20. 00
5606. 00. 99. 10
Ex5606. 00. 99. 00
5606. 00. 99. 20
Ex5606. 00. 99. 00
5606. 00. 99. 90
Ex5606. 00. 99. 00
5607. 50. 00. 00
5607. 50. 00. 10
5607. 50. 00. 20
5607. 50. 00. 90
5607. 90. 00. 10
Ex5607. 90. 00. 80
5607. 90. 00. 21
Ex5607. 90. 00. 40
5607. 90. 00. 29
Ex5607. 90. 00. 40
5607. 90. 00. 30
Ex5607. 90. 00. 40
Page 117
--- Page 119 (parsed text) --Table de concordance 2017-2022
Codification 2017
Codification 2022
5607. 90. 00. 90
Ex5607. 90. 00. 80
5608. 19. 10. 10
Ex5608. 19. 00. 91
5608. 19. 10. 91
5608. 19. 00. 10
5608. 19. 10. 99
5608. 19. 00. 99
5608. 19. 90. 10
Ex5608. 19. 00. 91
5608. 19. 90. 90
Ex5608. 19. 00. 91
5608. 90. 10. 10
Ex5608. 90. 00. 11
5608. 90. 10. 90
Ex5608. 90. 00. 19
5608. 90. 20. 10
Ex5608. 90. 00. 11
5608. 90. 20. 90
Ex5608. 90. 00. 19
5608. 90. 30. 10
Ex5608. 90. 00. 91
Ex5608. 90. 00. 99
5608. 90. 30. 90
Ex5608. 90. 00. 91
Ex5608. 90. 00. 99
5608. 90. 90. 10
Ex5608. 90. 00. 91
Ex5608. 90. 00. 99
5608. 90. 90. 90
Ex5608. 90. 00. 91
Ex5608. 90. 00. 99
5701. 90. 00. 10
5701. 90. 10. 00
5701. 90. 20. 00
Ex5701. 90. 90. 00
5701. 90. 00. 90
Ex5701. 90. 90. 00
5702. 39. 00. 10
Ex5702. 39. 00. 00
5702. 39. 00. 90
Ex5702. 39. 00. 00
5703. 20. 00. 10
5703. 21. 00. 10
5703. 29. 00. 10
5703. 20. 00. 91
5703. 21. 00. 91
5703. 29. 00. 91
5703. 20. 00. 99
5703. 21. 00. 99
5703. 29. 00. 99
5703. 30. 00. 10
5703. 31. 00. 10
5703. 39. 00. 10
5703. 30. 00. 91
5703. 31. 00. 91
5703. 39. 00. 91
5703. 30. 00. 99
5703. 31. 00. 99
5703. 39. 00. 99
5705. 00. 00. 21
Ex5705. 00. 00. 80
5705. 00. 00. 29
Ex5705. 00. 00. 80
5705. 00. 00. 30
Ex5705. 00. 00. 80
5705. 00. 00. 40
Ex5705. 00. 00. 80
5705. 00. 00. 51
Ex5705. 00. 00. 50
5705. 00. 00. 59
Ex5705. 00. 00. 50
5705. 00. 00. 60
Ex5705. 00. 00. 80
5705. 00. 00. 90
Ex5705. 00. 00. 80
5801. 10. 11. 00
Ex5801. 10. 10. 00
Ex5801. 10. 80. 00
5801. 10. 19. 00
Ex5801. 10. 10. 00
5801. 10. 90. 10
Ex5801. 10. 80. 00
Page 118
--- Page 120 (parsed text) --Table de concordance 2017-2022
Codification 2017
Codification 2022
5801. 10. 90. 91
Ex5801. 10. 80. 00
5801. 10. 90. 99
Ex5801. 10. 80. 00
5801. 21. 11. 00
Ex5801. 21. 10. 00
Ex5801. 21. 80. 00
5801. 21. 19. 00
Ex5801. 21. 10. 00
5801. 21. 90. 00
Ex5801. 21. 80. 00
5801. 22. 11. 00
Ex5801. 22. 10. 00
Ex5801. 22. 80. 00
5801. 22. 19. 00
Ex5801. 22. 10. 00
5801. 22. 90. 10
Ex5801. 22. 80. 00
5801. 22. 90. 20
Ex5801. 22. 80. 00
5801. 22. 90. 90
Ex5801. 22. 80. 00
5801. 23. 11. 00
Ex5801. 23. 10. 00
Ex5801. 23. 80. 00
5801. 23. 19. 00
Ex5801. 23. 10. 00
5801. 23. 90. 10
Ex5801. 23. 80. 00
5801. 23. 90. 20
Ex5801. 23. 80. 00
5801. 23. 90. 90
Ex5801. 23. 80. 00
5801. 26. 21. 00
Ex5801. 26. 20. 00
Ex5801. 26. 70. 00
5801. 26. 29. 00
Ex5801. 26. 20. 00
5801. 26. 80. 00
Ex5801. 26. 70. 00
5801. 27. 21. 00
Ex5801. 27. 20. 00
Ex5801. 27. 80. 00
5801. 27. 29. 00
Ex5801. 27. 20. 00
5801. 27. 90. 10
Ex5801. 27. 80. 00
5801. 27. 90. 20
Ex5801. 27. 80. 00
5801. 27. 90. 90
Ex5801. 27. 80. 00
5801. 31. 11. 00
Ex5801. 31. 10. 00
Ex5801. 31. 80. 00
5801. 31. 19. 00
Ex5801. 31. 10. 00
5801. 31. 90. 00
Ex5801. 31. 80. 00
5801. 32. 11. 00
Ex5801. 32. 10. 00
Ex5801. 32. 80. 00
5801. 32. 19. 00
Ex5801. 32. 10. 00
5801. 32. 90. 00
Ex5801. 32. 80. 00
5801. 36. 21. 00
Ex5801. 36. 20. 00
Ex5801. 36. 70. 00
5801. 36. 29. 00
Ex5801. 36. 20. 00
5801. 36. 80. 10
Ex5801. 36. 70. 00
5801. 36. 80. 20
Ex5801. 36. 70. 00
5801. 36. 80. 90
Ex5801. 36. 70. 00
5801. 37. 21. 00
Ex5801. 37. 20. 00
Ex5801. 37. 80. 00
5801. 37. 29. 00
Ex5801. 37. 20. 00
5801. 37. 90. 00
Ex5801. 37. 80. 00
5801. 90. 21. 00
Ex5801. 90. 20. 00
Ex5801. 90. 80. 00
Page 119
--- Page 121 (parsed text) --Table de concordance 2017-2022
Codification 2017
Codification 2022
5801. 90. 29. 00
Ex5801. 90. 20. 00
5801. 90. 41. 00
Ex5801. 90. 39. 00
5801. 90. 42. 00
Ex5801. 90. 39. 00
5801. 90. 43. 00
Ex5801. 90. 39. 00
5801. 90. 44. 00
Ex5801. 90. 39. 00
5801. 90. 45. 00
Ex5801. 90. 31. 00
5801. 90. 46. 00
Ex5801. 90. 31. 00
5801. 90. 49. 00
Ex5801. 90. 39. 00
5801. 90. 80. 10
Ex5801. 90. 80. 00
5801. 90. 80. 20
Ex5801. 90. 80. 00
5801. 90. 80. 90
Ex5801. 90. 80. 00
5802. 11. 11. 00
Ex5802. 10. 10. 10
Ex5802. 10. 10. 90
5802. 11. 19. 00
Ex5802. 10. 10. 10
5802. 11. 90. 00
Ex5802. 10. 10. 90
5802. 19. 11. 00
Ex5802. 10. 90. 10
Ex5802. 10. 90. 90
5802. 19. 19. 00
Ex5802. 10. 90. 10
5802. 19. 90. 00
Ex5802. 10. 90. 90
5802. 20. 11. 00
Ex5802. 20. 10. 00
Ex5802. 20. 90. 80
5802. 20. 19. 00
Ex5802. 20. 10. 00
5802. 20. 90. 20
Ex5802. 20. 90. 80
5802. 20. 90. 30
Ex5802. 20. 90. 80
5802. 20. 90. 90
Ex5802. 20. 90. 80
5802. 30. 11. 00
Ex5802. 30. 10. 00
Ex5802. 30. 98. 00
5802. 30. 19. 00
Ex5802. 30. 10. 00
5802. 30. 92. 00
Ex5802. 30. 98. 00
5802. 30. 99. 00
Ex5802. 30. 98. 00
5803. 00. 10. 11
Ex5803. 00. 10. 20
5803. 00. 10. 19
Ex5803. 00. 10. 80
5803. 00. 10. 91
Ex5803. 00. 10. 20
5803. 00. 10. 99
Ex5803. 00. 10. 80
5804. 10. 11. 00
Ex5804. 10. 10. 00
Ex5804. 10. 80. 10
Ex5804. 10. 80. 20
Ex5804. 10. 80. 90
5804. 10. 19. 00
Ex5804. 10. 10. 00
5804. 10. 90. 10
Ex5804. 10. 80. 10
5804. 10. 90. 21
Ex5804. 10. 80. 10
5804. 10. 90. 23
Ex5804. 10. 80. 10
5804. 10. 90. 29
Ex5804. 10. 80. 10
5804. 10. 90. 30
Ex5804. 10. 80. 90
5804. 10. 90. 41
Ex5804. 10. 80. 90
5804. 10. 90. 49
Ex5804. 10. 80. 90
5804. 10. 90. 91
Ex5804. 10. 80. 10
Ex5804. 10. 80. 20
Page 120
--- Page 122 (parsed text) --Table de concordance 2017-2022
Codification 2017
Codification 2022
Ex5804. 10. 80. 90
5804. 10. 90. 99
Ex5804. 10. 80. 10
Ex5804. 10. 80. 20
Ex5804. 10. 80. 90
5804. 21. 11. 00
Ex5804. 21. 10. 00
Ex5804. 21. 80. 00
5804. 21. 19. 00
Ex5804. 21. 10. 00
5804. 21. 90. 10
Ex5804. 21. 80. 00
5804. 21. 90. 90
Ex5804. 21. 80. 00
5804. 29. 11. 00
Ex5804. 29. 10. 00
Ex5804. 29. 80. 00
5804. 29. 19. 00
Ex5804. 29. 10. 00
5804. 29. 90. 11
Ex5804. 29. 80. 00
5804. 29. 90. 19
Ex5804. 29. 80. 00
5804. 29. 90. 91
Ex5804. 29. 80. 00
5804. 29. 90. 99
Ex5804. 29. 80. 00
5804. 30. 11. 00
Ex5804. 30. 10. 00
Ex5804. 30. 80. 00
5804. 30. 19. 00
Ex5804. 30. 10. 00
5804. 30. 90. 00
Ex5804. 30. 80. 00
5806. 10. 90. 10
Ex5806. 10. 90. 00
5806. 10. 90. 20
Ex5806. 10. 90. 00
5806. 10. 90. 30
Ex5806. 10. 90. 00
5806. 10. 90. 40
Ex5806. 10. 90. 00
5806. 10. 90. 90
Ex5806. 10. 90. 00
5806. 31. 90. 10
Ex5806. 31. 90. 00
5806. 31. 90. 90
Ex5806. 31. 90. 00
5806. 39. 90. 10
Ex5806. 39. 90. 00
5806. 39. 90. 90
Ex5806. 39. 90. 00
5807. 10. 00. 10
Ex5807. 10. 00. 00
5807. 10. 00. 90
Ex5807. 10. 00. 00
5807. 90. 10. 00
Ex5807. 90. 00. 00
5807. 90. 21. 00
Ex5807. 90. 00. 00
5807. 90. 29. 00
Ex5807. 90. 00. 00
5807. 90. 90. 00
Ex5807. 90. 00. 00
5808. 10. 11. 00
Ex5808. 10. 10. 00
5808. 10. 19. 10
Ex5808. 10. 10. 00
5808. 10. 19. 20
Ex5808. 10. 10. 00
5808. 10. 19. 30
Ex5808. 10. 10. 00
5808. 10. 19. 90
Ex5808. 10. 10. 00
5808. 10. 90. 10
Ex5808. 10. 90. 80
5808. 10. 90. 91
Ex5808. 10. 90. 80
5808. 10. 90. 92
Ex5808. 10. 90. 80
5808. 10. 90. 99
Ex5808. 10. 90. 80
5808. 90. 10. 10
Ex5808. 90. 10. 00
5808. 90. 10. 20
Ex5808. 90. 10. 00
5808. 90. 10. 30
Ex5808. 90. 10. 00
5808. 90. 10. 90
Ex5808. 90. 10. 00
Page 121
--- Page 123 (parsed text) --Table de concordance 2017-2022
Codification 2017
Codification 2022
5808. 90. 90. 31
Ex5808. 90. 90. 30
5808. 90. 90. 32
Ex5808. 90. 90. 30
5808. 90. 90. 39
Ex5808. 90. 90. 30
5808. 90. 90. 91
Ex5808. 90. 90. 98
5808. 90. 90. 99
Ex5808. 90. 90. 98
5809. 00. 00. 11
Ex5809. 00. 00. 00
5809. 00. 00. 19
Ex5809. 00. 00. 00
5809. 00. 00. 91
Ex5809. 00. 00. 00
5809. 00. 00. 99
Ex5809. 00. 00. 00
5811. 00. 41. 00
Ex5811. 00. 40. 00
5811. 00. 49. 00
Ex5811. 00. 40. 00
5811. 00. 92. 00
Ex5811. 00. 97. 00
5811. 00. 93. 00
Ex5811. 00. 97. 00
5811. 00. 96. 00
Ex5811. 00. 97. 00
5811. 00. 99. 00
Ex5811. 00. 97. 00
5904. 90. 10. 10
Ex5904. 90. 00. 00
5904. 90. 10. 90
Ex5904. 90. 00. 00
5904. 90. 90. 00
Ex5904. 90. 00. 00
5905. 00. 31. 00
Ex5905. 00. 30. 00
5905. 00. 39. 00
Ex5905. 00. 30. 00
5905. 00. 92. 00
Ex5905. 00. 98. 00
5905. 00. 93. 00
Ex5905. 00. 98. 00
5905. 00. 99. 00
Ex5905. 00. 98. 00
5906. 10. 00. 10
Ex5906. 10. 00. 00
5906. 10. 00. 90
Ex5906. 10. 00. 00
5906. 91. 00. 11
Ex5906. 91. 00. 00
5906. 91. 00. 12
Ex5906. 91. 00. 00
5906. 91. 00. 13
Ex5906. 91. 00. 00
5906. 91. 00. 19
Ex5906. 91. 00. 00
5906. 91. 00. 91
Ex5906. 91. 00. 00
5906. 91. 00. 99
Ex5906. 91. 00. 00
5906. 99. 90. 10
Ex5906. 99. 90. 00
5906. 99. 90. 20
Ex5906. 99. 90. 00
5906. 99. 90. 30
Ex5906. 99. 90. 00
5906. 99. 90. 90
Ex5906. 99. 90. 00
5907. 00. 90. 10
Ex5907. 00. 90. 00
5907. 00. 90. 20
Ex5907. 00. 90. 00
5907. 00. 90. 90
Ex5907. 00. 90. 00
5908. 00. 00. 10
Ex5908. 00. 00. 00
5908. 00. 00. 20
Ex5908. 00. 00. 00
5908. 00. 00. 90
Ex5908. 00. 00. 00
5909. 00. 00. 10
Ex5909. 00. 00. 00
5909. 00. 00. 90
Ex5909. 00. 00. 00
5911. 20. 00. 10
Ex5911. 20. 00. 00
5911. 20. 00. 90
Ex5911. 20. 00. 00
5911. 31. 00. 11
Ex5911. 31. 00. 00
5911. 31. 00. 19
Ex5911. 31. 00. 00
5911. 31. 00. 21
Ex5911. 31. 00. 00
Page 122
--- Page 124 (parsed text) --Table de concordance 2017-2022
Codification 2017
Codification 2022
5911. 31. 00. 29
Ex5911. 31. 00. 00
5911. 31. 00. 91
Ex5911. 31. 00. 00
5911. 31. 00. 99
Ex5911. 31. 00. 00
5911. 32. 00. 21
Ex5911. 32. 00. 80
5911. 32. 00. 29
Ex5911. 32. 00. 80
5911. 32. 00. 91
Ex5911. 32. 00. 80
5911. 32. 00. 99
Ex5911. 32. 00. 80
5911. 90. 20. 00
Ex5911. 90. 80. 90
5911. 90. 90. 10
Ex5911. 90. 80. 90
5911. 90. 90. 91
5911. 90. 80. 10
5911. 90. 90. 99
Ex5911. 90. 80. 90
6001. 10. 10. 30
Ex6001. 10. 10. 80
6001. 10. 10. 90
Ex6001. 10. 10. 80
6001. 10. 91. 00
Ex6001. 10. 90. 19
Ex6001. 10. 90. 21
Ex6001. 10. 90. 25
Ex6001. 10. 90. 28
Ex6001. 10. 90. 30
Ex6001. 10. 90. 90
6001. 10. 99. 11
6001. 10. 90. 11
6001. 10. 99. 19
Ex6001. 10. 90. 19
6001. 10. 99. 21
Ex6001. 10. 90. 21
6001. 10. 99. 22
6001. 10. 90. 22
6001. 10. 99. 23
6001. 10. 90. 23
6001. 10. 99. 24
6001. 10. 90. 24
6001. 10. 99. 25
Ex6001. 10. 90. 25
6001. 10. 99. 28
Ex6001. 10. 90. 28
6001. 10. 99. 30
Ex6001. 10. 90. 30
6001. 10. 99. 91
Ex6001. 10. 90. 90
6001. 10. 99. 99
Ex6001. 10. 90. 90
6001. 21. 91. 00
Ex6001. 21. 90. 00
6001. 21. 99. 00
Ex6001. 21. 90. 00
6001. 22. 10. 10
Ex6001. 22. 10. 00
6001. 22. 10. 90
Ex6001. 22. 10. 00
6001. 22. 91. 00
Ex6001. 22. 90. 10
Ex6001. 22. 90. 90
6001. 22. 99. 11
Ex6001. 22. 90. 10
6001. 22. 99. 19
Ex6001. 22. 90. 10
6001. 22. 99. 90
Ex6001. 22. 90. 90
6001. 29. 91. 00
Ex6001. 29. 90. 00
6001. 29. 99. 10
Ex6001. 29. 90. 00
6001. 29. 99. 90
Ex6001. 29. 90. 00
6001. 91. 91. 00
Ex6001. 91. 90. 00
6001. 91. 99. 00
Ex6001. 91. 90. 00
6001. 92. 91. 00
Ex6001. 92. 90. 10
Ex6001. 92. 90. 90
6001. 92. 99. 11
Ex6001. 92. 90. 10
6001. 92. 99. 19
Ex6001. 92. 90. 10
Page 123
--- Page 125 (parsed text) --Table de concordance 2017-2022
Codification 2017
Codification 2022
6001. 92. 99. 90
Ex6001. 92. 90. 90
6001. 99. 91. 00
Ex6001. 99. 90. 90
6001. 99. 99. 10
Ex6001. 99. 90. 90
6001. 99. 99. 91
6001. 99. 90. 10
6001. 99. 99. 99
Ex6001. 99. 90. 90
6002. 40. 20. 10
Ex6002. 40. 20. 00
6002. 40. 20. 20
Ex6002. 40. 20. 00
6002. 40. 20. 30
Ex6002. 40. 20. 00
6002. 40. 20. 90
Ex6002. 40. 20. 00
6002. 90. 20. 10
Ex6002. 90. 20. 00
6002. 90. 20. 20
Ex6002. 90. 20. 00
6002. 90. 20. 30
Ex6002. 90. 20. 00
6002. 90. 20. 90
Ex6002. 90. 20. 00
6004. 10. 10. 10
Ex6004. 10. 10. 00
6004. 10. 10. 20
Ex6004. 10. 10. 00
6004. 10. 10. 30
Ex6004. 10. 10. 00
6004. 10. 10. 90
Ex6004. 10. 10. 00
6004. 10. 91. 00
Ex6004. 10. 90. 00
6004. 10. 99. 00
Ex6004. 10. 90. 00
6004. 90. 10. 10
Ex6004. 90. 10. 00
6004. 90. 10. 20
Ex6004. 90. 10. 00
6004. 90. 10. 30
Ex6004. 90. 10. 00
6004. 90. 10. 90
Ex6004. 90. 10. 00
6004. 90. 91. 00
Ex6004. 90. 90. 00
6004. 90. 99. 00
Ex6004. 90. 90. 00
6005. 21. 10. 00
Ex6005. 21. 00. 00
6005. 21. 91. 00
Ex6005. 21. 00. 00
6005. 21. 99. 00
Ex6005. 21. 00. 00
6005. 22. 10. 00
Ex6005. 22. 00. 00
6005. 22. 91. 00
Ex6005. 22. 00. 00
6005. 22. 99. 00
Ex6005. 22. 00. 00
6005. 23. 10. 00
Ex6005. 23. 00. 00
6005. 23. 91. 00
Ex6005. 23. 00. 00
6005. 23. 99. 00
Ex6005. 23. 00. 00
6005. 24. 10. 00
Ex6005. 24. 00. 00
6005. 24. 91. 00
Ex6005. 24. 00. 00
6005. 24. 99. 00
Ex6005. 24. 00. 00
6005. 36. 10. 00
Ex6005. 36. 00. 00
6005. 36. 91. 00
Ex6005. 36. 00. 00
6005. 36. 99. 00
Ex6005. 36. 00. 00
6005. 37. 10. 11
Ex6005. 37. 00. 10
6005. 37. 10. 19
Ex6005. 37. 00. 90
6005. 37. 91. 00
Ex6005. 37. 00. 90
6005. 37. 99. 11
Ex6005. 37. 00. 10
6005. 37. 99. 19
Ex6005. 37. 00. 90
6005. 38. 10. 11
Ex6005. 38. 00. 10
6005. 38. 10. 19
Ex6005. 38. 00. 90
6005. 38. 91. 00
Ex6005. 38. 00. 90
Page 124
--- Page 126 (parsed text) --Table de concordance 2017-2022
Codification 2017
Codification 2022
6005. 38. 99. 11
Ex6005. 38. 00. 10
6005. 38. 99. 19
Ex6005. 38. 00. 90
6005. 39. 10. 11
Ex6005. 39. 00. 10
6005. 39. 10. 19
Ex6005. 39. 00. 90
6005. 39. 91. 00
Ex6005. 39. 00. 90
6005. 39. 99. 11
Ex6005. 39. 00. 10
6005. 39. 99. 19
Ex6005. 39. 00. 90
6005. 41. 10. 00
Ex6005. 41. 00. 00
6005. 41. 91. 00
Ex6005. 41. 00. 00
6005. 41. 99. 00
Ex6005. 41. 00. 00
6005. 42. 10. 11
Ex6005. 42. 00. 10
6005. 42. 10. 19
Ex6005. 42. 00. 90
6005. 42. 91. 00
Ex6005. 42. 00. 90
6005. 42. 99. 11
Ex6005. 42. 00. 10
6005. 42. 99. 19
Ex6005. 42. 00. 90
6005. 43. 10. 11
Ex6005. 43. 00. 10
6005. 43. 10. 19
Ex6005. 43. 00. 90
6005. 43. 91. 00
Ex6005. 43. 00. 90
6005. 43. 99. 11
Ex6005. 43. 00. 10
6005. 43. 99. 19
Ex6005. 43. 00. 90
6005. 44. 10. 11
Ex6005. 44. 00. 10
6005. 44. 10. 19
Ex6005. 44. 00. 90
6005. 44. 91. 00
Ex6005. 44. 00. 90
6005. 44. 99. 11
Ex6005. 44. 00. 10
6005. 44. 99. 19
Ex6005. 44. 00. 90
6005. 90. 20. 11
Ex6005. 90. 00. 10
6005. 90. 20. 19
Ex6005. 90. 00. 90
6005. 90. 93. 00
Ex6005. 90. 00. 90
6005. 90. 97. 11
Ex6005. 90. 00. 10
6005. 90. 97. 19
Ex6005. 90. 00. 90
6006. 10. 10. 00
Ex6006. 10. 00. 00
6006. 10. 91. 00
Ex6006. 10. 00. 00
6006. 10. 99. 00
Ex6006. 10. 00. 00
6006. 21. 91. 00
Ex6006. 21. 90. 00
6006. 21. 99. 00
Ex6006. 21. 90. 00
6006. 22. 91. 00
Ex6006. 22. 90. 00
6006. 22. 99. 00
Ex6006. 22. 90. 00
6006. 23. 91. 00
Ex6006. 23. 90. 00
6006. 23. 99. 00
Ex6006. 23. 90. 00
6006. 24. 91. 00
Ex6006. 24. 90. 00
6006. 24. 99. 00
Ex6006. 24. 90. 00
6006. 31. 91. 00
Ex6006. 31. 90. 90
6006. 31. 99. 10
6006. 31. 90. 10
6006. 31. 99. 20
6006. 31. 90. 20
6006. 31. 99. 90
Ex6006. 31. 90. 90
6006. 32. 91. 00
Ex6006. 32. 90. 99
6006. 32. 99. 10
6006. 32. 90. 10
6006. 32. 99. 20
6006. 32. 90. 20
Page 125
--- Page 127 (parsed text) --Table de concordance 2017-2022
Codification 2017
Codification 2022
6006. 32. 99. 91
6006. 32. 90. 91
6006. 32. 99. 99
Ex6006. 32. 90. 99
6006. 33. 91. 00
Ex6006. 33. 90. 99
6006. 33. 99. 10
6006. 33. 90. 10
6006. 33. 99. 20
6006. 33. 90. 20
6006. 33. 99. 91
6006. 33. 90. 91
6006. 33. 99. 99
Ex6006. 33. 90. 99
6006. 34. 91. 00
Ex6006. 34. 90. 99
6006. 34. 99. 10
6006. 34. 90. 10
6006. 34. 99. 20
6006. 34. 90. 20
6006. 34. 99. 91
6006. 34. 90. 91
6006. 34. 99. 99
Ex6006. 34. 90. 99
6006. 41. 91. 00
Ex6006. 41. 90. 00
6006. 41. 99. 00
Ex6006. 41. 90. 00
6006. 42. 91. 00
Ex6006. 42. 90. 00
6006. 42. 99. 00
Ex6006. 42. 90. 00
6006. 43. 91. 00
Ex6006. 43. 90. 00
6006. 43. 99. 00
Ex6006. 43. 90. 00
6006. 44. 91. 00
Ex6006. 44. 90. 00
6006. 44. 99. 00
Ex6006. 44. 90. 00
6006. 90. 91. 00
Ex6006. 90. 90. 00
6006. 90. 99. 00
Ex6006. 90. 90. 00
6101. 30. 00. 90
6101. 30. 00. 20
6102. 30. 00. 90
6102. 30. 00. 20
6105. 90. 00. 10
Ex6105. 90. 00. 00
6105. 90. 00. 90
Ex6105. 90. 00. 00
6106. 20. 00. 90
6106. 20. 00. 20
6106. 90. 00. 10
Ex6106. 90. 00. 00
6106. 90. 00. 20
Ex6106. 90. 00. 00
6106. 90. 00. 90
Ex6106. 90. 00. 00
6107. 29. 00. 10
Ex6107. 29. 00. 00
6107. 29. 00. 90
Ex6107. 29. 00. 00
6107. 99. 00. 10
Ex6107. 99. 00. 00
6107. 99. 00. 80
Ex6107. 99. 00. 00
6108. 22. 00. 20
6108. 22. 00. 10
6108. 22. 00. 80
6108. 22. 00. 30
6108. 29. 00. 20
Ex6108. 29. 00. 00
6108. 29. 00. 80
Ex6108. 29. 00. 00
6108. 39. 00. 10
Ex6108. 39. 00. 00
6108. 39. 00. 90
Ex6108. 39. 00. 00
6108. 99. 00. 10
Ex6108. 99. 00. 00
6108. 99. 00. 90
Ex6108. 99. 00. 00
6109. 90. 00. 91
Ex6109. 90. 00. 98
6109. 90. 00. 93
Ex6109. 90. 00. 98
6109. 90. 00. 99
Ex6109. 90. 00. 98
6110. 11. 00. 10
Ex6110. 11. 10. 00
Ex6110. 11. 90. 00
6110. 11. 00. 20
Ex6110. 11. 10. 00
Page 126
--- Page 128 (parsed text) --Table de concordance 2017-2022
Codification 2017
Codification 2022
Ex6110. 11. 90. 00
6110. 11. 00. 91
Ex6110. 11. 10. 00
6110. 11. 00. 99
Ex6110. 11. 90. 00
6110. 12. 00. 10
Ex6110. 12. 10. 00
Ex6110. 12. 90. 00
6110. 12. 00. 20
Ex6110. 12. 10. 00
Ex6110. 12. 90. 00
6110. 12. 00. 91
Ex6110. 12. 10. 00
6110. 12. 00. 99
Ex6110. 12. 90. 00
6110. 19. 00. 10
Ex6110. 19. 10. 00
Ex6110. 19. 90. 00
6110. 19. 00. 20
Ex6110. 19. 10. 00
Ex6110. 19. 90. 00
6110. 19. 00. 91
Ex6110. 19. 10. 00
6110. 19. 00. 99
Ex6110. 19. 90. 00
6110. 90. 00. 10
Ex6110. 90. 10. 00
Ex6110. 90. 90. 00
6110. 90. 00. 20
Ex6110. 90. 10. 00
6110. 90. 00. 91
Ex6110. 90. 90. 00
6110. 90. 00. 99
Ex6110. 90. 90. 00
6111. 30. 00. 31
Ex6111. 30. 00. 30
6111. 30. 00. 39
Ex6111. 30. 00. 30
6112. 20. 00. 10
Ex6112. 20. 00. 00
6112. 20. 00. 20
Ex6112. 20. 00. 00
6112. 20. 00. 90
Ex6112. 20. 00. 00
6112. 39. 00. 11
Ex6112. 39. 00. 10
6112. 39. 00. 19
Ex6112. 39. 00. 10
6112. 49. 00. 11
Ex6112. 49. 00. 10
6112. 49. 00. 19
Ex6112. 49. 00. 10
6113. 00. 00. 80
Ex6113. 00. 00. 70
6113. 00. 00. 91
Ex6113. 00. 00. 70
6113. 00. 00. 99
Ex6113. 00. 00. 70
6115. 29. 00. 13
Ex6115. 29. 00. 18
6115. 29. 00. 15
Ex6115. 29. 00. 18
6115. 29. 00. 19
Ex6115. 29. 00. 18
6115. 29. 00. 91
Ex6115. 29. 00. 80
6115. 29. 00. 99
Ex6115. 29. 00. 80
6115. 30. 00. 11
Ex6115. 30. 00. 10
6115. 30. 00. 19
Ex6115. 30. 00. 10
6115. 30. 00. 21
Ex6115. 30. 00. 20
6115. 30. 00. 29
Ex6115. 30. 00. 20
6115. 30. 00. 30
Ex6115. 30. 00. 20
6115. 30. 00. 91
Ex6115. 30. 00. 80
6115. 30. 00. 99
Ex6115. 30. 00. 80
6115. 94. 10. 10
Ex6115. 94. 10. 00
6115. 94. 10. 90
Ex6115. 94. 10. 00
6115. 94. 90. 10
Ex6115. 94. 90. 00
6115. 94. 90. 90
Ex6115. 94. 90. 00
Page 127
--- Page 129 (parsed text) --Table de concordance 2017-2022
Codification 2017
Codification 2022
6115. 95. 90. 10
Ex6115. 95. 90. 00
6115. 95. 90. 90
Ex6115. 95. 90. 00
6115. 96. 10. 11
Ex6115. 96. 10. 10
6115. 96. 10. 19
Ex6115. 96. 10. 10
6115. 96. 10. 91
Ex6115. 96. 10. 90
6115. 96. 10. 99
Ex6115. 96. 10. 90
6115. 99. 90. 10
Ex6115. 99. 90. 00
6115. 99. 90. 90
Ex6115. 99. 90. 00
6116. 10. 00. 10
Ex6116. 10. 00. 30
6116. 10. 00. 20
Ex6116. 10. 00. 40
6116. 10. 00. 94
Ex6116. 10. 00. 90
6116. 10. 00. 98
Ex6116. 10. 00. 90
6116. 91. 00. 00
Ex6116. 10. 00. 30
Ex6116. 10. 00. 40
Ex6116. 10. 00. 90
6116. 91. 00. 00
6116. 92. 00. 00
Ex6116. 10. 00. 30
Ex6116. 10. 00. 40
Ex6116. 10. 00. 90
6116. 92. 00. 00
6116. 93. 00. 00
Ex6116. 10. 00. 30
Ex6116. 10. 00. 40
Ex6116. 10. 00. 90
6116. 93. 00. 00
6116. 99. 00. 00
Ex6116. 10. 00. 30
Ex6116. 10. 00. 40
Ex6116. 10. 00. 90
6116. 99. 00. 00
6117. 10. 00. 90
6117. 10. 00. 30
6117. 10. 00. 80
6117. 80. 10. 10
Ex6117. 80. 10. 00
6117. 80. 10. 20
Ex6117. 80. 10. 00
6117. 80. 10. 90
Ex6117. 80. 10. 00
6117. 80. 21. 00
Ex6117. 80. 20. 00
6117. 80. 23. 00
Ex6117. 80. 20. 00
6117. 80. 29. 00
Ex6117. 80. 20. 00
6117. 80. 99. 10
Ex6117. 80. 99. 00
6117. 80. 99. 90
Ex6117. 80. 99. 00
6201. 11. 00. 00
Ex6201. 20. 00. 00
6201. 12. 00. 10
Ex6201. 30. 00. 00
6201. 12. 00. 90
Ex6201. 30. 00. 00
6201. 13. 00. 10
Ex6201. 40. 00. 00
6201. 13. 00. 90
Ex6201. 40. 00. 00
6201. 19. 00. 00
Ex6201. 90. 00. 00
6201. 91. 00. 00
Ex6201. 20. 00. 00
6201. 92. 00. 00
Ex6201. 30. 00. 00
6201. 93. 00. 00
Ex6201. 40. 00. 00
6201. 99. 00. 00
Ex6201. 90. 00. 00
Page 128
--- Page 130 (parsed text) --Table de concordance 2017-2022
Codification 2017
Codification 2022
6202. 11. 00. 00
Ex6202. 20. 00. 00
6202. 12. 00. 10
Ex6202. 30. 00. 00
6202. 12. 00. 90
Ex6202. 30. 00. 00
6202. 13. 00. 10
Ex6202. 40. 00. 00
6202. 13. 00. 90
Ex6202. 40. 00. 00
6202. 19. 00. 00
Ex6202. 90. 00. 00
6202. 91. 00. 00
Ex6202. 20. 00. 00
6202. 92. 00. 00
Ex6202. 30. 00. 00
6202. 93. 00. 00
Ex6202. 40. 00. 00
6202. 99. 00. 00
Ex6202. 90. 00. 00
6205. 30. 00. 90
6205. 30. 00. 20
6208. 11. 00. 90
6208. 11. 00. 20
6208. 19. 00. 10
Ex6208. 19. 00. 00
6208. 19. 00. 90
Ex6208. 19. 00. 00
6208. 22. 00. 90
6208. 22. 00. 20
6209. 20. 00. 91
Ex6209. 20. 00. 90
6209. 20. 00. 99
Ex6209. 20. 00. 90
6209. 30. 00. 91
Ex6209. 30. 00. 90
6209. 30. 00. 99
Ex6209. 30. 00. 90
6209. 90. 00. 92
Ex6209. 90. 00. 90
6209. 90. 00. 98
Ex6209. 90. 00. 90
6210. 10. 00. 41
Ex6210. 10. 00. 48
6210. 10. 00. 49
Ex6210. 10. 00. 48
6210. 10. 00. 61
Ex6210. 10. 00. 60
6210. 10. 00. 69
Ex6210. 10. 00. 60
6210. 10. 00. 71
Ex6210. 10. 00. 78
6210. 10. 00. 73
Ex6210. 10. 00. 78
6210. 10. 00. 79
Ex6210. 10. 00. 78
6210. 10. 00. 81
Ex6210. 10. 00. 80
6210. 10. 00. 82
Ex6210. 10. 00. 80
6210. 10. 00. 89
Ex6210. 10. 00. 80
6210. 10. 00. 91
Ex6210. 10. 00. 90
6210. 10. 00. 92
Ex6210. 10. 00. 90
6210. 10. 00. 99
Ex6210. 10. 00. 90
6210. 20. 00. 10
Ex6210. 20. 10. 00
Ex6210. 20. 90. 00
6210. 20. 00. 91
Ex6210. 20. 90. 00
6210. 20. 00. 92
Ex6210. 20. 10. 00
6210. 20. 00. 93
Ex6210. 20. 90. 00
6210. 20. 00. 99
Ex6210. 20. 90. 00
6210. 30. 00. 10
Ex6210. 30. 00. 00
6210. 30. 00. 91
Ex6210. 30. 00. 00
6210. 30. 00. 92
Ex6210. 30. 00. 00
6210. 30. 00. 93
Ex6210. 30. 00. 00
6210. 30. 00. 99
Ex6210. 30. 00. 00
6210. 40. 90. 41
Ex6210. 20. 90. 00
Ex6210. 40. 90. 48
6210. 40. 90. 42
Ex6210. 20. 10. 00
Page 129
--- Page 131 (parsed text) --Table de concordance 2017-2022
Codification 2017
Codification 2022
Ex6210. 20. 90. 00
6210. 40. 90. 45
6210. 40. 90. 46
6210. 40. 90. 43
Ex6210. 20. 90. 00
Ex6210. 40. 90. 48
6210. 40. 90. 49
Ex6210. 20. 90. 00
Ex6210. 40. 90. 48
6210. 40. 90. 91
Ex6210. 40. 90. 90
6210. 40. 90. 92
Ex6210. 40. 90. 90
6210. 40. 90. 99
Ex6210. 40. 90. 90
6210. 50. 90. 21
Ex6210. 50. 90. 20
6210. 50. 90. 29
Ex6210. 50. 90. 20
6210. 50. 90. 35
Ex6210. 30. 00. 00
Ex6210. 50. 90. 39
6210. 50. 90. 36
Ex6210. 30. 00. 00
6210. 50. 90. 31
6210. 50. 90. 32
6210. 50. 90. 37
Ex6210. 30. 00. 00
Ex6210. 50. 90. 39
6210. 50. 90. 38
Ex6210. 30. 00. 00
Ex6210. 50. 90. 39
6210. 50. 90. 95
Ex6210. 50. 90. 98
6210. 50. 90. 97
6210. 50. 90. 96
Ex6210. 50. 90. 98
6211. 11. 00. 10
6211. 11. 00. 11
6211. 11. 00. 19
6211. 12. 00. 10
6211. 12. 00. 11
6211. 12. 00. 19
6211. 20. 00. 11
Ex6211. 20. 10. 00
6211. 20. 00. 12
Ex6211. 20. 10. 00
6211. 20. 00. 13
Ex6211. 20. 10. 00
6211. 20. 00. 19
Ex6211. 20. 10. 00
6211. 20. 00. 91
Ex6211. 20. 90. 00
6211. 20. 00. 92
Ex6211. 20. 90. 00
6211. 20. 00. 93
Ex6211. 20. 90. 00
6211. 20. 00. 99
Ex6211. 20. 90. 00
6213. 20. 00. 10
Ex6213. 20. 10. 00
Ex6213. 20. 90. 00
6213. 20. 00. 91
Ex6213. 20. 10. 00
6213. 20. 00. 99
Ex6213. 20. 90. 00
6213. 90. 00. 12
Ex6213. 90. 10. 00
6213. 90. 00. 18
Ex6213. 90. 10. 00
6213. 90. 00. 92
Ex6213. 90. 90. 00
6213. 90. 00. 98
Ex6213. 90. 90. 00
6215. 90. 00. 10
Ex6215. 90. 00. 00
6215. 90. 00. 90
Ex6215. 90. 00. 00
6217. 90. 00. 10
Ex6217. 90. 00. 80
6217. 90. 00. 20
6217. 90. 00. 21
Page 130
--- Page 132 (parsed text) --Table de concordance 2017-2022
Codification 2017
Codification 2022
6217. 90. 00. 22
6217. 90. 00. 90
Ex6217. 90. 00. 80
6301. 40. 10. 00
6301. 40. 00. 20
6301. 40. 90. 10
6301. 40. 00. 10
6301. 40. 90. 90
6301. 40. 00. 90
6301. 90. 10. 00
6301. 90. 00. 20
6301. 90. 90. 10
6301. 90. 00. 10
6301. 90. 90. 90
6301. 90. 00. 90
6302. 10. 00. 10
Ex6302. 10. 00. 80
6302. 10. 00. 20
6302. 10. 00. 30
6302. 10. 00. 40
6302. 10. 00. 90
6302. 10. 00. 50
Ex6302. 10. 00. 80
6302. 29. 00. 11
Ex6302. 29. 00. 10
6302. 29. 00. 19
Ex6302. 29. 00. 10
6302. 29. 00. 91
Ex6302. 29. 00. 90
6302. 29. 00. 99
Ex6302. 29. 00. 90
6302. 39. 00. 11
Ex6302. 39. 00. 10
6302. 39. 00. 19
Ex6302. 39. 00. 10
6302. 39. 00. 91
Ex6302. 39. 00. 90
6302. 39. 00. 99
Ex6302. 39. 00. 90
6302. 40. 00. 10
Ex6302. 40. 00. 80
6302. 40. 00. 20
6302. 40. 00. 30
6302. 40. 00. 40
6302. 40. 00. 90
6302. 40. 00. 50
Ex6302. 40. 00. 80
6302. 51. 00. 11
Ex6302. 51. 00. 10
6302. 51. 00. 12
Ex6302. 51. 00. 10
6302. 51. 00. 19
Ex6302. 51. 00. 10
6302. 51. 00. 91
Ex6302. 51. 00. 90
6302. 51. 00. 92
Ex6302. 51. 00. 90
6302. 51. 00. 99
Ex6302. 51. 00. 90
6304. 11. 00. 20
6304. 11. 00. 40
6304. 11. 00. 50
6304. 11. 00. 90
6304. 11. 00. 15
6304. 11. 00. 30
6304. 11. 00. 80
6304. 19. 90. 10
Ex6304. 19. 90. 00
6304. 19. 90. 90
Ex6304. 19. 90. 00
6304. 91. 00. 10
Ex6304. 91. 00. 00
6304. 91. 00. 40
Ex6304. 91. 00. 00
6304. 91. 00. 90
Ex6304. 91. 00. 00
6304. 92. 00. 10
Ex6304. 92. 00. 00
6304. 92. 00. 90
Ex6304. 92. 00. 00
6304. 93. 00. 10
Ex6304. 93. 00. 00
6304. 93. 00. 21
Ex6304. 93. 00. 00
6304. 93. 00. 29
Ex6304. 93. 00. 00
6304. 93. 00. 90
Ex6304. 93. 00. 00
Page 131
--- Page 133 (parsed text) --Table de concordance 2017-2022
Codification 2017
Codification 2022
6304. 99. 00. 11
Ex6304. 99. 10. 00
Ex6304. 99. 20. 00
Ex6304. 99. 90. 00
6304. 99. 00. 19
Ex6304. 99. 10. 00
Ex6304. 99. 20. 00
Ex6304. 99. 90. 00
6304. 99. 00. 91
Ex6304. 99. 90. 00
6304. 99. 00. 92
Ex6304. 99. 20. 00
6304. 99. 00. 93
Ex6304. 99. 90. 00
6304. 99. 00. 99
Ex6304. 99. 90. 00
6305. 10. 29. 10
Ex6305. 10. 29. 00
6305. 10. 29. 90
Ex6305. 10. 29. 00
6305. 10. 31. 10
Ex6305. 10. 31. 00
6305. 10. 31. 20
Ex6305. 10. 31. 00
6305. 10. 31. 90
Ex6305. 10. 31. 00
6305. 10. 39. 11
Ex6305. 10. 39. 00
6305. 10. 39. 19
Ex6305. 10. 39. 00
6305. 10. 39. 21
Ex6305. 10. 39. 00
6305. 10. 39. 29
Ex6305. 10. 39. 00
6305. 10. 39. 91
Ex6305. 10. 39. 00
6305. 10. 39. 99
Ex6305. 10. 39. 00
6305. 90. 10. 10
Ex6305. 90. 10. 00
6305. 90. 10. 90
Ex6305. 90. 10. 00
6305. 90. 21. 00
Ex6305. 90. 20. 00
6305. 90. 29. 00
Ex6305. 90. 20. 00
6305. 90. 30. 10
Ex6305. 90. 30. 00
6305. 90. 30. 90
Ex6305. 90. 30. 00
6306. 19. 00. 10
Ex6306. 19. 00. 90
6306. 19. 00. 80
6306. 19. 00. 20
Ex6306. 19. 00. 90
6310. 10. 11. 10
Ex6310. 10. 10. 00
Ex6310. 10. 80. 00
6310. 10. 11. 20
Ex6310. 10. 20. 00
Ex6310. 10. 30. 00
6310. 10. 11. 90
Ex6310. 10. 50. 00
Ex6310. 10. 60. 00
Ex6310. 10. 80. 00
6310. 10. 19. 10
Ex6310. 10. 10. 00
Ex6310. 10. 80. 00
6310. 10. 19. 20
Ex6310. 10. 20. 00
Ex6310. 10. 30. 00
6310. 10. 19. 90
Ex6310. 10. 50. 00
Ex6310. 10. 60. 00
Ex6310. 10. 80. 00
6310. 10. 90. 10
Ex6310. 10. 10. 00
Ex6310. 10. 80. 00
6310. 10. 90. 20
Ex6310. 10. 20. 00
Ex6310. 10. 30. 00
Page 132
--- Page 134 (parsed text) --Table de concordance 2017-2022
Codification 2017
Codification 2022
6310. 10. 90. 90
Ex6310. 10. 50. 00
Ex6310. 10. 60. 00
Ex6310. 10. 80. 00
6310. 90. 11. 00
Ex6310. 90. 10. 00
Ex6310. 90. 80. 00
6310. 90. 12. 00
Ex6310. 90. 20. 00
Ex6310. 90. 30. 00
6310. 90. 19. 00
Ex6310. 90. 50. 00
Ex6310. 90. 60. 00
Ex6310. 90. 80. 00
6310. 90. 20. 10
Ex6310. 90. 10. 00
Ex6310. 90. 80. 00
6310. 90. 20. 20
Ex6310. 90. 20. 00
Ex6310. 90. 30. 00
6310. 90. 20. 90
Ex6310. 90. 50. 00
Ex6310. 90. 60. 00
Ex6310. 90. 80. 00
6310. 90. 90. 00
Ex6310. 90. 10. 00
Ex6310. 90. 20. 00
Ex6310. 90. 30. 00
Ex6310. 90. 50. 00
Ex6310. 90. 60. 00
Ex6310. 90. 80. 00
6401. 10. 00. 10
Ex6401. 10. 10. 00
6401. 10. 00. 21
Ex6401. 10. 90. 10
6401. 10. 00. 29
Ex6401. 10. 90. 90
6401. 10. 00. 30
Ex6401. 10. 10. 00
6401. 10. 00. 41
Ex6401. 10. 90. 10
6401. 10. 00. 49
Ex6401. 10. 90. 10
6401. 10. 00. 91
Ex6401. 10. 90. 90
6401. 10. 00. 99
Ex6401. 10. 90. 90
6401. 92. 00. 10
6401. 92. 10. 00
6401. 92. 00. 21
Ex6401. 92. 90. 10
6401. 92. 00. 29
Ex6401. 92. 90. 10
6401. 92. 00. 91
Ex6401. 92. 90. 90
6401. 92. 00. 99
Ex6401. 92. 90. 90
6401. 99. 10. 00
Ex6401. 99. 20. 00
Ex6401. 99. 90. 20
Ex6401. 99. 90. 90
6401. 99. 90. 10
Ex6401. 99. 20. 00
6401. 99. 90. 21
Ex6401. 99. 90. 20
6401. 99. 90. 29
Ex6401. 99. 90. 20
6401. 99. 90. 91
Ex6401. 99. 90. 90
6401. 99. 90. 99
Ex6401. 99. 90. 90
6402. 12. 00. 10
Ex6402. 12. 00. 00
6402. 12. 00. 90
Ex6402. 12. 00. 00
6402. 20. 00. 11
Ex6402. 20. 10. 00
6402. 20. 00. 19
Ex6402. 20. 90. 00
Page 133
--- Page 135 (parsed text) --Table de concordance 2017-2022
Codification 2017
Codification 2022
6402. 20. 00. 91
Ex6402. 20. 10. 00
6402. 20. 00. 99
Ex6402. 20. 90. 00
6402. 91. 00. 30
6402. 91. 10. 00
6402. 91. 00. 41
Ex6402. 91. 90. 10
6402. 91. 00. 49
Ex6402. 91. 90. 10
6402. 91. 00. 92
Ex6402. 91. 90. 90
6402. 91. 00. 94
Ex6402. 91. 90. 90
6402. 91. 00. 98
Ex6402. 91. 90. 90
6402. 99. 00. 05
Ex6402. 99. 10. 00
6402. 99. 00. 22
Ex6402. 99. 90. 20
6402. 99. 00. 28
Ex6402. 99. 90. 91
Ex6402. 99. 90. 92
Ex6402. 99. 90. 93
Ex6402. 99. 90. 99
6402. 99. 00. 40
Ex6402. 99. 10. 00
6402. 99. 00. 50
6402. 99. 90. 10
6402. 99. 00. 65
Ex6402. 99. 90. 20
6402. 99. 00. 66
Ex6402. 99. 90. 20
6402. 99. 00. 67
Ex6402. 99. 90. 20
6402. 99. 00. 84
Ex6402. 99. 90. 91
Ex6402. 99. 90. 92
Ex6402. 99. 90. 93
Ex6402. 99. 90. 99
6402. 99. 00. 85
Ex6402. 99. 90. 91
Ex6402. 99. 90. 92
Ex6402. 99. 90. 93
Ex6402. 99. 90. 99
6402. 99. 00. 86
Ex6402. 99. 90. 91
Ex6402. 99. 90. 92
Ex6402. 99. 90. 93
Ex6402. 99. 90. 99
6402. 99. 00. 87
Ex6402. 99. 90. 91
Ex6402. 99. 90. 92
Ex6402. 99. 90. 93
Ex6402. 99. 90. 99
6403. 12. 00. 10
Ex6403. 12. 00. 00
6403. 12. 00. 20
Ex6403. 12. 00. 00
6403. 12. 00. 91
Ex6403. 12. 00. 00
6403. 12. 00. 99
Ex6403. 12. 00. 00
6403. 19. 00. 10
Ex6403. 19. 10. 00
Ex6403. 19. 90. 10
Ex6403. 19. 90. 90
6403. 19. 00. 20
Ex6403. 19. 10. 00
6403. 19. 00. 91
Ex6403. 19. 90. 10
6403. 19. 00. 99
Ex6403. 19. 90. 90
6403. 20. 00. 10
Ex6403. 20. 10. 00
Ex6403. 20. 20. 10
Ex6403. 20. 20. 90
Page 134
--- Page 136 (parsed text) --Table de concordance 2017-2022
Codification 2017
Codification 2022
Ex6403. 20. 30. 00
Ex6403. 20. 90. 10
Ex6403. 20. 90. 90
6403. 20. 00. 20
Ex6403. 20. 10. 00
6403. 20. 00. 31
Ex6403. 20. 20. 10
6403. 20. 00. 39
Ex6403. 20. 20. 90
6403. 20. 00. 40
Ex6403. 20. 30. 00
6403. 20. 00. 91
Ex6403. 20. 90. 10
6403. 20. 00. 99
Ex6403. 20. 90. 90
6403. 40. 00. 10
Ex6403. 40. 10. 00
Ex6403. 40. 20. 00
Ex6403. 40. 90. 10
Ex6403. 40. 90. 90
6403. 40. 00. 20
Ex6403. 40. 10. 00
6403. 40. 00. 30
Ex6403. 40. 20. 00
6403. 40. 00. 91
Ex6403. 40. 90. 10
6403. 40. 00. 99
Ex6403. 40. 90. 90
6403. 51. 00. 10
Ex6403. 51. 10. 00
Ex6403. 51. 20. 00
Ex6403. 51. 90. 10
Ex6403. 51. 90. 90
6403. 51. 00. 21
Ex6403. 51. 10. 00
6403. 51. 00. 29
Ex6403. 51. 20. 00
Ex6403. 51. 90. 10
Ex6403. 51. 90. 90
6403. 51. 00. 40
Ex6403. 51. 20. 00
6403. 51. 00. 91
Ex6403. 51. 90. 10
6403. 51. 00. 99
Ex6403. 51. 90. 90
6403. 59. 00. 10
Ex6403. 59. 10. 00
Ex6403. 59. 90. 10
Ex6403. 59. 90. 21
Ex6403. 59. 90. 29
Ex6403. 59. 90. 90
6403. 59. 00. 20
Ex6403. 59. 10. 00
6403. 59. 00. 30
Ex6403. 59. 90. 10
6403. 59. 00. 41
Ex6403. 59. 90. 21
6403. 59. 00. 49
Ex6403. 59. 90. 29
6403. 59. 00. 50
Ex6403. 59. 90. 90
6403. 59. 00. 60
Ex6403. 59. 90. 90
6403. 59. 00. 91
Ex6403. 59. 90. 90
6403. 59. 00. 99
Ex6403. 59. 90. 90
6403. 91. 00. 05
Ex6403. 91. 10. 00
Ex6403. 91. 20. 00
Ex6403. 91. 90. 10
Ex6403. 91. 90. 90
6403. 91. 00. 22
Ex6403. 91. 10. 00
6403. 91. 00. 28
Ex6403. 91. 20. 00
Ex6403. 91. 90. 10
Page 135
--- Page 137 (parsed text) --Table de concordance 2017-2022
Codification 2017
Codification 2022
Ex6403. 91. 90. 90
6403. 91. 00. 50
Ex6403. 91. 20. 00
6403. 91. 00. 92
Ex6403. 91. 90. 10
6403. 91. 00. 98
Ex6403. 91. 90. 90
6403. 99. 00. 05
Ex6403. 99. 10. 00
Ex6403. 99. 90. 10
Ex6403. 99. 90. 21
Ex6403. 99. 90. 29
Ex6403. 99. 90. 90
6403. 99. 00. 20
Ex6403. 99. 10. 00
6403. 99. 00. 35
Ex6403. 99. 90. 10
6403. 99. 00. 42
Ex6403. 99. 90. 21
6403. 99. 00. 48
Ex6403. 99. 90. 29
6403. 99. 00. 55
Ex6403. 99. 90. 90
6403. 99. 00. 65
Ex6403. 99. 90. 90
6403. 99. 00. 92
Ex6403. 99. 90. 90
6403. 99. 00. 98
Ex6403. 99. 90. 90
6404. 11. 00. 11
Ex6404. 11. 10. 10
Ex6404. 11. 10. 90
6404. 11. 00. 19
Ex6404. 11. 20. 10
Ex6404. 11. 20. 90
6404. 11. 00. 90
Ex6404. 11. 10. 10
Ex6404. 11. 10. 90
Ex6404. 11. 20. 10
Ex6404. 11. 20. 90
6404. 19. 90. 11
Ex6404. 19. 90. 10
Ex6404. 19. 90. 91
Ex6404. 19. 90. 99
6404. 19. 90. 19
Ex6404. 19. 90. 10
Ex6404. 19. 90. 91
Ex6404. 19. 90. 99
6404. 19. 90. 90
Ex6404. 19. 90. 10
Ex6404. 19. 90. 91
Ex6404. 19. 90. 99
6404. 20. 90. 11
Ex6404. 20. 90. 10
Ex6404. 20. 90. 91
Ex6404. 20. 90. 99
6404. 20. 90. 12
Ex6404. 20. 90. 10
Ex6404. 20. 90. 91
Ex6404. 20. 90. 99
6404. 20. 90. 19
Ex6404. 20. 90. 10
Ex6404. 20. 90. 91
Ex6404. 20. 90. 99
6404. 20. 90. 90
Ex6404. 20. 90. 10
Ex6404. 20. 90. 91
Ex6404. 20. 90. 99
6405. 10. 00. 10
Ex6405. 10. 10. 10
Ex6405. 10. 10. 91
Page 136
--- Page 138 (parsed text) --Table de concordance 2017-2022
Codification 2017
Codification 2022
Ex6405. 10. 10. 99
Ex6405. 10. 90. 10
Ex6405. 10. 90. 91
Ex6405. 10. 90. 97
Ex6405. 10. 90. 99
6405. 10. 00. 21
Ex6405. 10. 10. 10
Ex6405. 10. 10. 91
Ex6405. 10. 10. 99
6405. 10. 00. 29
Ex6405. 10. 10. 10
Ex6405. 10. 10. 91
Ex6405. 10. 10. 99
6405. 10. 00. 30
Ex6405. 10. 90. 91
Ex6405. 10. 90. 97
Ex6405. 10. 90. 99
6405. 10. 00. 40
Ex6405. 10. 90. 10
6405. 10. 00. 92
Ex6405. 10. 90. 91
Ex6405. 10. 90. 97
Ex6405. 10. 90. 99
6405. 10. 00. 98
Ex6405. 10. 90. 91
Ex6405. 10. 90. 97
Ex6405. 10. 90. 99
6405. 20. 00. 10
Ex6405. 20. 90. 00
6405. 20. 00. 20
Ex6405. 20. 90. 00
6405. 20. 00. 30
Ex6405. 20. 90. 00
6405. 20. 00. 41
Ex6405. 20. 10. 10
Ex6405. 20. 10. 91
Ex6405. 20. 10. 99
6405. 20. 00. 49
Ex6405. 20. 10. 10
Ex6405. 20. 10. 91
Ex6405. 20. 10. 99
6405. 20. 00. 50
Ex6405. 20. 10. 10
Ex6405. 20. 10. 91
Ex6405. 20. 10. 99
6405. 20. 00. 60
6405. 20. 20. 00
6405. 20. 00. 90
Ex6405. 20. 90. 00
6405. 90. 10. 00
Ex6405. 90. 90. 00
6405. 90. 20. 00
Ex6405. 90. 90. 00
6405. 90. 91. 00
6405. 90. 10. 10
6405. 90. 10. 91
6405. 90. 10. 99
6405. 90. 99. 31
6405. 90. 20. 10
6405. 90. 20. 91
6405. 90. 20. 99
6405. 90. 99. 39
Ex6405. 90. 90. 00
6405. 90. 99. 40
Ex6405. 90. 90. 00
6405. 90. 99. 50
Ex6405. 90. 90. 00
6405. 90. 99. 90
Ex6405. 90. 90. 00
6406. 90. 20. 10
Ex6406. 90. 20. 00
Page 137
--- Page 139 (parsed text) --Table de concordance 2017-2022
Codification 2017
Codification 2022
6406. 90. 20. 21
Ex6406. 90. 20. 00
6406. 90. 20. 29
Ex6406. 90. 20. 00
6406. 90. 20. 90
Ex6406. 90. 20. 00
6406. 90. 30. 11
Ex6406. 90. 30. 10
6406. 90. 30. 19
Ex6406. 90. 30. 10
6406. 90. 30. 29
6406. 90. 30. 22
6406. 90. 30. 23
6406. 90. 30. 27
6406. 90. 99. 10
Ex6406. 90. 99. 00
6406. 90. 99. 90
Ex6406. 90. 99. 00
6502. 00. 00. 91
Ex6502. 00. 00. 90
6502. 00. 00. 99
Ex6502. 00. 00. 90
6505. 00. 90. 10
6505. 00. 90. 12
6505. 00. 90. 13
6505. 00. 90. 18
6505. 00. 90. 30
6505. 00. 90. 35
6505. 00. 90. 40
6802. 21. 00. 20
Ex6802. 21. 00. 80
6802. 21. 00. 90
Ex6802. 21. 00. 80
6802. 29. 90. 10
Ex6802. 29. 90. 00
6802. 29. 90. 90
Ex6802. 29. 90. 00
6802. 91. 00. 21
Ex6802. 91. 00. 99
6802. 91. 00. 29
Ex6802. 91. 00. 99
6802. 91. 00. 30
Ex6802. 91. 00. 91
6802. 91. 00. 41
Ex6802. 91. 00. 91
6802. 91. 00. 49
Ex6802. 91. 00. 91
6802. 91. 00. 90
Ex6802. 91. 00. 99
6802. 92. 00. 10
Ex6802. 92. 00. 80
6802. 92. 00. 90
Ex6802. 92. 00. 80
6802. 93. 00. 10
Ex6802. 93. 00. 80
6802. 93. 00. 21
Ex6802. 93. 00. 20
6802. 93. 00. 29
Ex6802. 93. 00. 20
6802. 93. 00. 90
Ex6802. 93. 00. 80
6802. 99. 00. 10
Ex6802. 99. 00. 80
6802. 99. 00. 21
Ex6802. 99. 00. 20
6802. 99. 00. 29
Ex6802. 99. 00. 20
6802. 99. 00. 90
Ex6802. 99. 00. 80
6804. 10. 00. 11
Ex6804. 10. 00. 20
6804. 10. 00. 19
Ex6804. 10. 00. 80
6804. 10. 00. 90
Ex6804. 10. 00. 20
Ex6804. 10. 00. 80
6804. 30. 00. 10
Ex6804. 30. 00. 00
6804. 30. 00. 20
Ex6804. 30. 00. 00
6804. 30. 00. 30
Ex6804. 30. 00. 00
6804. 30. 00. 90
Ex6804. 30. 00. 00
6806. 20. 10. 00
Ex6806. 20. 80. 00
6806. 20. 90. 00
6806. 20. 20. 00
Ex6806. 20. 80. 00
Page 138
--- Page 140 (parsed text) --Table de concordance 2017-2022
Codification 2017
Codification 2022
6807. 10. 00. 10
6807. 10. 20. 10
6807. 10. 20. 90
6807. 10. 00. 90
6807. 10. 80. 10
6807. 10. 80. 90
6807. 90. 00. 10
Ex6807. 90. 00. 00
6807. 90. 00. 90
Ex6807. 90. 00. 00
6810. 91. 00. 11
Ex6810. 91. 00. 10
6810. 91. 00. 19
Ex6810. 91. 00. 10
6811. 40. 00. 10
Ex6811. 40. 00. 00
6811. 40. 00. 20
Ex6811. 40. 00. 00
6811. 40. 00. 30
Ex6811. 40. 00. 00
6811. 40. 00. 90
Ex6811. 40. 00. 00
6811. 89. 00. 10
Ex6811. 89. 00. 00
6811. 89. 00. 90
Ex6811. 89. 00. 00
6812. 91. 00. 10
Ex6812. 91. 00. 00
6812. 91. 00. 90
Ex6812. 91. 00. 00
6812. 92. 11. 00
6812. 99. 50. 11
6812. 92. 19. 00
6812. 99. 50. 19
6812. 92. 91. 00
6812. 99. 50. 91
6812. 92. 99. 00
6812. 99. 50. 99
6812. 93. 11. 00
6812. 99. 60. 11
6812. 93. 19. 00
6812. 99. 60. 19
6812. 93. 91. 00
6812. 99. 60. 91
6812. 93. 99. 00
6812. 99. 60. 99
6812. 99. 20. 11
Ex6812. 99. 20. 10
6812. 99. 20. 19
Ex6812. 99. 20. 10
6812. 99. 30. 10
Ex6812. 99. 30. 00
6812. 99. 30. 90
Ex6812. 99. 30. 00
6814. 90. 00. 10
Ex6814. 90. 00. 00
6814. 90. 00. 90
Ex6814. 90. 00. 00
6815. 10. 00. 00
6815. 19. 00. 00
6815. 91. 00. 10
Ex6815. 91. 00. 20
6815. 91. 00. 90
Ex6815. 91. 00. 80
6815. 99. 90. 10
Ex6815. 13. 00. 00
Ex6815. 91. 00. 80
6815. 99. 90. 20
6815. 99. 90. 90
6815. 11. 00. 00
6815. 12. 00. 00
Ex6815. 13. 00. 00
Ex6815. 91. 00. 20
Ex6815. 91. 00. 80
6815. 99. 90. 80
6901. 00. 00. 10
Ex6901. 00. 00. 00
6901. 00. 00. 90
Ex6901. 00. 00. 00
6902. 20. 00. 10
Ex6902. 20. 00. 80
6902. 20. 00. 21
Ex6902. 20. 00. 20
6902. 20. 00. 29
Ex6902. 20. 00. 20
6902. 20. 00. 90
Ex6902. 20. 00. 80
Page 139
--- Page 141 (parsed text) --Table de concordance 2017-2022
Codification 2017
Codification 2022
6902. 90. 00. 10
Ex6902. 90. 00. 80
6902. 90. 00. 21
Ex6902. 90. 00. 20
6902. 90. 00. 29
Ex6902. 90. 00. 20
6902. 90. 00. 90
Ex6902. 90. 00. 80
6903. 20. 90. 10
Ex6903. 20. 90. 00
6903. 20. 90. 20
Ex6903. 20. 90. 00
6903. 20. 90. 90
Ex6903. 20. 90. 00
6904. 10. 00. 11
Ex6904. 10. 00. 10
6904. 10. 00. 19
Ex6904. 10. 00. 10
6904. 90. 00. 11
Ex6904. 90. 00. 10
6904. 90. 00. 19
Ex6904. 90. 00. 10
6906. 00. 00. 10
Ex6906. 00. 00. 00
6906. 00. 00. 90
Ex6906. 00. 00. 00
6909. 11. 11. 00
Ex6909. 11. 10. 00
6909. 11. 19. 00
Ex6909. 11. 10. 00
6909. 12. 00. 10
Ex6909. 12. 00. 00
6909. 12. 00. 20
Ex6909. 12. 00. 00
6909. 12. 00. 90
Ex6909. 12. 00. 00
6909. 90. 00. 10
Ex6909. 90. 00. 00
6909. 90. 00. 90
Ex6909. 90. 00. 00
6911. 90. 00. 10
Ex6911. 90. 00. 00
6911. 90. 00. 91
Ex6911. 90. 00. 00
6911. 90. 00. 99
Ex6911. 90. 00. 00
6912. 00. 00. 31
Ex6912. 00. 00. 30
6912. 00. 00. 39
Ex6912. 00. 00. 30
6913. 90. 00. 20
Ex6913. 90. 00. 80
6913. 90. 00. 90
Ex6913. 90. 00. 80
6914. 10. 00. 10
Ex6914. 10. 00. 00
6914. 10. 00. 20
Ex6914. 10. 00. 00
6914. 10. 00. 90
Ex6914. 10. 00. 00
6914. 90. 00. 20
Ex6914. 90. 00. 80
6914. 90. 00. 40
Ex6914. 90. 00. 80
6914. 90. 00. 90
Ex6914. 90. 00. 80
7001. 00. 10. 00
Ex7001. 00. 00. 90
7001. 00. 91. 00
Ex7001. 00. 00. 90
Ex8549. 21. 00. 00
Ex8549. 31. 00. 00
Ex8549. 91. 00. 00
7001. 00. 99. 10
7001. 00. 00. 10
Ex8549. 21. 00. 00
Ex8549. 31. 00. 00
Ex8549. 91. 00. 00
7001. 00. 99. 90
Ex7001. 00. 00. 90
Ex8549. 21. 00. 00
Ex8549. 31. 00. 00
Ex8549. 91. 00. 00
7002. 20. 00. 10
Ex7002. 20. 00. 00
7002. 20. 00. 90
Ex7002. 20. 00. 00
Page 140
--- Page 142 (parsed text) --Table de concordance 2017-2022
Codification 2017
Codification 2022
7002. 31. 00. 10
Ex7002. 31. 00. 00
7002. 31. 00. 90
Ex7002. 31. 00. 00
7002. 32. 00. 10
Ex7002. 32. 00. 00
7002. 32. 00. 90
Ex7002. 32. 00. 00
7002. 39. 00. 10
Ex7002. 39. 00. 90
7002. 39. 00. 91
7002. 39. 00. 20
7002. 39. 00. 99
Ex7002. 39. 00. 90
7003. 12. 20. 10
Ex7003. 12. 80. 10
Ex7003. 12. 80. 20
Ex7003. 12. 80. 30
7003. 12. 20. 20
Ex7003. 12. 80. 10
Ex7003. 12. 80. 20
Ex7003. 12. 80. 30
7003. 12. 20. 91
Ex7003. 12. 80. 20
7003. 12. 20. 99
Ex7003. 12. 80. 10
7003. 12. 90. 00
Ex7003. 12. 80. 30
7003. 19. 20. 10
Ex7003. 19. 80. 00
7003. 19. 20. 90
Ex7003. 19. 80. 00
7003. 19. 90. 10
Ex7003. 19. 80. 00
7003. 19. 90. 90
Ex7003. 19. 80. 00
7003. 20. 10. 10
Ex7003. 20. 00. 00
7003. 20. 10. 91
Ex7003. 20. 00. 00
7003. 20. 10. 99
Ex7003. 20. 00. 00
7003. 20. 90. 10
Ex7003. 20. 00. 00
7003. 20. 90. 90
Ex7003. 20. 00. 00
7003. 30. 10. 10
Ex7003. 30. 00. 00
7003. 30. 10. 21
Ex7003. 30. 00. 00
7003. 30. 10. 29
Ex7003. 30. 00. 00
7003. 30. 10. 30
Ex7003. 30. 00. 00
7003. 30. 10. 40
Ex7003. 30. 00. 00
7003. 30. 10. 50
Ex7003. 30. 00. 00
7003. 30. 10. 91
Ex7003. 30. 00. 00
7003. 30. 10. 99
Ex7003. 30. 00. 00
7003. 30. 90. 10
Ex7003. 30. 00. 00
7003. 30. 90. 90
Ex7003. 30. 00. 00
7004. 20. 20. 10
Ex7004. 20. 80. 91
7004. 20. 20. 90
Ex7004. 20. 80. 99
7004. 20. 90. 10
Ex7004. 20. 80. 91
Ex7004. 20. 80. 99
7004. 20. 90. 90
Ex7004. 20. 80. 91
Ex7004. 20. 80. 99
7004. 90. 10. 10
Ex7004. 90. 10. 00
7004. 90. 10. 20
Ex7004. 90. 10. 00
7004. 90. 10. 90
Ex7004. 90. 10. 00
7004. 90. 20. 11
Ex7004. 90. 80. 91
7004. 90. 20. 19
Ex7004. 90. 80. 91
7004. 90. 20. 90
Ex7004. 90. 80. 99
7004. 90. 90. 10
Ex7004. 90. 80. 91
Page 141
--- Page 143 (parsed text) --Table de concordance 2017-2022
Codification 2017
Codification 2022
Ex7004. 90. 80. 99
7004. 90. 90. 90
Ex7004. 90. 80. 91
Ex7004. 90. 80. 99
7005. 10. 20. 11
Ex7005. 10. 20. 10
7005. 10. 20. 19
Ex7005. 10. 20. 10
7005. 10. 20. 90
Ex7005. 10. 20. 80
7005. 10. 90. 10
Ex7005. 10. 90. 00
7005. 10. 90. 90
Ex7005. 10. 20. 10
Ex7005. 10. 20. 80
Ex7005. 10. 90. 00
7005. 21. 20. 00
Ex7005. 21. 30. 10
Ex7005. 21. 30. 80
Ex7005. 21. 90. 00
7005. 21. 30. 11
Ex7005. 21. 30. 10
7005. 21. 30. 19
Ex7005. 21. 30. 10
7005. 21. 30. 90
Ex7005. 21. 30. 80
7005. 21. 90. 10
Ex7005. 21. 90. 00
7005. 21. 90. 90
Ex7005. 21. 30. 10
Ex7005. 21. 30. 80
Ex7005. 21. 90. 00
7005. 29. 20. 10
Ex7005. 29. 20. 80
7005. 29. 20. 21
Ex7005. 29. 20. 20
7005. 29. 20. 29
Ex7005. 29. 20. 20
7005. 29. 20. 90
Ex7005. 29. 20. 20
Ex7005. 29. 20. 80
Ex7005. 29. 90. 00
7005. 29. 90. 10
Ex7005. 29. 90. 00
7005. 29. 90. 91
Ex7005. 29. 20. 20
Ex7005. 29. 20. 80
Ex7005. 29. 90. 00
7005. 29. 90. 99
Ex7005. 29. 20. 20
Ex7005. 29. 20. 80
Ex7005. 29. 90. 00
7005. 30. 10. 10
Ex7005. 30. 20. 20
Ex7005. 30. 20. 80
7005. 30. 10. 21
Ex7005. 30. 20. 20
7005. 30. 10. 29
Ex7005. 30. 20. 20
7005. 30. 10. 90
Ex7005. 30. 20. 80
7005. 30. 90. 10
Ex7005. 30. 80. 91
Ex7005. 30. 80. 99
7005. 30. 90. 91
Ex7005. 30. 80. 91
7005. 30. 90. 99
Ex7005. 30. 80. 99
7006. 00. 92. 10
Ex7006. 00. 92. 00
7006. 00. 92. 91
Ex7006. 00. 92. 00
7006. 00. 92. 99
Ex7006. 00. 92. 00
7007. 11. 10. 00
Ex7007. 11. 10. 11
Ex7007. 11. 10. 12
Ex7007. 11. 10. 19
Page 142
--- Page 144 (parsed text) --Table de concordance 2017-2022
Codification 2017
Codification 2022
Ex7007. 11. 20. 00
Ex7007. 11. 30. 00
Ex7007. 11. 90. 00
7007. 11. 90. 10
Ex7007. 11. 10. 11
Ex7007. 11. 10. 12
Ex7007. 11. 10. 19
Ex7007. 11. 20. 00
Ex7007. 11. 30. 00
Ex7007. 11. 90. 00
7007. 11. 90. 90
Ex7007. 11. 10. 11
Ex7007. 11. 10. 12
Ex7007. 11. 10. 19
Ex7007. 11. 20. 00
Ex7007. 11. 30. 00
Ex7007. 11. 90. 00
7010. 10. 00. 10
Ex7010. 10. 00. 00
7010. 10. 00. 90
Ex7010. 10. 00. 00
7010. 20. 00. 11
Ex7010. 20. 00. 00
7010. 20. 00. 19
Ex7010. 20. 00. 00
7010. 20. 00. 91
Ex7010. 20. 00. 00
7010. 20. 00. 99
Ex7010. 20. 00. 00
7010. 90. 19. 91
7010. 90. 19. 40
7010. 90. 19. 99
7010. 90. 19. 80
7010. 90. 29. 91
7010. 90. 29. 40
7010. 90. 29. 99
7010. 90. 29. 80
7010. 90. 39. 91
7010. 90. 39. 40
7010. 90. 39. 99
7010. 90. 39. 80
7010. 90. 99. 91
7010. 90. 99. 40
7010. 90. 99. 99
7010. 90. 99. 80
7013. 10. 00. 11
Ex7013. 10. 00. 10
7013. 10. 00. 19
Ex7013. 10. 00. 10
7013. 28. 00. 20
Ex7013. 28. 00. 80
7013. 28. 00. 90
Ex7013. 28. 00. 80
7013. 37. 00. 20
Ex7013. 37. 00. 80
7013. 37. 00. 90
Ex7013. 37. 00. 80
7014. 00. 10. 10
Ex7014. 00. 10. 00
7014. 00. 10. 20
Ex7014. 00. 10. 00
7014. 00. 10. 90
Ex7014. 00. 10. 00
7014. 00. 90. 10
Ex7014. 00. 90. 00
7014. 00. 90. 90
Ex7014. 00. 90. 00
7015. 10. 00. 10
Ex7015. 10. 00. 00
7015. 10. 00. 90
Ex7015. 10. 00. 00
7015. 90. 00. 10
Ex7015. 90. 00. 00
7015. 90. 00. 90
Ex7015. 90. 00. 00
7016. 10. 90. 10
Ex7016. 10. 90. 00
7016. 10. 90. 90
Ex7016. 10. 90. 00
7016. 90. 90. 10
Ex7016. 90. 90. 00
7016. 90. 90. 91
Ex7016. 90. 90. 00
Page 143
--- Page 145 (parsed text) --Table de concordance 2017-2022
Codification 2017
Codification 2022
7016. 90. 90. 99
Ex7016. 90. 90. 00
7018. 10. 00. 11
Ex7018. 10. 00. 10
7018. 10. 00. 19
Ex7018. 10. 00. 10
7018. 10. 00. 31
Ex7018. 10. 00. 30
7018. 10. 00. 39
Ex7018. 10. 00. 30
7018. 90. 90. 11
Ex7018. 90. 90. 10
7018. 90. 90. 19
Ex7018. 90. 90. 90
7018. 90. 90. 91
Ex7018. 90. 90. 10
7018. 90. 90. 99
Ex7018. 90. 90. 90
7019. 11. 00. 21
Ex7019. 11. 00. 80
7019. 11. 00. 29
Ex7019. 11. 00. 80
7019. 11. 00. 90
Ex7019. 11. 00. 80
7019. 19. 00. 10
Ex7019. 13. 00. 00
Ex7019. 19. 00. 00
7019. 19. 00. 21
Ex7019. 13. 00. 00
Ex7019. 19. 00. 00
7019. 19. 00. 29
Ex7019. 13. 00. 00
Ex7019. 19. 00. 00
7019. 19. 00. 90
Ex7019. 13. 00. 00
Ex7019. 19. 00. 00
7019. 31. 00. 00
7019. 14. 00. 00
7019. 15. 00. 00
Ex7019. 19. 00. 00
7019. 32. 00. 00
7019. 71. 00. 00
7019. 39. 11. 00
Ex7019. 90. 18. 00
7019. 39. 19. 00
Ex7019. 62. 00. 00
Ex7019. 69. 00. 00
Ex7019. 72. 00. 00
Ex7019. 73. 00. 00
Ex7019. 80. 00. 00
Ex7019. 90. 18. 00
7019. 39. 90. 10
Ex7019. 62. 00. 00
Ex7019. 69. 00. 00
Ex7019. 72. 00. 00
Ex7019. 73. 00. 00
Ex7019. 80. 00. 00
Ex7019. 90. 90. 19
7019. 39. 90. 90
Ex7019. 62. 00. 00
Ex7019. 69. 00. 00
Ex7019. 72. 00. 00
Ex7019. 73. 00. 00
Ex7019. 80. 00. 00
Ex7019. 90. 90. 99
7019. 40. 00. 00
7019. 61. 00. 00
Ex7019. 65. 00. 00
Ex7019. 66. 00. 00
Ex7019. 90. 90. 19
Ex7019. 90. 90. 99
Page 144
--- Page 146 (parsed text) --Table de concordance 2017-2022
Codification 2017
Codification 2022
7019. 51. 00. 10
Ex7019. 63. 00. 00
Ex7019. 64. 00. 00
Ex7019. 65. 00. 00
Ex7019. 69. 00. 00
Ex7019. 90. 90. 19
7019. 51. 00. 90
Ex7019. 63. 00. 00
Ex7019. 64. 00. 00
Ex7019. 65. 00. 00
Ex7019. 69. 00. 00
Ex7019. 90. 90. 99
7019. 52. 00. 10
Ex7019. 63. 00. 00
Ex7019. 64. 00. 00
Ex7019. 66. 00. 00
Ex7019. 90. 90. 19
7019. 52. 00. 90
Ex7019. 63. 00. 00
Ex7019. 64. 00. 00
Ex7019. 66. 00. 00
Ex7019. 90. 90. 99
7019. 59. 00. 10
Ex7019. 63. 00. 00
Ex7019. 64. 00. 00
Ex7019. 66. 00. 00
Ex7019. 69. 00. 00
Ex7019. 90. 90. 19
7019. 59. 00. 90
Ex7019. 63. 00. 00
Ex7019. 64. 00. 00
Ex7019. 66. 00. 00
Ex7019. 69. 00. 00
Ex7019. 90. 90. 99
7019. 90. 11. 00
Ex7019. 90. 18. 00
Ex7019. 80. 00. 00
7019. 90. 12. 00
Ex7019. 90. 18. 00
Ex7019. 80. 00. 00
7019. 90. 19. 00
Ex7019. 90. 18. 00
Ex7019. 80. 00. 00
7019. 90. 90. 10
7019. 90. 90. 11
Ex7019. 90. 90. 19
7019. 90. 90. 90
7019. 90. 90. 91
Ex7019. 90. 90. 99
7020. 00. 91. 11
Ex7020. 00. 91. 00
7020. 00. 91. 19
Ex7020. 00. 91. 00
7020. 00. 91. 91
Ex7020. 00. 91. 00
7020. 00. 91. 99
Ex7020. 00. 91. 00
7020. 00. 96. 91
Ex7020. 00. 96. 90
7020. 00. 96. 99
Ex7020. 00. 96. 90
7020. 00. 99. 10
Ex7020. 00. 99. 00
7020. 00. 99. 90
Ex7020. 00. 99. 00
7101. 10. 10. 00
Ex7101. 10. 00. 00
7101. 10. 90. 10
Ex7101. 10. 00. 00
Page 145
--- Page 147 (parsed text) --Table de concordance 2017-2022
Codification 2017
Codification 2022
7101. 10. 90. 90
Ex7101. 10. 00. 00
7101. 21. 10. 00
Ex7101. 21. 00. 00
7101. 21. 90. 00
Ex7101. 21. 00. 00
7101. 22. 10. 00
Ex7101. 22. 00. 00
7101. 22. 90. 00
Ex7101. 22. 00. 00
7102. 10. 00. 11
Ex7102. 10. 00. 10
7102. 10. 00. 19
Ex7102. 10. 00. 10
7103. 10. 00. 10
Ex7103. 10. 00. 00
7103. 10. 00. 90
Ex7103. 10. 00. 00
7104. 20. 00. 00
7104. 21. 00. 00
7104. 29. 00. 00
7104. 90. 00. 10
Ex7104. 91. 00. 00
7104. 99. 00. 10
7104. 90. 00. 90
Ex7104. 91. 00. 00
7104. 99. 00. 90
7106. 92. 00. 10
Ex7106. 92. 00. 00
7106. 92. 00. 20
Ex7106. 92. 00. 00
7106. 92. 00. 30
Ex7106. 92. 00. 00
7106. 92. 00. 90
Ex7106. 92. 00. 00
7107. 00. 00. 10
Ex7107. 00. 00. 00
7107. 00. 00. 90
Ex7107. 00. 00. 00
7108. 13. 10. 00
7108. 13. 00. 10
7108. 13. 20. 00
Ex7108. 13. 00. 90
7108. 13. 30. 00
Ex7108. 13. 00. 90
7108. 13. 90. 00
Ex7108. 13. 00. 90
7108. 20. 00. 10
Ex7108. 20. 00. 00
7108. 20. 00. 90
Ex7108. 20. 00. 00
7110. 11. 00. 10
Ex7110. 11. 00. 00
7110. 11. 00. 90
Ex7110. 11. 00. 00
7110. 19. 00. 10
Ex7110. 19. 00. 00
7110. 19. 00. 20
Ex7110. 19. 00. 00
7110. 19. 00. 30
Ex7110. 19. 00. 00
7110. 19. 00. 90
Ex7110. 19. 00. 00
7112. 91. 11. 00
7112. 91. 12. 00
Ex8549. 21. 00. 00
Ex8549. 29. 00. 00
7112. 91. 19. 00
7112. 91. 18. 00
Ex8549. 21. 00. 00
Ex8549. 29. 00. 00
7112. 92. 11. 00
7112. 92. 12. 00
Ex8549. 21. 00. 00
Ex8549. 29. 00. 00
7112. 92. 19. 00
7112. 92. 18. 00
Ex8549. 21. 00. 00
Ex8549. 29. 00. 00
7112. 99. 10. 00
7112. 99. 15. 00
Ex8549. 21. 00. 00
Ex8549. 29. 00. 00
Page 146
--- Page 148 (parsed text) --Table de concordance 2017-2022
Codification 2017
Codification 2022
7112. 99. 21. 00
Ex7112. 99. 20. 00
Ex8549. 21. 00. 00
Ex8549. 29. 00. 00
7112. 99. 22. 00
Ex7112. 99. 20. 00
Ex8549. 21. 00. 00
Ex8549. 29. 00. 00
7112. 99. 23. 00
Ex7112. 99. 20. 00
Ex8549. 21. 00. 00
Ex8549. 29. 00. 00
7112. 99. 24. 00
Ex7112. 99. 20. 00
Ex8549. 21. 00. 00
Ex8549. 29. 00. 00
7112. 99. 25. 00
Ex7112. 99. 20. 00
Ex8549. 21. 00. 00
Ex8549. 29. 00. 00
7112. 99. 29. 00
Ex7112. 99. 20. 00
Ex8549. 21. 00. 00
Ex8549. 29. 00. 00
7112. 99. 90. 00
7112. 99. 80. 00
Ex8549. 21. 00. 00
Ex8549. 29. 00. 00
7113. 11. 00. 11
Ex7113. 11. 10. 00
7113. 11. 00. 19
Ex7113. 11. 10. 00
7113. 11. 00. 21
Ex7113. 11. 10. 00
7113. 11. 00. 29
Ex7113. 11. 10. 00
7113. 11. 00. 31
Ex7113. 11. 10. 00
7113. 11. 00. 39
Ex7113. 11. 10. 00
7113. 11. 00. 51
Ex7113. 11. 90. 00
7113. 11. 00. 59
Ex7113. 11. 90. 00
7113. 11. 00. 61
Ex7113. 11. 90. 00
7113. 11. 00. 69
Ex7113. 11. 90. 00
7113. 11. 00. 90
Ex7113. 11. 90. 00
7113. 19. 00. 11
Ex7113. 19. 10. 00
7113. 19. 00. 19
Ex7113. 19. 10. 00
7113. 19. 00. 21
Ex7113. 19. 10. 00
7113. 19. 00. 29
Ex7113. 19. 10. 00
7113. 19. 00. 40
Ex7113. 19. 10. 00
7113. 19. 00. 51
Ex7113. 19. 90. 00
7113. 19. 00. 59
Ex7113. 19. 90. 00
7113. 19. 00. 61
Ex7113. 19. 90. 00
7113. 19. 00. 69
Ex7113. 19. 90. 00
7113. 19. 00. 91
Ex7113. 19. 90. 00
7113. 19. 00. 99
Ex7113. 19. 90. 00
7113. 20. 00. 91
Ex7113. 20. 00. 90
7113. 20. 00. 99
Ex7113. 20. 00. 90
7114. 11. 00. 11
Ex7114. 11. 00. 00
7114. 11. 00. 19
Ex7114. 11. 00. 00
7114. 11. 00. 91
Ex7114. 11. 00. 00
Page 147
--- Page 149 (parsed text) --Table de concordance 2017-2022
Codification 2017
Codification 2022
7114. 11. 00. 99
Ex7114. 11. 00. 00
7114. 19. 00. 21
Ex7114. 19. 00. 90
7114. 19. 00. 29
Ex7114. 19. 00. 90
7114. 19. 00. 91
Ex7114. 19. 00. 90
7114. 19. 00. 99
Ex7114. 19. 00. 90
7114. 20. 00. 11
Ex7114. 20. 00. 10
7114. 20. 00. 19
Ex7114. 20. 00. 90
7114. 20. 00. 91
Ex7114. 20. 00. 10
7114. 20. 00. 99
Ex7114. 20. 00. 90
7115. 90. 10. 10
Ex7115. 90. 10. 00
7115. 90. 10. 20
Ex7115. 90. 10. 00
7115. 90. 10. 90
Ex7115. 90. 10. 00
7115. 90. 90. 10
Ex7115. 90. 90. 00
7115. 90. 90. 90
Ex7115. 90. 90. 00
7116. 10. 00. 10
Ex7116. 10. 00. 00
7116. 10. 00. 93
Ex7116. 10. 00. 00
7116. 10. 00. 99
Ex7116. 10. 00. 00
7116. 20. 00. 10
Ex7116. 20. 90. 00
7116. 20. 00. 21
7116. 20. 10. 11
7116. 20. 00. 29
7116. 20. 10. 19
7116. 20. 00. 90
Ex7116. 20. 90. 00
7117. 11. 10. 00
Ex7117. 11. 00. 00
7117. 11. 20. 00
Ex7117. 11. 00. 00
7117. 11. 90. 00
Ex7117. 11. 00. 00
7201. 10. 00. 10
Ex7201. 10. 00. 00
7201. 10. 00. 91
Ex7201. 10. 00. 00
7201. 10. 00. 99
Ex7201. 10. 00. 00
7201. 20. 00. 10
Ex7201. 20. 00. 00
7201. 20. 00. 90
Ex7201. 20. 00. 00
7201. 50. 00. 10
Ex7201. 50. 00. 00
7201. 50. 00. 91
Ex7201. 50. 00. 00
7201. 50. 00. 99
Ex7201. 50. 00. 00
7202. 99. 90. 10
Ex7202. 99. 90. 00
7202. 99. 90. 90
Ex7202. 99. 90. 00
7204. 10. 00. 10
Ex7204. 10. 00. 00
7204. 10. 00. 90
Ex7204. 10. 00. 00
7204. 21. 00. 12
Ex7204. 21. 00. 00
7204. 21. 00. 92
Ex7204. 21. 00. 00
7204. 29. 00. 12
Ex7204. 29. 00. 00
7204. 29. 00. 92
Ex7204. 29. 00. 00
7204. 30. 00. 12
Ex7204. 30. 00. 00
7204. 30. 00. 92
Ex7204. 30. 00. 00
7204. 41. 00. 10
Ex7204. 41. 00. 00
7204. 41. 00. 91
Ex7204. 41. 00. 00
7204. 41. 00. 93
Ex7204. 41. 00. 00
7204. 41. 00. 95
Ex7204. 41. 00. 00
7204. 41. 00. 99
Ex7204. 41. 00. 00
7204. 49. 00. 12
Ex7204. 49. 00. 00
Page 148
--- Page 150 (parsed text) --Table de concordance 2017-2022
Codification 2017
Codification 2022
7204. 49. 00. 92
Ex7204. 49. 00. 00
7204. 49. 00. 94
Ex7204. 49. 00. 00
7204. 49. 00. 96
Ex7204. 49. 00. 00
7204. 49. 00. 98
Ex7204. 49. 00. 00
7205. 10. 00. 10
Ex7205. 10. 00. 00
7205. 10. 00. 90
Ex7205. 10. 00. 00
7206. 10. 00. 10
Ex7206. 10. 00. 00
7206. 10. 00. 91
Ex7206. 10. 00. 00
7206. 10. 00. 99
Ex7206. 10. 00. 00
7206. 90. 00. 10
Ex7206. 90. 00. 00
7206. 90. 00. 90
Ex7206. 90. 00. 00
7207. 11. 00. 91
Ex7207. 11. 00. 90
7207. 11. 00. 99
Ex7207. 11. 00. 90
7207. 12. 00. 91
Ex7207. 12. 00. 90
7207. 12. 00. 99
Ex7207. 12. 00. 90
7207. 19. 00. 10
Ex7207. 19. 00. 00
7207. 19. 00. 90
Ex7207. 19. 00. 00
7207. 20. 00. 11
Ex7207. 20. 00. 10
Ex7207. 20. 00. 90
7207. 20. 00. 19
Ex7207. 20. 00. 10
Ex7207. 20. 00. 90
7207. 20. 00. 21
Ex7207. 20. 00. 10
Ex7207. 20. 00. 90
7207. 20. 00. 29
Ex7207. 20. 00. 10
Ex7207. 20. 00. 90
7207. 20. 00. 31
Ex7207. 20. 00. 10
Ex7207. 20. 00. 90
7207. 20. 00. 39
Ex7207. 20. 00. 10
Ex7207. 20. 00. 90
7207. 20. 00. 41
Ex7207. 20. 00. 10
Ex7207. 20. 00. 90
7207. 20. 00. 49
Ex7207. 20. 00. 10
Ex7207. 20. 00. 90
7207. 20. 00. 51
Ex7207. 20. 00. 10
7207. 20. 00. 59
Ex7207. 20. 00. 90
7207. 20. 00. 91
Ex7207. 20. 00. 10
7207. 20. 00. 99
Ex7207. 20. 00. 90
7208. 10. 00. 10
Ex7208. 10. 10. 00
Ex7208. 10. 90. 00
7208. 10. 00. 91
Ex7208. 10. 10. 00
7208. 10. 00. 99
Ex7208. 10. 90. 00
7208. 25. 00. 10
Ex7208. 25. 10. 00
Ex7208. 25. 90. 00
7208. 25. 00. 20
Ex7208. 25. 10. 00
Ex7208. 25. 90. 00
7208. 25. 00. 31
Ex7208. 25. 10. 00
7208. 25. 00. 39
Ex7208. 25. 10. 00
7208. 25. 00. 90
Ex7208. 25. 90. 00
Page 149
--- Page 151 (parsed text) --Table de concordance 2017-2022
Codification 2017
Codification 2022
7208. 26. 00. 10
Ex7208. 26. 10. 00
Ex7208. 26. 90. 00
7208. 26. 00. 20
Ex7208. 26. 10. 00
Ex7208. 26. 90. 00
7208. 26. 00. 31
Ex7208. 26. 10. 00
7208. 26. 00. 39
Ex7208. 26. 10. 00
7208. 26. 00. 90
Ex7208. 26. 90. 00
7208. 27. 00. 10
Ex7208. 27. 10. 00
Ex7208. 27. 90. 00
7208. 27. 00. 20
Ex7208. 27. 10. 00
Ex7208. 27. 90. 00
7208. 27. 00. 31
Ex7208. 27. 10. 00
7208. 27. 00. 39
Ex7208. 27. 10. 00
7208. 27. 00. 90
Ex7208. 27. 90. 00
7208. 36. 00. 10
Ex7208. 36. 10. 00
Ex7208. 36. 90. 00
7208. 36. 00. 20
Ex7208. 36. 10. 00
Ex7208. 36. 90. 00
7208. 36. 00. 31
Ex7208. 36. 10. 00
7208. 36. 00. 39
Ex7208. 36. 10. 00
7208. 36. 00. 90
Ex7208. 36. 90. 00
7208. 37. 90. 10
Ex7208. 37. 90. 30
Ex7208. 37. 90. 80
7208. 37. 90. 20
Ex7208. 37. 90. 30
Ex7208. 37. 90. 80
7208. 37. 90. 31
Ex7208. 37. 90. 30
7208. 37. 90. 39
Ex7208. 37. 90. 30
7208. 37. 90. 90
Ex7208. 37. 90. 80
7208. 38. 90. 10
Ex7208. 38. 90. 30
Ex7208. 38. 90. 80
7208. 38. 90. 20
Ex7208. 38. 90. 30
Ex7208. 38. 90. 80
7208. 38. 90. 31
Ex7208. 38. 90. 30
7208. 38. 90. 39
Ex7208. 38. 90. 30
7208. 38. 90. 90
Ex7208. 38. 90. 80
7208. 39. 90. 10
Ex7208. 39. 90. 30
Ex7208. 39. 90. 80
7208. 39. 90. 20
Ex7208. 39. 90. 30
Ex7208. 39. 90. 80
7208. 39. 90. 31
Ex7208. 39. 90. 30
7208. 39. 90. 39
Ex7208. 39. 90. 30
7208. 39. 90. 90
Ex7208. 39. 90. 80
7208. 40. 00. 10
Ex7208. 40. 10. 00
Ex7208. 40. 90. 00
7208. 40. 00. 91
Ex7208. 40. 10. 00
7208. 40. 00. 99
Ex7208. 40. 90. 00
7208. 51. 00. 10
Ex7208. 51. 00. 00
7208. 51. 00. 90
Ex7208. 51. 00. 00
Page 150
--- Page 152 (parsed text) --Table de concordance 2017-2022
Codification 2017
Codification 2022
7208. 52. 00. 10
Ex7208. 52. 10. 00
Ex7208. 52. 90. 00
7208. 52. 00. 91
Ex7208. 52. 10. 00
7208. 52. 00. 99
Ex7208. 52. 90. 00
7208. 53. 00. 10
Ex7208. 53. 00. 00
7208. 53. 00. 20
Ex7208. 53. 00. 00
7208. 53. 00. 90
Ex7208. 53. 00. 00
7208. 54. 00. 30
Ex7208. 54. 00. 99
7208. 54. 00. 41
Ex7208. 54. 00. 99
7208. 54. 00. 49
Ex7208. 54. 00. 99
7208. 54. 00. 90
Ex7208. 54. 00. 99
7208. 90. 20. 10
Ex7208. 90. 20. 00
7208. 90. 20. 90
Ex7208. 90. 20. 00
7208. 90. 90. 10
Ex7208. 90. 90. 00
7208. 90. 90. 90
Ex7208. 90. 90. 00
7209. 15. 00. 10
Ex7209. 15. 00. 00
7209. 15. 00. 90
Ex7209. 15. 00. 00
7209. 25. 00. 10
Ex7209. 25. 00. 00
7209. 25. 00. 90
Ex7209. 25. 00. 00
7210. 12. 91. 00
Ex7210. 12. 90. 00
7210. 12. 99. 00
Ex7210. 12. 90. 00
7210. 41. 10. 00
Ex7210. 41. 00. 00
7210. 41. 20. 00
Ex7210. 41. 00. 00
7210. 41. 90. 00
Ex7210. 41. 00. 00
7210. 49. 10. 00
Ex7210. 49. 00. 00
7210. 49. 20. 00
Ex7210. 49. 00. 00
7210. 49. 90. 00
Ex7210. 49. 00. 00
7210. 50. 10. 00
Ex7210. 50. 00. 00
7210. 50. 20. 00
Ex7210. 50. 00. 00
7210. 50. 90. 00
Ex7210. 50. 00. 00
7210. 61. 10. 00
Ex7210. 61. 00. 00
7210. 61. 20. 00
Ex7210. 61. 00. 00
7210. 61. 90. 00
Ex7210. 61. 00. 00
7210. 69. 10. 00
Ex7210. 69. 00. 00
7210. 69. 20. 00
Ex7210. 69. 00. 00
7210. 69. 90. 00
Ex7210. 69. 00. 00
7211. 13. 00. 51
Ex7211. 13. 00. 50
7211. 13. 00. 59
Ex7211. 13. 00. 50
7211. 23. 00. 21
Ex7211. 23. 00. 20
7211. 23. 00. 29
Ex7211. 23. 00. 20
7211. 23. 00. 52
Ex7211. 23. 00. 58
7211. 23. 00. 53
Ex7211. 23. 00. 58
7211. 23. 00. 54
Ex7211. 23. 00. 58
7211. 23. 00. 59
Ex7211. 23. 00. 58
7211. 29. 00. 31
Ex7211. 29. 00. 30
7211. 29. 00. 39
Ex7211. 29. 00. 30
7211. 29. 00. 61
Ex7211. 29. 00. 60
7211. 29. 00. 62
Ex7211. 29. 00. 60
Page 151
--- Page 153 (parsed text) --Table de concordance 2017-2022
Codification 2017
Codification 2022
7211. 29. 00. 63
Ex7211. 29. 00. 60
7211. 29. 00. 64
Ex7211. 29. 00. 60
7211. 29. 00. 69
Ex7211. 29. 00. 60
7211. 90. 20. 10
Ex7211. 90. 20. 00
7211. 90. 20. 20
Ex7211. 90. 20. 00
7211. 90. 20. 90
Ex7211. 90. 20. 00
7212. 20. 00. 21
Ex7212. 20. 00. 20
7212. 20. 00. 29
Ex7212. 20. 00. 20
7212. 20. 00. 30
Ex7212. 20. 00. 20
7212. 20. 00. 93
Ex7212. 20. 00. 97
7212. 20. 00. 99
Ex7212. 20. 00. 97
7212. 50. 31. 00
Ex7212. 50. 30. 00
7212. 50. 32. 00
Ex7212. 50. 30. 00
7212. 50. 33. 00
Ex7212. 50. 30. 00
7212. 50. 39. 00
Ex7212. 50. 30. 00
7212. 50. 61. 00
Ex7212. 50. 68. 00
7212. 50. 62. 00
Ex7212. 50. 68. 00
7212. 50. 69. 00
Ex7212. 50. 68. 00
7212. 60. 21. 00
Ex7212. 60. 20. 00
7212. 60. 29. 00
Ex7212. 60. 20. 00
7214. 10. 00. 11
Ex7214. 10. 00. 00
7214. 10. 00. 19
Ex7214. 10. 00. 00
7214. 10. 00. 90
Ex7214. 10. 00. 00
7214. 91. 00. 10
Ex7214. 91. 00. 00
7214. 91. 00. 90
Ex7214. 91. 00. 00
7215. 10. 10. 00
Ex7215. 10. 00. 00
7215. 10. 90. 00
Ex7215. 10. 00. 00
7215. 50. 21. 00
Ex7215. 50. 20. 00
7215. 50. 29. 00
Ex7215. 50. 20. 00
7216. 31. 00. 10
Ex7216. 31. 00. 00
7216. 31. 00. 90
Ex7216. 31. 00. 00
7216. 32. 00. 10
Ex7216. 32. 00. 00
7216. 32. 00. 90
Ex7216. 32. 00. 00
7216. 61. 10. 00
Ex7216. 61. 00. 00
7216. 61. 91. 00
Ex7216. 61. 00. 00
7216. 61. 99. 00
Ex7216. 61. 00. 00
7216. 69. 10. 00
Ex7216. 69. 00. 00
7216. 69. 91. 00
Ex7216. 69. 00. 00
7216. 69. 99. 00
Ex7216. 69. 00. 00
7216. 91. 21. 00
Ex7216. 91. 98. 00
7216. 91. 22. 00
Ex7216. 91. 98. 00
7216. 91. 29. 00
Ex7216. 91. 98. 00
7216. 91. 99. 10
Ex7216. 91. 98. 00
7216. 91. 99. 90
Ex7216. 91. 98. 00
7216. 99. 21. 00
Ex7216. 99. 98. 00
7216. 99. 29. 00
Ex7216. 99. 98. 00
7216. 99. 99. 10
Ex7216. 99. 98. 00
7216. 99. 99. 90
Ex7216. 99. 98. 00
Page 152
--- Page 154 (parsed text) --Table de concordance 2017-2022
Codification 2017
Codification 2022
7218. 10. 00. 10
Ex7218. 10. 00. 00
7218. 10. 00. 90
Ex7218. 10. 00. 00
7218. 91. 00. 10
Ex7218. 91. 00. 00
7218. 91. 00. 20
Ex7218. 91. 00. 00
7218. 91. 00. 91
Ex7218. 91. 00. 00
7218. 91. 00. 99
Ex7218. 91. 00. 00
7218. 99. 00. 10
Ex7218. 99. 00. 00
7218. 99. 00. 20
Ex7218. 99. 00. 00
7218. 99. 00. 91
Ex7218. 99. 00. 00
7218. 99. 00. 99
Ex7218. 99. 00. 00
7219. 90. 00. 10
Ex7219. 90. 00. 00
7219. 90. 00. 91
Ex7219. 90. 00. 00
7219. 90. 00. 99
Ex7219. 90. 00. 00
7220. 11. 00. 10
Ex7220. 11. 00. 00
7220. 11. 00. 20
Ex7220. 11. 00. 00
7220. 11. 00. 30
Ex7220. 11. 00. 00
7220. 11. 00. 90
Ex7220. 11. 00. 00
7220. 12. 00. 10
Ex7220. 12. 00. 00
7220. 12. 00. 20
Ex7220. 12. 00. 00
7220. 12. 00. 30
Ex7220. 12. 00. 00
7220. 12. 00. 90
Ex7220. 12. 00. 00
7220. 20. 00. 20
Ex7220. 20. 00. 80
7220. 20. 00. 90
Ex7220. 20. 00. 80
7220. 90. 00. 11
Ex7220. 90. 00. 00
7220. 90. 00. 19
Ex7220. 90. 00. 00
7220. 90. 00. 20
Ex7220. 90. 00. 00
7220. 90. 00. 30
Ex7220. 90. 00. 00
7220. 90. 00. 91
Ex7220. 90. 00. 00
7220. 90. 00. 99
Ex7220. 90. 00. 00
7222. 30. 00. 10
Ex7222. 30. 00. 00
7222. 30. 00. 21
Ex7222. 30. 00. 00
7222. 30. 00. 29
Ex7222. 30. 00. 00
7222. 30. 00. 30
Ex7222. 30. 00. 00
7222. 30. 00. 90
Ex7222. 30. 00. 00
7222. 40. 00. 12
Ex7222. 40. 00. 00
7222. 40. 00. 22
Ex7222. 40. 00. 00
7222. 40. 00. 33
Ex7222. 40. 00. 00
7222. 40. 00. 37
Ex7222. 40. 00. 00
7222. 40. 00. 43
Ex7222. 40. 00. 00
7222. 40. 00. 47
Ex7222. 40. 00. 00
7222. 40. 00. 60
Ex7222. 40. 00. 00
7222. 40. 00. 80
Ex7222. 40. 00. 00
7224. 10. 00. 10
Ex7224. 10. 00. 00
7224. 10. 00. 20
Ex7224. 10. 00. 00
7224. 10. 00. 91
Ex7224. 10. 00. 00
7224. 10. 00. 99
Ex7224. 10. 00. 00
7224. 90. 00. 10
Ex7224. 90. 00. 00
7224. 90. 00. 20
Ex7224. 90. 00. 00
Page 153
--- Page 155 (parsed text) --Table de concordance 2017-2022
Codification 2017
Codification 2022
7224. 90. 00. 30
Ex7224. 90. 00. 00
7224. 90. 00. 91
Ex7224. 90. 00. 00
7224. 90. 00. 92
Ex7224. 90. 00. 00
7224. 90. 00. 99
Ex7224. 90. 00. 00
7225. 11. 00. 11
Ex7225. 11. 00. 00
7225. 11. 00. 19
Ex7225. 11. 00. 00
7225. 11. 00. 91
Ex7225. 11. 00. 00
7225. 11. 00. 99
Ex7225. 11. 00. 00
7225. 19. 00. 11
Ex7225. 19. 00. 00
7225. 19. 00. 19
Ex7225. 19. 00. 00
7225. 19. 00. 91
Ex7225. 19. 00. 00
7225. 19. 00. 99
Ex7225. 19. 00. 00
7225. 30. 11. 00
Ex7225. 30. 10. 00
7225. 30. 12. 00
Ex7225. 30. 10. 00
7225. 30. 19. 00
Ex7225. 30. 10. 00
7225. 50. 10. 00
Ex7225. 50. 00. 00
7225. 50. 90. 00
Ex7225. 50. 00. 00
7225. 91. 90. 10
Ex7225. 91. 90. 00
7225. 91. 90. 91
Ex7225. 91. 90. 00
7225. 91. 90. 99
Ex7225. 91. 90. 00
7225. 92. 90. 10
Ex7225. 92. 90. 00
7225. 92. 90. 91
Ex7225. 92. 90. 00
7225. 92. 90. 99
Ex7225. 92. 90. 00
7225. 99. 10. 10
Ex7225. 99. 00. 00
7225. 99. 10. 91
Ex7225. 99. 00. 00
7225. 99. 10. 99
Ex7225. 99. 00. 00
7225. 99. 90. 10
Ex7225. 99. 00. 00
7225. 99. 90. 91
Ex7225. 99. 00. 00
7225. 99. 90. 99
Ex7225. 99. 00. 00
7226. 11. 00. 21
Ex7226. 11. 00. 20
7226. 11. 00. 29
Ex7226. 11. 00. 20
7226. 11. 00. 91
Ex7226. 11. 00. 90
7226. 11. 00. 99
Ex7226. 11. 00. 90
7226. 19. 00. 10
Ex7226. 19. 00. 00
7226. 19. 00. 21
Ex7226. 19. 00. 00
7226. 19. 00. 29
Ex7226. 19. 00. 00
7226. 19. 00. 31
Ex7226. 19. 00. 00
7226. 19. 00. 39
Ex7226. 19. 00. 00
7226. 19. 00. 40
Ex7226. 19. 00. 00
7226. 19. 00. 50
Ex7226. 19. 00. 00
7226. 19. 00. 91
Ex7226. 19. 00. 00
7226. 19. 00. 99
Ex7226. 19. 00. 00
7226. 20. 00. 11
Ex7226. 20. 00. 10
7226. 20. 00. 19
Ex7226. 20. 00. 10
7226. 20. 00. 21
Ex7226. 20. 00. 10
7226. 20. 00. 29
Ex7226. 20. 00. 10
7226. 20. 00. 30
Ex7226. 20. 00. 10
7226. 20. 00. 40
Ex7226. 20. 00. 10
Page 154
--- Page 156 (parsed text) --Table de concordance 2017-2022
Codification 2017
Codification 2022
7226. 20. 00. 91
Ex7226. 20. 00. 90
7226. 20. 00. 99
Ex7226. 20. 00. 90
7226. 91. 00. 10
Ex7226. 91. 00. 00
7226. 91. 00. 20
Ex7226. 91. 00. 00
7226. 91. 00. 91
Ex7226. 91. 00. 00
7226. 91. 00. 92
Ex7226. 91. 00. 00
7226. 91. 00. 99
Ex7226. 91. 00. 00
7226. 92. 00. 10
Ex7226. 92. 00. 00
7226. 92. 00. 91
Ex7226. 92. 00. 00
7226. 92. 00. 99
Ex7226. 92. 00. 00
7226. 99. 10. 00
Ex7226. 99. 00. 00
7226. 99. 20. 00
Ex7226. 99. 00. 00
7226. 99. 90. 11
Ex7226. 99. 00. 00
7226. 99. 90. 19
Ex7226. 99. 00. 00
7226. 99. 90. 20
Ex7226. 99. 00. 00
7226. 99. 90. 30
Ex7226. 99. 00. 00
7226. 99. 90. 91
Ex7226. 99. 00. 00
7226. 99. 90. 99
Ex7226. 99. 00. 00
7227. 90. 00. 10
Ex7227. 90. 00. 00
7227. 90. 00. 90
Ex7227. 90. 00. 00
7228. 10. 00. 10
Ex7228. 10. 00. 00
7228. 10. 00. 20
Ex7228. 10. 00. 00
7228. 10. 00. 30
Ex7228. 10. 00. 00
7228. 10. 00. 41
Ex7228. 10. 00. 00
7228. 10. 00. 49
Ex7228. 10. 00. 00
7228. 10. 00. 50
Ex7228. 10. 00. 00
7228. 10. 00. 90
Ex7228. 10. 00. 00
7228. 20. 10. 00
Ex7228. 20. 00. 00
7228. 20. 90. 10
Ex7228. 20. 00. 00
7228. 20. 90. 20
Ex7228. 20. 00. 00
7228. 20. 90. 30
Ex7228. 20. 00. 00
7228. 20. 90. 41
Ex7228. 20. 00. 00
7228. 20. 90. 49
Ex7228. 20. 00. 00
7228. 20. 90. 50
Ex7228. 20. 00. 00
7228. 20. 90. 90
Ex7228. 20. 00. 00
7228. 60. 10. 00
Ex7228. 60. 00. 00
7228. 60. 90. 11
Ex7228. 60. 00. 00
7228. 60. 90. 19
Ex7228. 60. 00. 00
7228. 60. 90. 90
Ex7228. 60. 00. 00
7228. 70. 00. 11
Ex7228. 70. 00. 00
7228. 70. 00. 19
Ex7228. 70. 00. 00
7228. 70. 00. 21
Ex7228. 70. 00. 00
7228. 70. 00. 22
Ex7228. 70. 00. 00
7228. 70. 00. 29
Ex7228. 70. 00. 00
7228. 70. 00. 31
Ex7228. 70. 00. 00
7228. 70. 00. 39
Ex7228. 70. 00. 00
7228. 70. 00. 41
Ex7228. 70. 00. 00
7228. 70. 00. 49
Ex7228. 70. 00. 00
Page 155
--- Page 157 (parsed text) --Table de concordance 2017-2022
Codification 2017
Codification 2022
7228. 70. 00. 90
Ex7228. 70. 00. 00
7229. 90. 00. 10
Ex7229. 90. 00. 00
7229. 90. 00. 90
Ex7229. 90. 00. 00
7302. 10. 90. 11
Ex7302. 10. 90. 10
7302. 10. 90. 19
Ex7302. 10. 90. 10
7302. 30. 10. 00
Ex7302. 30. 00. 00
7302. 30. 90. 00
Ex7302. 30. 00. 00
7302. 40. 10. 00
Ex7302. 40. 00. 00
7302. 40. 90. 00
Ex7302. 40. 00. 00
7304. 11. 10. 10
Ex7304. 11. 00. 00
7304. 11. 10. 90
Ex7304. 11. 00. 00
7304. 11. 91. 00
Ex7304. 11. 00. 00
7304. 11. 99. 00
Ex7304. 11. 00. 00
7304. 19. 10. 10
Ex7304. 19. 00. 00
7304. 19. 10. 90
Ex7304. 19. 00. 00
7304. 19. 91. 00
Ex7304. 19. 00. 00
7304. 19. 99. 00
Ex7304. 19. 00. 00
7304. 22. 10. 10
Ex7304. 22. 00. 00
7304. 22. 10. 90
Ex7304. 22. 00. 00
7304. 22. 91. 00
Ex7304. 22. 00. 00
7304. 22. 99. 00
Ex7304. 22. 00. 00
7304. 23. 10. 10
Ex7304. 23. 00. 00
7304. 23. 10. 90
Ex7304. 23. 00. 00
7304. 23. 91. 00
Ex7304. 23. 00. 00
7304. 23. 99. 00
Ex7304. 23. 00. 00
7304. 24. 10. 10
Ex7304. 24. 00. 00
7304. 24. 10. 90
Ex7304. 24. 00. 00
7304. 24. 91. 00
Ex7304. 24. 00. 00
7304. 24. 99. 00
Ex7304. 24. 00. 00
7304. 29. 20. 10
Ex7304. 29. 00. 00
7304. 29. 20. 90
Ex7304. 29. 00. 00
7304. 29. 92. 00
Ex7304. 29. 00. 00
7304. 29. 98. 00
Ex7304. 29. 00. 00
7304. 31. 20. 10
Ex7304. 31. 20. 00
7304. 31. 20. 90
Ex7304. 31. 20. 00
7304. 31. 31. 00
Ex7304. 31. 30. 00
7304. 31. 39. 00
Ex7304. 31. 30. 00
7304. 31. 40. 10
Ex7304. 31. 30. 00
7304. 31. 40. 90
Ex7304. 31. 30. 00
7304. 31. 91. 00
Ex7304. 31. 90. 00
7304. 31. 99. 00
Ex7304. 31. 90. 00
7304. 39. 20. 10
Ex7304. 39. 20. 00
7304. 39. 20. 90
Ex7304. 39. 20. 00
7304. 39. 31. 00
Ex7304. 39. 30. 00
7304. 39. 39. 00
Ex7304. 39. 30. 00
7304. 39. 40. 10
Ex7304. 39. 30. 00
7304. 39. 40. 90
Ex7304. 39. 30. 00
7304. 39. 91. 00
Ex7304. 39. 90. 00
Page 156
--- Page 158 (parsed text) --Table de concordance 2017-2022
Codification 2017
Codification 2022
7304. 39. 99. 00
Ex7304. 39. 90. 00
7304. 41. 20. 10
Ex7304. 41. 20. 00
7304. 41. 20. 90
Ex7304. 41. 20. 00
7304. 41. 31. 00
Ex7304. 41. 30. 00
7304. 41. 39. 00
Ex7304. 41. 30. 00
7304. 41. 40. 10
Ex7304. 41. 30. 00
7304. 41. 40. 90
Ex7304. 41. 30. 00
7304. 41. 91. 00
Ex7304. 41. 90. 00
7304. 41. 99. 00
Ex7304. 41. 90. 00
7304. 49. 20. 10
Ex7304. 49. 20. 00
7304. 49. 20. 90
Ex7304. 49. 20. 00
7304. 49. 31. 00
Ex7304. 49. 30. 00
7304. 49. 39. 00
Ex7304. 49. 30. 00
7304. 49. 40. 10
Ex7304. 49. 30. 00
7304. 49. 40. 90
Ex7304. 49. 30. 00
7304. 49. 91. 00
Ex7304. 49. 90. 00
7304. 49. 99. 00
Ex7304. 49. 90. 00
7304. 51. 20. 10
Ex7304. 51. 20. 00
7304. 51. 20. 90
Ex7304. 51. 20. 00
7304. 51. 31. 00
Ex7304. 51. 30. 00
7304. 51. 39. 00
Ex7304. 51. 30. 00
7304. 51. 40. 10
Ex7304. 51. 30. 00
7304. 51. 40. 90
Ex7304. 51. 30. 00
7304. 51. 91. 00
Ex7304. 51. 90. 00
7304. 51. 99. 00
Ex7304. 51. 90. 00
7304. 59. 20. 10
Ex7304. 59. 20. 00
7304. 59. 20. 90
Ex7304. 59. 20. 00
7304. 59. 31. 00
Ex7304. 59. 30. 00
7304. 59. 39. 00
Ex7304. 59. 30. 00
7304. 59. 40. 10
Ex7304. 59. 30. 00
7304. 59. 40. 90
Ex7304. 59. 30. 00
7304. 59. 91. 00
Ex7304. 59. 90. 00
7304. 59. 99. 00
Ex7304. 59. 90. 00
7304. 90. 10. 10
Ex7304. 90. 10. 00
7304. 90. 10. 90
Ex7304. 90. 10. 00
7304. 90. 21. 00
Ex7304. 90. 20. 00
7304. 90. 29. 00
Ex7304. 90. 20. 00
7304. 90. 40. 10
Ex7304. 90. 90. 00
7304. 90. 40. 90
Ex7304. 90. 90. 00
7304. 90. 91. 00
Ex7304. 90. 90. 00
7304. 90. 99. 00
Ex7304. 90. 90. 00
7305. 11. 10. 10
Ex7305. 11. 10. 00
7305. 11. 10. 90
Ex7305. 11. 10. 00
7305. 12. 10. 10
Ex7305. 12. 10. 00
7305. 12. 10. 90
Ex7305. 12. 10. 00
7305. 19. 10. 10
Ex7305. 19. 10. 00
7305. 19. 10. 90
Ex7305. 19. 10. 00
7305. 20. 10. 10
Ex7305. 20. 10. 00
Page 157
--- Page 159 (parsed text) --Table de concordance 2017-2022
Codification 2017
Codification 2022
7305. 20. 10. 90
Ex7305. 20. 10. 00
7305. 31. 20. 10
Ex7305. 31. 20. 00
7305. 31. 20. 90
Ex7305. 31. 20. 00
7305. 39. 20. 10
Ex7305. 39. 20. 00
7305. 39. 20. 90
Ex7305. 39. 20. 00
7305. 90. 20. 10
Ex7305. 90. 20. 00
7305. 90. 20. 90
Ex7305. 90. 20. 00
7307. 19. 21. 00
Ex7307. 19. 20. 00
7307. 19. 29. 00
Ex7307. 19. 20. 00
7307. 91. 21. 00
Ex7307. 91. 20. 00
7307. 91. 29. 00
Ex7307. 91. 20. 00
7307. 92. 21. 00
Ex7307. 92. 20. 00
7307. 92. 29. 00
Ex7307. 92. 20. 00
7307. 93. 21. 00
Ex7307. 93. 20. 00
7307. 93. 29. 00
Ex7307. 93. 20. 00
7307. 99. 21. 00
Ex7307. 99. 20. 00
7307. 99. 29. 00
Ex7307. 99. 20. 00
7310. 21. 91. 91
Ex7310. 21. 91. 90
7310. 21. 91. 99
Ex7310. 21. 91. 90
7310. 29. 10. 91
Ex7310. 29. 10. 90
7310. 29. 10. 99
Ex7310. 29. 10. 90
7314. 19. 90. 10
Ex7314. 19. 90. 00
7314. 19. 90. 90
Ex7314. 19. 90. 00
7314. 20. 00. 10
Ex7314. 20. 00. 00
7314. 20. 00. 90
Ex7314. 20. 00. 00
7314. 39. 00. 10
Ex7314. 39. 00. 00
7314. 39. 00. 90
Ex7314. 39. 00. 00
7315. 81. 00. 10
Ex7315. 81. 00. 00
7315. 81. 00. 90
Ex7315. 81. 00. 00
7315. 82. 00. 10
Ex7315. 82. 00. 00
7315. 82. 00. 90
Ex7315. 82. 00. 00
7317. 00. 10. 10
7317. 00. 20. 10
Ex9021. 10. 10. 21
Ex9021. 10. 90. 21
Ex9021. 29. 00. 31
Ex9021. 29. 00. 61
7317. 00. 10. 90
7317. 00. 20. 90
Ex9021. 10. 10. 21
Ex9021. 10. 90. 21
Ex9021. 29. 00. 31
Ex9021. 29. 00. 61
7317. 00. 90. 21
Ex7317. 00. 90. 45
Ex9021. 10. 10. 21
Ex9021. 10. 90. 21
Ex9021. 29. 00. 31
Ex9021. 29. 00. 61
7317. 00. 90. 29
Ex7317. 00. 90. 45
Ex9021. 10. 10. 21
Page 158
--- Page 160 (parsed text) --Table de concordance 2017-2022
Codification 2017
Codification 2022
Ex9021. 10. 90. 21
Ex9021. 29. 00. 31
Ex9021. 29. 00. 61
7317. 00. 90. 40
Ex7317. 00. 90. 45
Ex9021. 10. 10. 21
Ex9021. 10. 90. 21
Ex9021. 29. 00. 31
Ex9021. 29. 00. 61
7317. 00. 90. 50
7317. 00. 90. 55
Ex9021. 10. 10. 21
Ex9021. 10. 90. 21
Ex9021. 29. 00. 31
Ex9021. 29. 00. 61
7317. 00. 90. 60
Ex7317. 00. 90. 95
7317. 00. 90. 70
7317. 00. 90. 75
Ex9021. 10. 10. 21
Ex9021. 10. 90. 21
Ex9021. 29. 00. 31
Ex9021. 29. 00. 61
7317. 00. 90. 80
Ex7317. 00. 90. 95
Ex9021. 10. 10. 21
Ex9021. 10. 90. 21
Ex9021. 29. 00. 31
Ex9021. 29. 00. 61
7317. 00. 90. 90
Ex7317. 00. 90. 95
Ex9021. 10. 10. 21
Ex9021. 10. 90. 21
Ex9021. 29. 00. 31
Ex9021. 29. 00. 61
7318. 12. 90. 10
Ex7318. 12. 90. 00
7318. 12. 90. 90
Ex7318. 12. 90. 00
7318. 14. 10. 00
7318. 14. 20. 00
Ex9021. 10. 10. 10
Ex9021. 10. 90. 10
Ex9021. 29. 00. 20
Ex9021. 29. 00. 50
7318. 14. 90. 10
Ex7318. 14. 90. 00
Ex9021. 10. 10. 21
Ex9021. 10. 90. 21
Ex9021. 29. 00. 31
Ex9021. 29. 00. 61
7318. 14. 90. 90
Ex7318. 14. 90. 00
Ex9021. 10. 10. 21
Ex9021. 10. 90. 21
Ex9021. 29. 00. 31
Ex9021. 29. 00. 61
7318. 15. 10. 00
7318. 15. 20. 00
Ex9021. 10. 10. 10
Page 159
--- Page 161 (parsed text) --Table de concordance 2017-2022
Codification 2017
Codification 2022
Ex9021. 10. 90. 10
Ex9021. 29. 00. 20
Ex9021. 29. 00. 50
7318. 15. 90. 10
Ex7318. 15. 90. 00
Ex9021. 10. 10. 21
Ex9021. 10. 90. 21
Ex9021. 29. 00. 31
Ex9021. 29. 00. 61
7318. 15. 90. 90
Ex7318. 15. 90. 00
Ex9021. 10. 10. 21
Ex9021. 10. 90. 21
Ex9021. 29. 00. 31
Ex9021. 29. 00. 61
7318. 16. 10. 00
7318. 16. 15. 00
Ex9021. 10. 10. 10
Ex9021. 10. 90. 10
Ex9021. 29. 00. 20
Ex9021. 29. 00. 50
7318. 16. 80. 10
Ex7318. 16. 80. 00
Ex9021. 10. 10. 21
Ex9021. 10. 90. 21
Ex9021. 29. 00. 31
Ex9021. 29. 00. 61
7318. 16. 80. 90
Ex7318. 16. 80. 00
Ex9021. 10. 10. 21
Ex9021. 10. 90. 21
Ex9021. 29. 00. 31
Ex9021. 29. 00. 61
7318. 19. 10. 00
7318. 19. 20. 00
Ex9021. 10. 10. 10
Ex9021. 10. 90. 10
Ex9021. 29. 00. 20
Ex9021. 29. 00. 50
7318. 19. 90. 00
7318. 19. 80. 00
Ex9021. 10. 10. 21
Ex9021. 10. 90. 21
Ex9021. 29. 00. 31
Ex9021. 29. 00. 61
7318. 21. 90. 10
Ex7318. 21. 90. 00
7318. 21. 90. 90
Ex7318. 21. 90. 00
7318. 22. 10. 00
7318. 22. 20. 00
Ex9021. 10. 10. 10
Ex9021. 10. 90. 10
Ex9021. 29. 00. 20
Ex9021. 29. 00. 50
7318. 22. 90. 10
Ex7318. 22. 90. 00
Ex9021. 10. 10. 21
Ex9021. 10. 90. 21
Page 160
--- Page 162 (parsed text) --Table de concordance 2017-2022
Codification 2017
Codification 2022
Ex9021. 29. 00. 31
Ex9021. 29. 00. 61
7318. 22. 90. 90
Ex7318. 22. 90. 00
Ex9021. 10. 10. 21
Ex9021. 10. 90. 21
Ex9021. 29. 00. 31
Ex9021. 29. 00. 61
7318. 23. 21. 00
Ex7318. 23. 80. 00
7318. 23. 29. 00
Ex7318. 23. 80. 00
7318. 23. 91. 00
Ex7318. 23. 80. 00
7318. 23. 99. 00
Ex7318. 23. 80. 00
7318. 24. 10. 00
7318. 24. 20. 00
Ex9021. 10. 10. 10
Ex9021. 10. 90. 10
Ex9021. 29. 00. 20
Ex9021. 29. 00. 50
7318. 24. 90. 00
7318. 24. 80. 00
Ex9021. 10. 10. 21
Ex9021. 10. 90. 21
Ex9021. 29. 00. 31
Ex9021. 29. 00. 61
7318. 29. 10. 00
7318. 29. 15. 00
Ex9021. 10. 10. 10
Ex9021. 10. 90. 10
Ex9021. 29. 00. 20
Ex9021. 29. 00. 50
7318. 29. 80. 10
Ex7318. 29. 80. 00
Ex9021. 10. 10. 21
Ex9021. 10. 90. 21
Ex9021. 29. 00. 31
Ex9021. 29. 00. 61
7318. 29. 80. 90
Ex7318. 29. 80. 00
Ex9021. 10. 10. 21
Ex9021. 10. 90. 21
Ex9021. 29. 00. 31
Ex9021. 29. 00. 61
7323. 91. 00. 91
Ex7323. 91. 00. 90
7323. 91. 00. 99
Ex7323. 91. 00. 90
7323. 92. 00. 91
Ex7323. 92. 00. 90
7323. 92. 00. 99
Ex7323. 92. 00. 90
7323. 93. 00. 91
Ex7323. 93. 00. 90
7323. 93. 00. 99
Ex7323. 93. 00. 90
7323. 94. 00. 91
Ex7323. 94. 00. 90
7323. 94. 00. 99
Ex7323. 94. 00. 90
7323. 99. 90. 91
Ex7323. 99. 90. 90
7323. 99. 90. 99
Ex7323. 99. 90. 90
7324. 90. 90. 31
Ex7324. 90. 90. 30
7324. 90. 90. 39
Ex7324. 90. 90. 30
Page 161
--- Page 163 (parsed text) --Table de concordance 2017-2022
Codification 2017
Codification 2022
7324. 90. 90. 91
Ex7324. 90. 90. 90
7324. 90. 90. 99
Ex7324. 90. 90. 90
7325. 91. 10. 00
Ex7325. 91. 00. 00
7325. 91. 90. 00
Ex7325. 91. 00. 00
7325. 99. 21. 10
Ex7325. 99. 21. 00
7325. 99. 21. 90
Ex7325. 99. 21. 00
7325. 99. 29. 10
Ex7325. 99. 29. 00
7325. 99. 29. 90
Ex7325. 99. 29. 00
7326. 19. 10. 10
Ex7326. 19. 10. 00
7326. 19. 10. 90
Ex7326. 19. 10. 00
7326. 90. 11. 10
Ex7326. 90. 11. 00
7326. 90. 11. 90
Ex7326. 90. 11. 00
7326. 90. 19. 10
Ex7326. 90. 19. 00
7326. 90. 19. 90
Ex7326. 90. 19. 00
7402. 00. 00. 10
Ex7402. 00. 00. 00
7402. 00. 00. 90
Ex7402. 00. 00. 00
7403. 21. 00. 10
Ex7403. 21. 00. 00
7403. 21. 00. 90
Ex7403. 21. 00. 00
7403. 29. 10. 10
Ex7403. 29. 00. 00
7403. 29. 10. 90
Ex7403. 29. 00. 00
7403. 29. 90. 10
Ex7403. 29. 00. 00
7403. 29. 90. 20
Ex7403. 29. 00. 00
7403. 29. 90. 30
Ex7403. 29. 00. 00
7403. 29. 90. 90
Ex7403. 29. 00. 00
7404. 00. 00. 12
Ex7404. 00. 00. 00
7404. 00. 00. 93
Ex7404. 00. 00. 00
7404. 00. 00. 97
Ex7404. 00. 00. 00
7406. 20. 00. 10
Ex7406. 20. 00. 00
7406. 20. 00. 90
Ex7406. 20. 00. 00
7407. 10. 10. 21
Ex7407. 10. 10. 20
7407. 10. 10. 29
Ex7407. 10. 10. 20
7407. 10. 90. 11
Ex7407. 10. 90. 20
7407. 10. 90. 19
Ex7407. 10. 90. 20
7407. 10. 90. 21
Ex7407. 10. 90. 80
7407. 10. 90. 29
Ex7407. 10. 90. 80
7407. 10. 90. 91
Ex7407. 10. 90. 80
7407. 10. 90. 99
Ex7407. 10. 90. 80
7407. 21. 01. 10
Ex7407. 21. 10. 10
7407. 21. 01. 91
Ex7407. 21. 10. 10
7407. 21. 01. 99
Ex7407. 21. 10. 10
7407. 21. 11. 00
Ex7407. 21. 10. 10
7407. 21. 19. 10
Ex7407. 21. 10. 10
7407. 21. 19. 90
Ex7407. 21. 10. 10
7407. 21. 20. 10
Ex7407. 21. 10. 90
7407. 21. 20. 90
Ex7407. 21. 10. 90
7407. 21. 30. 00
Ex7407. 21. 45. 00
7407. 21. 41. 10
Ex7407. 21. 45. 00
7407. 21. 41. 90
Ex7407. 21. 45. 00
Page 162
--- Page 164 (parsed text) --Table de concordance 2017-2022
Codification 2017
Codification 2022
7407. 21. 49. 10
Ex7407. 21. 45. 00
7407. 21. 49. 90
Ex7407. 21. 45. 00
7407. 21. 50. 11
Ex7407. 21. 50. 10
7407. 21. 50. 11
Ex7407. 21. 50. 10
7407. 21. 71. 00
Ex7407. 21. 70. 00
7407. 21. 79. 00
Ex7407. 21. 70. 00
7407. 29. 02. 00
Ex7407. 29. 10. 00
7407. 29. 08. 00
Ex7407. 29. 10. 00
7407. 29. 13. 10
Ex7407. 29. 20. 00
7407. 29. 13. 91
Ex7407. 29. 20. 00
7407. 29. 13. 99
Ex7407. 29. 20. 00
7407. 29. 19. 00
Ex7407. 29. 20. 00
7407. 29. 22. 00
Ex7407. 29. 20. 00
7407. 29. 28. 10
Ex7407. 29. 20. 00
7407. 29. 28. 90
Ex7407. 29. 20. 00
7407. 29. 42. 10
Ex7407. 29. 40. 00
7407. 29. 42. 90
Ex7407. 29. 40. 00
7407. 29. 48. 10
Ex7407. 29. 40. 00
7407. 29. 48. 90
Ex7407. 29. 40. 00
7407. 29. 53. 11
Ex7407. 29. 90. 10
Ex7407. 29. 90. 20
Ex7407. 29. 90. 90
7407. 29. 53. 19
Ex7407. 29. 90. 10
Ex7407. 29. 90. 20
Ex7407. 29. 90. 90
7407. 29. 53. 91
Ex7407. 29. 90. 10
Ex7407. 29. 90. 20
Ex7407. 29. 90. 90
7407. 29. 53. 99
Ex7407. 29. 90. 10
Ex7407. 29. 90. 20
Ex7407. 29. 90. 90
7407. 29. 59. 00
Ex7407. 29. 90. 10
Ex7407. 29. 90. 20
Ex7407. 29. 90. 90
7407. 29. 60. 10
Ex7407. 29. 90. 10
Ex7407. 29. 90. 20
Ex7407. 29. 90. 90
7407. 29. 60. 90
Ex7407. 29. 90. 10
Ex7407. 29. 90. 20
Ex7407. 29. 90. 90
7407. 29. 72. 00
Ex7407. 29. 90. 10
7407. 29. 78. 00
Ex7407. 29. 90. 20
7407. 29. 80. 10
Ex7407. 29. 90. 10
Ex7407. 29. 90. 20
Ex7407. 29. 90. 90
7407. 29. 80. 90
Ex7407. 29. 90. 10
Ex7407. 29. 90. 20
Ex7407. 29. 90. 90
Page 163
--- Page 165 (parsed text) --Table de concordance 2017-2022
Codification 2017
Codification 2022
7407. 29. 92. 00
Ex7407. 29. 90. 10
7407. 29. 98. 00
Ex7407. 29. 90. 20
7408. 21. 21. 10
Ex7408. 21. 21. 00
7408. 21. 21. 90
Ex7408. 21. 21. 00
7408. 21. 29. 10
Ex7408. 21. 29. 00
7408. 21. 29. 90
Ex7408. 21. 29. 00
7408. 21. 30. 11
Ex7408. 21. 30. 00
7408. 21. 30. 19
Ex7408. 21. 30. 00
7408. 21. 30. 91
Ex7408. 21. 30. 00
7408. 21. 30. 99
Ex7408. 21. 30. 00
7408. 22. 21. 10
Ex7408. 22. 21. 00
7408. 22. 21. 90
Ex7408. 22. 21. 00
7408. 22. 29. 10
Ex7408. 22. 29. 00
7408. 22. 29. 90
Ex7408. 22. 29. 00
7408. 22. 30. 11
Ex7408. 22. 30. 00
7408. 22. 30. 19
Ex7408. 22. 30. 00
7408. 22. 30. 91
Ex7408. 22. 30. 00
7408. 22. 30. 99
Ex7408. 22. 30. 00
7408. 29. 21. 10
Ex7408. 29. 20. 00
7408. 29. 21. 90
Ex7408. 29. 20. 00
7408. 29. 29. 10
Ex7408. 29. 29. 00
7408. 29. 29. 90
Ex7408. 29. 29. 00
7408. 29. 31. 11
Ex7408. 29. 30. 00
7408. 29. 31. 19
Ex7408. 29. 30. 00
7408. 29. 31. 91
Ex7408. 29. 30. 00
7408. 29. 31. 99
Ex7408. 29. 30. 00
7408. 29. 39. 00
Ex7408. 29. 30. 00
7409. 11. 00. 10
Ex7409. 11. 00. 00
7409. 11. 00. 90
Ex7409. 11. 00. 00
7409. 19. 00. 10
Ex7409. 19. 00. 00
7409. 19. 00. 90
Ex7409. 19. 00. 00
7409. 21. 00. 11
Ex7409. 21. 00. 00
7409. 21. 00. 19
Ex7409. 21. 00. 00
7409. 21. 00. 20
Ex7409. 21. 00. 00
7409. 21. 00. 91
Ex7409. 21. 00. 00
7409. 21. 00. 99
Ex7409. 21. 00. 00
7409. 29. 00. 11
Ex7409. 29. 00. 00
7409. 29. 00. 19
Ex7409. 29. 00. 00
7409. 29. 00. 20
Ex7409. 29. 00. 00
7409. 29. 00. 91
Ex7409. 29. 00. 00
7409. 29. 00. 99
Ex7409. 29. 00. 00
7409. 31. 00. 10
Ex7409. 31. 00. 00
7409. 31. 00. 91
Ex7409. 31. 00. 00
7409. 31. 00. 99
Ex7409. 31. 00. 00
7409. 39. 00. 10
Ex7409. 39. 00. 00
7409. 39. 00. 91
Ex7409. 39. 00. 00
7409. 39. 00. 99
Ex7409. 39. 00. 00
7409. 40. 00. 11
Ex7409. 40. 00. 00
Page 164
--- Page 166 (parsed text) --Table de concordance 2017-2022
Codification 2017
Codification 2022
7409. 40. 00. 19
Ex7409. 40. 00. 00
7409. 40. 00. 20
Ex7409. 40. 00. 00
7409. 40. 00. 91
Ex7409. 40. 00. 00
7409. 40. 00. 99
Ex7409. 40. 00. 00
7409. 90. 00. 11
Ex7409. 90. 00. 00
7409. 90. 00. 19
Ex7409. 90. 00. 00
7409. 90. 00. 20
Ex7409. 90. 00. 00
7409. 90. 00. 30
Ex7409. 90. 00. 00
7409. 90. 00. 91
Ex7409. 90. 00. 00
7409. 90. 00. 99
Ex7409. 90. 00. 00
7410. 12. 00. 10
Ex7410. 12. 00. 00
7410. 12. 00. 90
Ex7410. 12. 00. 00
7410. 22. 00. 10
Ex7410. 22. 00. 00
7410. 22. 00. 90
Ex7410. 22. 00. 00
7411. 21. 20. 10
Ex7411. 21. 20. 00
7411. 21. 20. 91
Ex7411. 21. 20. 00
7411. 21. 20. 99
Ex7411. 21. 20. 00
7411. 22. 20. 10
Ex7411. 22. 20. 00
7411. 22. 20. 91
Ex7411. 22. 20. 00
7411. 22. 20. 99
Ex7411. 22. 20. 00
7411. 22. 39. 10
Ex7411. 22. 39. 00
7411. 22. 39. 90
Ex7411. 22. 39. 00
7411. 22. 90. 10
Ex7411. 22. 90. 00
7411. 22. 90. 90
Ex7411. 22. 90. 00
7411. 29. 21. 10
Ex7411. 29. 21. 00
7411. 29. 21. 91
Ex7411. 29. 21. 00
7411. 29. 21. 99
Ex7411. 29. 21. 00
7411. 29. 29. 00
Ex7411. 29. 21. 00
7411. 29. 39. 10
Ex7411. 29. 39. 00
7411. 29. 39. 90
Ex7411. 29. 39. 00
7411. 29. 90. 10
Ex7411. 29. 90. 00
7411. 29. 90. 20
Ex7411. 29. 90. 00
7411. 29. 90. 90
Ex7411. 29. 90. 00
7412. 20. 00. 10
Ex7412. 20. 90. 99
7412. 20. 00. 20
Ex7412. 20. 90. 99
7412. 20. 00. 91
7412. 20. 10. 00
7412. 20. 00. 99
7412. 20. 90. 10
7412. 20. 90. 20
7412. 20. 90. 30
Ex7412. 20. 90. 99
7415. 33. 99. 10
Ex7415. 33. 99. 11
Ex7415. 33. 99. 12
Ex7415. 33. 99. 13
7415. 33. 99. 90
Ex7415. 33. 99. 11
Ex7415. 33. 99. 12
Ex7415. 33. 99. 13
7415. 39. 90. 10
Ex7415. 39. 90. 00
7415. 39. 90. 90
Ex7415. 39. 90. 00
Page 165
--- Page 167 (parsed text) --Table de concordance 2017-2022
Codification 2017
Codification 2022
7418. 10. 10. 10
Ex7418. 10. 00. 00
7418. 10. 10. 21
Ex7418. 10. 00. 00
7418. 10. 10. 29
Ex7418. 10. 00. 00
7418. 10. 10. 90
Ex7418. 10. 00. 00
7418. 10. 90. 11
Ex7418. 10. 00. 00
7418. 10. 90. 19
Ex7418. 10. 00. 00
7418. 10. 90. 21
Ex7418. 10. 00. 00
7418. 10. 90. 29
Ex7418. 10. 00. 00
7418. 10. 90. 31
Ex7418. 10. 00. 00
7418. 10. 90. 39
Ex7418. 10. 00. 00
7418. 10. 90. 90
Ex7418. 10. 00. 00
7418. 20. 90. 10
Ex7418. 20. 90. 00
7418. 20. 90. 90
Ex7418. 20. 90. 00
7419. 10. 00. 00
7419. 20. 10. 00
7419. 80. 10. 00
7419. 91. 10. 10
7419. 20. 20. 10
7419. 91. 10. 90
7419. 20. 20. 90
7419. 91. 20. 00
7419. 20. 30. 00
7419. 91. 30. 00
7419. 20. 40. 00
7419. 91. 40. 10
Ex7419. 20. 50. 00
7419. 91. 40. 90
Ex7419. 20. 50. 00
7419. 91. 90. 11
7419. 20. 90. 11
7419. 91. 90. 19
7419. 20. 90. 19
7419. 91. 90. 21
Ex7419. 20. 90. 90
7419. 91. 90. 29
Ex7419. 20. 90. 90
7419. 91. 90. 80
Ex7419. 20. 90. 90
7419. 99. 10. 10
7419. 80. 20. 10
7419. 99. 10. 90
7419. 80. 20. 90
7419. 99. 20. 00
7419. 80. 30. 00
7419. 99. 30. 00
7419. 80. 40. 00
7419. 99. 40. 10
Ex7419. 80. 50. 00
7419. 99. 40. 90
Ex7419. 80. 50. 00
7419. 99. 50. 00
7419. 80. 60. 00
7419. 99. 61. 11
Ex7419. 80. 70. 00
7419. 99. 61. 19
Ex7419. 80. 70. 00
7419. 99. 61. 90
Ex7419. 80. 70. 00
7419. 99. 69. 10
Ex7419. 80. 70. 00
7419. 99. 69. 91
Ex7419. 80. 70. 00
7419. 99. 69. 99
Ex7419. 80. 70. 00
7419. 99. 90. 11
7419. 80. 90. 11
7419. 99. 90. 19
7419. 80. 90. 19
7419. 99. 90. 21
Ex7419. 80. 90. 90
7419. 99. 90. 29
Ex7419. 80. 90. 90
7419. 99. 90. 30
7419. 80. 90. 20
7419. 99. 90. 40
Ex7419. 80. 90. 90
7419. 99. 90. 90
Ex7419. 80. 90. 90
7602. 00. 00. 11
Ex7602. 00. 00. 10
7602. 00. 00. 19
Ex7602. 00. 00. 10
Page 166
--- Page 168 (parsed text) --Table de concordance 2017-2022
Codification 2017
Codification 2022
7604. 21. 00. 11
Ex7604. 21. 00. 00
7604. 21. 00. 19
Ex7604. 21. 00. 00
7604. 21. 00. 90
Ex7604. 21. 00. 00
7605. 11. 00. 11
Ex7605. 11. 10. 00
7605. 11. 00. 19
Ex7605. 11. 10. 00
7605. 11. 00. 90
7605. 11. 90. 00
7605. 19. 90. 10
Ex7605. 19. 90. 00
7605. 19. 90. 90
Ex7605. 19. 90. 00
7605. 21. 00. 11
Ex7605. 21. 10. 00
7605. 21. 00. 19
Ex7605. 21. 10. 00
7605. 21. 00. 90
7605. 21. 90. 00
7605. 29. 90. 10
Ex7605. 29. 90. 00
7605. 29. 90. 90
Ex7605. 29. 90. 00
7606. 11. 10. 00
Ex7606. 11. 00. 00
7606. 11. 20. 00
Ex7606. 11. 00. 00
7606. 11. 31. 00
Ex7606. 11. 00. 00
7606. 11. 39. 00
Ex7606. 11. 00. 00
7606. 11. 40. 00
Ex7606. 11. 00. 00
7606. 11. 90. 00
Ex7606. 11. 00. 00
7606. 12. 10. 00
Ex7606. 12. 00. 00
7606. 12. 20. 00
Ex7606. 12. 00. 00
7606. 12. 31. 00
Ex7606. 12. 00. 00
7606. 12. 39. 00
Ex7606. 12. 00. 00
7606. 12. 40. 00
Ex7606. 12. 00. 00
7606. 12. 90. 00
Ex7606. 12. 00. 00
7606. 91. 10. 00
Ex7606. 91. 00. 90
7606. 91. 20. 10
Ex7606. 91. 00. 10
7606. 91. 20. 90
Ex7606. 91. 00. 10
7606. 91. 30. 00
Ex7606. 91. 00. 90
7606. 91. 41. 00
Ex7606. 91. 00. 90
7606. 91. 49. 00
Ex7606. 91. 00. 90
7606. 91. 50. 00
Ex7606. 91. 00. 90
7606. 91. 90. 00
Ex7606. 91. 00. 90
7606. 92. 10. 00
Ex7606. 92. 00. 90
7606. 92. 20. 10
Ex7606. 92. 00. 10
7606. 92. 20. 90
Ex7606. 92. 00. 10
7606. 92. 30. 00
Ex7606. 92. 00. 90
7606. 92. 41. 00
Ex7606. 92. 00. 90
7606. 92. 49. 00
Ex7606. 92. 00. 90
7606. 92. 50. 00
Ex7606. 92. 00. 90
7606. 92. 90. 00
Ex7606. 92. 00. 90
7607. 11. 00. 10
Ex7607. 11. 00. 00
7607. 11. 00. 90
Ex7607. 11. 00. 00
7607. 19. 10. 10
Ex7607. 19. 00. 00
7607. 19. 10. 90
Ex7607. 19. 00. 00
7607. 19. 90. 00
Ex7607. 19. 00. 00
7607. 20. 00. 11
Ex7607. 20. 00. 00
7607. 20. 00. 19
Ex7607. 20. 00. 00
Page 167
--- Page 169 (parsed text) --Table de concordance 2017-2022
Codification 2017
Codification 2022
7607. 20. 00. 20
Ex7607. 20. 00. 00
7607. 20. 00. 31
Ex7607. 20. 00. 00
7607. 20. 00. 39
Ex7607. 20. 00. 00
7607. 20. 00. 90
Ex7607. 20. 00. 00
7608. 10. 00. 10
Ex7608. 10. 00. 20
7608. 10. 00. 21
Ex7608. 10. 00. 20
7608. 10. 00. 29
Ex7608. 10. 00. 20
7608. 20. 00. 10
Ex7608. 20. 00. 20
7608. 20. 00. 21
Ex7608. 20. 00. 20
7608. 20. 00. 29
Ex7608. 20. 00. 20
7612. 90. 80. 91
Ex7612. 90. 80. 90
7612. 90. 80. 99
Ex7612. 90. 80. 90
7615. 10. 00. 11
Ex7615. 10. 00. 10
7615. 10. 00. 19
Ex7615. 10. 00. 10
7615. 10. 00. 30
Ex7615. 10. 00. 99
7615. 10. 00. 90
Ex7615. 10. 00. 99
7616. 91. 00. 10
Ex7616. 91. 00. 00
7616. 91. 00. 90
Ex7616. 91. 00. 00
7801. 10. 90. 10
Ex7801. 10. 90. 00
7801. 10. 90. 90
Ex7801. 10. 90. 00
7804. 11. 00. 10
Ex7804. 11. 00. 00
7804. 11. 00. 91
Ex7804. 11. 00. 00
7804. 11. 00. 99
Ex7804. 11. 00. 00
7804. 19. 00. 10
Ex7804. 19. 00. 00
7804. 19. 00. 91
Ex7804. 19. 00. 00
7804. 19. 00. 99
Ex7804. 19. 00. 00
7806. 00. 00. 21
Ex7806. 00. 00. 20
7806. 00. 00. 29
Ex7806. 00. 00. 20
7806. 00. 00. 30
Ex7806. 00. 00. 99
7806. 00. 00. 40
Ex7806. 00. 00. 99
7806. 00. 00. 90
Ex7806. 00. 00. 99
8007. 00. 00. 10
Ex8007. 00. 00. 80
8007. 00. 00. 60
Ex8007. 00. 00. 80
8007. 00. 00. 90
Ex8007. 00. 00. 80
8101. 99. 10. 00
Ex8101. 99. 00. 00
8101. 99. 20. 00
Ex8101. 99. 00. 00
8101. 99. 30. 00
Ex8101. 99. 00. 00
8101. 99. 90. 10
Ex8101. 99. 00. 00
8101. 99. 90. 20
Ex8101. 99. 00. 00
8101. 99. 90. 30
Ex8101. 99. 00. 00
8101. 99. 90. 40
Ex8101. 99. 00. 00
8101. 99. 90. 90
Ex8101. 99. 00. 00
8102. 99. 11. 00
Ex8102. 99. 00. 00
8102. 99. 19. 00
Ex8102. 99. 00. 00
8102. 99. 90. 10
Ex8102. 99. 00. 00
8102. 99. 90. 20
Ex8102. 99. 00. 00
8102. 99. 90. 30
Ex8102. 99. 00. 00
8102. 99. 90. 90
Ex8102. 99. 00. 00
Page 168
--- Page 170 (parsed text) --Table de concordance 2017-2022
Codification 2017
Codification 2022
8103. 90. 10. 10
Ex8103. 99. 00. 00
8103. 90. 10. 20
Ex8103. 99. 00. 00
8103. 90. 10. 30
Ex8103. 99. 00. 00
8103. 90. 10. 90
Ex8103. 99. 00. 00
8103. 90. 21. 00
Ex8103. 99. 00. 00
8103. 90. 29. 00
Ex8103. 99. 00. 00
8103. 90. 90. 10
Ex8103. 99. 00. 00
8103. 90. 90. 20
Ex8103. 99. 00. 00
8103. 90. 90. 30
Ex8103. 99. 00. 00
8103. 90. 90. 90
8103. 91. 00. 00
Ex8103. 99. 00. 00
8104. 20. 00. 10
Ex8104. 20. 00. 00
8104. 20. 00. 90
Ex8104. 20. 00. 00
8104. 90. 10. 10
Ex8104. 90. 00. 00
8104. 90. 10. 20
Ex8104. 90. 00. 00
8104. 90. 10. 90
Ex8104. 90. 00. 00
8104. 90. 21. 00
Ex8104. 90. 00. 00
8104. 90. 29. 00
Ex8104. 90. 00. 00
8104. 90. 90. 00
Ex8104. 90. 00. 00
8105. 90. 11. 00
Ex8105. 90. 00. 00
8105. 90. 19. 00
Ex8105. 90. 00. 00
8105. 90. 90. 00
Ex8105. 90. 00. 00
8106. 00. 10. 00
Ex8106. 10. 00. 00
8106. 90. 00. 10
8106. 00. 21. 00
Ex8106. 10. 00. 00
Ex8106. 90. 00. 90
8106. 00. 29. 00
Ex8106. 10. 00. 00
Ex8106. 90. 00. 90
8106. 00. 90. 00
Ex8106. 10. 00. 00
Ex8106. 90. 00. 90
8107. 20. 00. 00
Ex8112. 69. 00. 00
8107. 30. 00. 00
8112. 61. 00. 00
8107. 90. 11. 00
Ex8112. 69. 00. 00
8107. 90. 19. 00
Ex8112. 69. 00. 00
8107. 90. 90. 00
Ex8112. 69. 00. 00
8108. 90. 11. 00
8108. 90. 12. 00
Ex9021. 10. 10. 10
Ex9021. 10. 90. 10
Ex9021. 29. 00. 20
Ex9021. 29. 00. 50
8108. 90. 19. 00
8108. 90. 18. 00
Ex9021. 10. 10. 29
Ex9021. 10. 90. 29
Ex9021. 29. 00. 39
Ex9021. 29. 00. 69
8108. 90. 90. 00
8108. 90. 80. 00
Ex9021. 10. 10. 29
Ex9021. 10. 90. 29
Page 169
--- Page 171 (parsed text) --Table de concordance 2017-2022
Codification 2017
Codification 2022
Ex9021. 29. 00. 39
Ex9021. 29. 00. 69
8109. 20. 00. 00
8109. 21. 00. 00
8109. 29. 00. 00
8109. 30. 00. 00
8109. 31. 00. 00
8109. 39. 00. 00
8109. 90. 11. 00
Ex8109. 91. 00. 00
Ex8109. 99. 00. 00
8109. 90. 19. 00
Ex8109. 91. 00. 00
Ex8109. 99. 00. 00
8109. 90. 90. 00
Ex8109. 91. 00. 00
Ex8109. 99. 00. 00
8110. 90. 21. 00
Ex8110. 90. 00. 00
8110. 90. 29. 00
Ex8110. 90. 00. 00
8110. 90. 90. 00
Ex8110. 90. 00. 00
8111. 00. 10. 00
8111. 00. 00. 10
8111. 00. 21. 00
Ex8111. 00. 00. 90
8111. 00. 29. 00
Ex8111. 00. 00. 90
8111. 00. 90. 00
Ex8111. 00. 00. 90
8112. 19. 11. 00
Ex8112. 19. 00. 00
8112. 19. 19. 00
Ex8112. 19. 00. 00
8112. 19. 90. 10
Ex8112. 19. 00. 00
8112. 19. 90. 20
Ex8112. 19. 00. 00
8112. 19. 90. 90
Ex8112. 19. 00. 00
8112. 29. 21. 00
Ex8112. 29. 00. 00
8112. 29. 29. 00
Ex8112. 29. 00. 00
8112. 29. 90. 00
Ex8112. 29. 00. 00
8112. 59. 11. 00
Ex8112. 59. 00. 00
8112. 59. 19. 00
Ex8112. 59. 00. 00
8112. 59. 90. 00
Ex8112. 59. 00. 00
8112. 92. 00. 00
8112. 31. 00. 00
8112. 41. 00. 00
8112. 92. 00. 00
8112. 99. 12. 00
Ex8112. 39. 00. 00
Ex8112. 49. 00. 00
Ex8112. 99. 00. 10
8112. 99. 18. 00
Ex8112. 39. 00. 00
Ex8112. 49. 00. 00
Ex8112. 99. 00. 10
8112. 99. 80. 00
Ex8112. 39. 00. 00
Ex8112. 49. 00. 00
8112. 99. 00. 90
8113. 00. 10. 00
Ex8113. 00. 00. 00
8113. 00. 21. 00
Ex8113. 00. 00. 00
8113. 00. 29. 00
Ex8113. 00. 00. 00
8113. 00. 90. 00
Ex8113. 00. 00. 00
8201. 10. 10. 00
Ex8201. 10. 00. 10
Ex8201. 10. 00. 20
Page 170
--- Page 172 (parsed text) --Table de concordance 2017-2022
Codification 2017
Codification 2022
8201. 10. 20. 00
Ex8201. 10. 00. 20
8201. 10. 90. 00
Ex8201. 10. 00. 10
8201. 30. 00. 11
Ex8201. 30. 00. 00
8201. 30. 00. 19
Ex8201. 30. 00. 00
8201. 30. 00. 90
Ex8201. 30. 00. 00
8201. 50. 10. 00
Ex8201. 50. 00. 00
8201. 50. 20. 00
Ex8201. 50. 00. 00
8201. 50. 90. 00
Ex8201. 50. 00. 00
8201. 90. 10. 00
Ex8201. 90. 00. 90
8201. 90. 20. 00
8201. 90. 00. 10
8201. 90. 90. 10
Ex8201. 90. 00. 90
8201. 90. 90. 90
Ex8201. 90. 00. 90
8202. 10. 00. 10
Ex8202. 10. 00. 00
8202. 10. 00. 90
Ex8202. 10. 00. 00
8202. 31. 00. 10
Ex8202. 31. 00. 00
8202. 31. 00. 91
Ex8202. 31. 00. 00
8202. 31. 00. 99
Ex8202. 31. 00. 00
8202. 39. 00. 10
Ex8202. 39. 00. 00
8202. 39. 00. 90
Ex8202. 39. 00. 00
8202. 99. 00. 11
Ex8202. 99. 00. 00
8202. 99. 00. 19
Ex8202. 99. 00. 00
8202. 99. 00. 90
Ex8202. 99. 00. 00
8204. 20. 10. 10
Ex8204. 20. 00. 00
8204. 20. 10. 20
Ex8204. 20. 00. 00
8204. 20. 10. 90
Ex8204. 20. 00. 00
8204. 20. 90. 00
Ex8204. 20. 00. 00
8205. 59. 20. 00
Ex8205. 59. 80. 00
8205. 59. 40. 00
Ex8205. 59. 80. 00
8205. 59. 90. 00
Ex8205. 59. 80. 00
8205. 90. 00. 11
Ex8205. 90. 00. 00
8205. 90. 00. 12
Ex8205. 90. 00. 00
8205. 90. 00. 19
Ex8205. 90. 00. 00
8205. 90. 00. 90
Ex8205. 90. 00. 00
8207. 13. 00. 10
Ex8207. 13. 00. 00
8207. 13. 00. 90
Ex8207. 13. 00. 00
8207. 19. 10. 10
Ex8207. 19. 00. 00
8207. 19. 10. 90
Ex8207. 19. 00. 00
8207. 19. 20. 10
Ex8207. 19. 00. 00
8207. 19. 20. 90
Ex8207. 19. 00. 00
8207. 19. 90. 00
Ex8207. 19. 00. 00
8207. 20. 10. 00
Ex8207. 20. 00. 90
8207. 20. 90. 10
Ex8207. 20. 00. 90
8207. 20. 90. 20
8207. 20. 00. 10
8207. 20. 90. 90
Ex8207. 20. 00. 90
8207. 30. 10. 00
Ex8207. 30. 00. 90
8207. 30. 90. 11
8207. 30. 00. 10
8207. 30. 90. 19
Ex8207. 30. 00. 90
8207. 30. 90. 30
Ex8207. 30. 00. 90
Page 171
--- Page 173 (parsed text) --Table de concordance 2017-2022
Codification 2017
Codification 2022
8207. 30. 90. 90
Ex8207. 30. 00. 90
8207. 40. 10. 00
Ex8207. 40. 00. 00
8207. 40. 20. 00
Ex8207. 40. 00. 00
8207. 40. 90. 10
Ex8207. 40. 00. 00
8207. 40. 90. 90
Ex8207. 40. 00. 00
8207. 50. 11. 00
Ex8207. 50. 00. 90
8207. 50. 19. 00
Ex8207. 50. 00. 90
8207. 50. 20. 00
Ex8207. 50. 00. 90
8207. 50. 90. 11
8207. 50. 00. 10
8207. 50. 90. 19
Ex8207. 50. 00. 90
8207. 50. 90. 90
Ex8207. 50. 00. 90
8207. 60. 10. 00
Ex8207. 60. 00. 00
8207. 60. 20. 00
Ex8207. 60. 00. 00
8207. 60. 90. 10
Ex8207. 60. 00. 00
8207. 60. 90. 90
Ex8207. 60. 00. 00
8207. 70. 10. 00
Ex8207. 70. 00. 00
8207. 70. 20. 00
Ex8207. 70. 00. 00
8207. 70. 90. 11
Ex8207. 70. 00. 00
8207. 70. 90. 19
Ex8207. 70. 00. 00
8207. 70. 90. 90
Ex8207. 70. 00. 00
8207. 80. 11. 00
Ex8207. 80. 00. 00
8207. 80. 19. 00
Ex8207. 80. 00. 00
8207. 80. 20. 00
Ex8207. 80. 00. 00
8207. 80. 30. 00
Ex8207. 80. 00. 00
8207. 80. 90. 00
Ex8207. 80. 00. 00
8207. 90. 11. 00
Ex8207. 90. 00. 90
8207. 90. 19. 10
Ex8207. 90. 00. 90
8207. 90. 19. 20
Ex8207. 90. 00. 90
8207. 90. 19. 90
Ex8207. 90. 00. 90
8207. 90. 20. 00
Ex8207. 90. 00. 10
8207. 90. 31. 00
Ex8207. 90. 00. 90
8207. 90. 33. 00
Ex8207. 90. 00. 10
8207. 90. 39. 00
Ex8207. 90. 00. 90
8207. 90. 50. 00
Ex8207. 90. 00. 90
8207. 90. 90. 00
Ex8207. 90. 00. 90
8208. 10. 00. 10
Ex8208. 10. 00. 00
8208. 10. 00. 90
Ex8208. 10. 00. 00
8208. 20. 00. 10
Ex8208. 20. 00. 00
8208. 20. 00. 90
Ex8208. 20. 00. 00
8208. 30. 00. 10
Ex8208. 30. 00. 00
8208. 30. 00. 90
Ex8208. 30. 00. 00
8208. 40. 00. 10
Ex8208. 40. 00. 00
8208. 40. 00. 90
Ex8208. 40. 00. 00
8208. 90. 00. 10
Ex8208. 90. 00. 00
8208. 90. 00. 90
Ex8208. 90. 00. 00
8210. 00. 10. 00
Ex8210. 00. 00. 10
8210. 00. 90. 10
Ex8210. 00. 00. 90
8210. 00. 90. 20
Ex8210. 00. 00. 10
Page 172
--- Page 174 (parsed text) --Table de concordance 2017-2022
Codification 2017
Codification 2022
8210. 00. 90. 90
Ex8210. 00. 00. 90
8211. 91. 00. 10
Ex8211. 91. 00. 00
8211. 91. 00. 20
Ex8211. 91. 00. 00
8211. 91. 00. 30
Ex8211. 91. 00. 00
8211. 93. 00. 10
Ex8211. 93. 00. 00
8211. 93. 00. 20
Ex8211. 93. 00. 00
8211. 93. 00. 30
Ex8211. 93. 00. 00
8211. 93. 00. 40
Ex8211. 93. 00. 00
8211. 94. 00. 10
Ex8211. 94. 00. 00
8211. 94. 00. 90
Ex8211. 94. 00. 00
8211. 95. 00. 10
Ex8211. 95. 00. 00
8211. 95. 00. 20
Ex8211. 95. 00. 00
8211. 95. 00. 90
Ex8211. 95. 00. 00
8212. 10. 00. 10
Ex8212. 10. 00. 00
8212. 10. 00. 20
Ex8212. 10. 00. 00
8212. 10. 00. 90
Ex8212. 10. 00. 00
8212. 20. 10. 00
Ex8212. 20. 00. 00
8212. 20. 90. 00
Ex8212. 20. 00. 00
8212. 90. 11. 00
Ex8212. 90. 00. 00
8212. 90. 19. 00
Ex8212. 90. 00. 00
8212. 90. 20. 00
Ex8212. 90. 00. 00
8212. 90. 90. 10
Ex8212. 90. 00. 00
8212. 90. 90. 90
Ex8212. 90. 00. 00
8214. 10. 10. 10
Ex8214. 10. 10. 00
8214. 10. 10. 20
Ex8214. 10. 10. 00
8214. 10. 10. 90
Ex8214. 10. 10. 00
8214. 90. 10. 10
Ex8214. 90. 10. 00
8214. 90. 10. 20
Ex8214. 90. 10. 00
8214. 90. 10. 90
Ex8214. 90. 10. 00
8214. 90. 91. 00
Ex8214. 90. 90. 00
8214. 90. 92. 00
Ex8214. 90. 90. 00
8214. 90. 99. 10
Ex8214. 90. 90. 00
8214. 90. 99. 90
Ex8214. 90. 90. 00
8215. 91. 00. 11
Ex8215. 91. 00. 10
8215. 91. 00. 12
Ex8215. 91. 00. 10
8215. 91. 00. 19
Ex8215. 91. 00. 10
8215. 91. 00. 20
Ex8215. 91. 00. 90
8215. 91. 00. 91
Ex8215. 91. 00. 90
8215. 91. 00. 92
Ex8215. 91. 00. 90
8215. 91. 00. 99
Ex8215. 91. 00. 90
8215. 99. 00. 91
Ex8215. 99. 00. 90
8215. 99. 00. 92
Ex8215. 99. 00. 90
8215. 99. 00. 99
Ex8215. 99. 00. 90
8301. 10. 00. 10
Ex8301. 10. 00. 00
8301. 10. 00. 90
Ex8301. 10. 00. 00
8301. 20. 00. 10
Ex8301. 20. 00. 00
8301. 20. 00. 90
Ex8301. 20. 00. 00
8301. 30. 00. 11
Ex8301. 30. 00. 00
Page 173
--- Page 175 (parsed text) --Table de concordance 2017-2022
Codification 2017
Codification 2022
8301. 30. 00. 19
Ex8301. 30. 00. 00
8301. 30. 00. 91
Ex8301. 30. 00. 00
8301. 30. 00. 99
Ex8301. 30. 00. 00
8301. 40. 00. 11
Ex8301. 40. 00. 00
8301. 40. 00. 19
Ex8301. 40. 00. 00
8301. 40. 00. 91
Ex8301. 40. 00. 00
8301. 40. 00. 92
Ex8301. 40. 00. 00
8301. 40. 00. 99
Ex8301. 40. 00. 00
8302. 30. 11. 00
Ex8302. 30. 00. 00
8302. 30. 19. 00
Ex8302. 30. 00. 00
8302. 30. 90. 00
Ex8302. 30. 00. 00
8302. 41. 11. 00
Ex8302. 41. 90. 00
8302. 41. 19. 00
Ex8302. 41. 90. 00
8302. 41. 91. 00
Ex8302. 41. 90. 00
8302. 41. 92. 00
8302. 41. 12. 00
8302. 41. 99. 00
Ex8302. 41. 90. 00
8302. 42. 11. 00
Ex8302. 42. 00. 00
8302. 42. 19. 00
Ex8302. 42. 00. 00
8302. 42. 91. 00
Ex8302. 42. 00. 00
8302. 42. 99. 00
Ex8302. 42. 00. 00
8302. 49. 10. 00
Ex8302. 49. 00. 99
8302. 49. 21. 00
Ex8302. 49. 00. 99
8302. 49. 29. 00
Ex8302. 49. 00. 99
8302. 49. 30. 00
Ex8302. 49. 00. 99
8302. 49. 50. 00
Ex8302. 49. 00. 99
8302. 49. 91. 00
8302. 49. 00. 91
8302. 49. 92. 00
8302. 49. 00. 10
8302. 49. 98. 00
Ex8302. 49. 00. 99
8304. 00. 10. 11
Ex8304. 00. 10. 10
8304. 00. 10. 19
Ex8304. 00. 10. 10
8304. 00. 20. 00
Ex8304. 00. 90. 00
8304. 00. 91. 00
Ex8304. 00. 90. 00
8304. 00. 92. 00
Ex8304. 00. 90. 00
8304. 00. 99. 00
Ex8304. 00. 90. 00
8305. 20. 92. 00
Ex8305. 20. 98. 00
8305. 20. 99. 00
Ex8305. 20. 98. 00
8306. 10. 10. 00
Ex8306. 10. 00. 00
8306. 10. 90. 10
Ex8306. 10. 00. 00
8306. 10. 90. 90
Ex8306. 10. 00. 00
8306. 29. 00. 11
Ex8306. 29. 00. 00
8306. 29. 00. 12
Ex8306. 29. 00. 00
8306. 29. 00. 13
Ex8306. 29. 00. 00
8306. 29. 00. 19
Ex8306. 29. 00. 00
8306. 29. 00. 20
Ex8306. 29. 00. 00
8306. 29. 00. 31
Ex8306. 29. 00. 00
8306. 29. 00. 39
Ex8306. 29. 00. 00
8306. 29. 00. 90
Ex8306. 29. 00. 00
8308. 90. 10. 00
Ex8308. 90. 00. 90
Page 174
--- Page 176 (parsed text) --Table de concordance 2017-2022
Codification 2017
Codification 2022
8308. 90. 90. 10
8308. 90. 00. 10
8308. 90. 90. 90
Ex8308. 90. 00. 90
8309. 90. 00. 41
Ex8309. 90. 00. 40
8309. 90. 00. 49
Ex8309. 90. 00. 40
8310. 00. 10. 00
Ex8310. 00. 00. 00
8310. 00. 20. 00
Ex8310. 00. 00. 00
8310. 00. 30. 00
Ex8310. 00. 00. 00
8310. 00. 90. 10
Ex8310. 00. 00. 00
8310. 00. 90. 90
Ex8310. 00. 00. 00
8311. 20. 00. 10
Ex8311. 20. 00. 00
8311. 20. 00. 90
Ex8311. 20. 00. 00
8311. 30. 00. 10
Ex8311. 30. 00. 00
8311. 30. 00. 90
Ex8311. 30. 00. 00
8311. 90. 90. 10
Ex8311. 90. 90. 00
8311. 90. 90. 91
Ex8311. 90. 90. 00
8311. 90. 90. 99
Ex8311. 90. 90. 00
8401. 20. 10. 10
Ex8401. 20. 00. 00
8401. 20. 10. 20
Ex8401. 20. 00. 00
8401. 20. 10. 90
Ex8401. 20. 00. 00
8401. 20. 90. 10
Ex8401. 20. 00. 00
8401. 20. 90. 90
Ex8401. 20. 00. 00
8401. 30. 00. 10
Ex8401. 30. 00. 00
8401. 30. 00. 20
Ex8401. 30. 00. 00
8401. 30. 00. 90
Ex8401. 30. 00. 00
8402. 11. 00. 10
Ex8402. 11. 00. 00
8402. 11. 00. 20
Ex8402. 11. 00. 00
8402. 11. 00. 90
Ex8402. 11. 00. 00
8402. 19. 10. 10
Ex8402. 19. 10. 00
8402. 19. 10. 90
Ex8402. 19. 10. 00
8402. 19. 99. 30
Ex8402. 19. 99. 80
8402. 19. 99. 90
Ex8402. 19. 99. 80
8402. 90. 10. 00
Ex8402. 90. 00. 00
8402. 90. 91. 00
Ex8402. 90. 00. 00
8402. 90. 99. 00
Ex8402. 90. 00. 00
8403. 10. 00. 10
Ex8403. 10. 00. 00
8403. 10. 00. 90
Ex8403. 10. 00. 00
8403. 90. 00. 10
Ex8403. 90. 00. 00
8403. 90. 00. 90
Ex8403. 90. 00. 00
8405. 10. 00. 10
Ex8405. 10. 00. 00
8405. 10. 00. 90
Ex8405. 10. 00. 00
8407. 10. 10. 00
Ex8407. 10. 00. 00
8407. 10. 90. 00
Ex8407. 10. 00. 00
8407. 21. 10. 00
Ex8407. 21. 00. 00
8407. 21. 90. 00
Ex8407. 21. 00. 00
8407. 29. 00. 10
Ex8407. 29. 00. 00
8407. 29. 00. 90
Ex8407. 29. 00. 00
8407. 34. 21. 00
Ex8407. 34. 20. 00
8407. 34. 29. 00
Ex8407. 34. 20. 00
Page 175
--- Page 177 (parsed text) --Table de concordance 2017-2022
Codification 2017
Codification 2022
8407. 90. 00. 10
Ex8407. 90. 00. 00
8407. 90. 00. 90
Ex8407. 90. 00. 00
8408. 10. 90. 10
Ex8408. 10. 90. 00
8408. 10. 90. 90
Ex8408. 10. 90. 00
8409. 91. 11. 00
Ex8409. 91. 10. 00
8409. 91. 19. 00
Ex8409. 91. 10. 00
8409. 91. 30. 20
Ex8409. 91. 30. 80
8409. 91. 30. 90
Ex8409. 91. 30. 80
8409. 91. 49. 10
Ex8409. 91. 49. 00
8409. 91. 49. 90
Ex8409. 91. 49. 00
8409. 99. 11. 00
Ex8409. 99. 10. 00
8409. 99. 19. 00
Ex8409. 99. 10. 00
8409. 99. 41. 00
Ex8409. 99. 40. 00
8409. 99. 49. 00
Ex8409. 99. 40. 00
8412. 80. 20. 00
Ex8412. 80. 00. 00
8412. 80. 91. 00
Ex8412. 80. 00. 00
8412. 80. 99. 00
Ex8412. 80. 00. 00
8412. 90. 10. 00
Ex8412. 90. 00. 00
8412. 90. 90. 10
Ex8412. 90. 00. 00
8412. 90. 90. 20
Ex8412. 90. 00. 00
8412. 90. 90. 90
Ex8412. 90. 00. 00
8413. 20. 00. 10
Ex8413. 20. 00. 00
8413. 20. 00. 90
Ex8413. 20. 00. 00
8413. 40. 00. 11
Ex8413. 40. 00. 00
8413. 40. 00. 19
Ex8413. 40. 00. 00
8413. 40. 00. 90
Ex8413. 40. 00. 00
8413. 50. 90. 10
Ex8413. 50. 90. 00
8413. 50. 90. 91
Ex8413. 50. 90. 00
8413. 50. 90. 99
Ex8413. 50. 90. 00
8413. 60. 90. 11
Ex8413. 60. 90. 00
8413. 60. 90. 19
Ex8413. 60. 90. 00
8413. 60. 90. 91
Ex8413. 60. 90. 00
8413. 60. 90. 92
Ex8413. 60. 90. 00
8413. 60. 90. 99
Ex8413. 60. 90. 00
8413. 70. 29. 11
Ex8413. 70. 29. 00
8413. 70. 29. 19
Ex8413. 70. 29. 00
8413. 81. 90. 11
Ex8413. 81. 90. 00
8413. 81. 90. 19
Ex8413. 81. 90. 00
8413. 81. 90. 90
Ex8413. 81. 90. 00
8413. 91. 00. 10
8413. 91. 00. 00
8414. 30. 11. 00
Ex8414. 30. 10. 00
8414. 30. 19. 00
Ex8414. 30. 10. 00
8414. 40. 11. 00
Ex8414. 40. 00. 00
8414. 40. 19. 00
Ex8414. 40. 00. 00
8414. 40. 20. 00
Ex8414. 40. 00. 00
8414. 40. 90. 00
Ex8414. 40. 00. 00
8414. 59. 90. 10
Ex8414. 59. 90. 00
8414. 59. 90. 90
Ex8414. 59. 90. 00
Page 176
--- Page 178 (parsed text) --Table de concordance 2017-2022
Codification 2017
Codification 2022
8414. 60. 90. 00
8414. 60. 80. 00
Ex8414. 70. 00. 00
8414. 80. 21. 00
Ex8414. 80. 80. 00
8414. 80. 29. 00
Ex8414. 80. 80. 00
8414. 80. 30. 00
Ex8414. 80. 80. 00
8414. 80. 40. 00
Ex8414. 80. 80. 00
8414. 80. 90. 00
Ex8414. 80. 80. 00
Ex8414. 70. 00. 00
8414. 90. 10. 00
Ex8414. 90. 00. 90
8414. 90. 20. 00
Ex8414. 90. 00. 90
8414. 90. 30. 00
Ex8414. 90. 00. 90
8414. 90. 40. 00
Ex8414. 90. 00. 90
8414. 90. 50. 00
Ex8414. 90. 00. 90
8414. 90. 60. 00
Ex8414. 90. 00. 90
8414. 90. 70. 00
Ex8414. 90. 00. 90
8414. 90. 90. 00
Ex8414. 90. 00. 90
8415. 10. 00. 91
Ex8415. 10. 00. 98
8415. 10. 00. 93
Ex8415. 10. 00. 98
8415. 10. 00. 99
Ex8415. 10. 00. 98
8415. 83. 00. 10
Ex8415. 83. 00. 00
8415. 83. 00. 20
Ex8415. 83. 00. 00
8415. 83. 00. 30
Ex8415. 83. 00. 00
8415. 83. 00. 90
Ex8415. 83. 00. 00
8417. 10. 00. 10
Ex8417. 10. 00. 00
8417. 10. 00. 90
Ex8417. 10. 00. 00
8417. 20. 10. 00
Ex8417. 20. 00. 00
8417. 20. 90. 00
Ex8417. 20. 00. 00
8417. 80. 00. 10
Ex8417. 80. 00. 00
8417. 80. 00. 90
Ex8417. 80. 00. 00
8418. 10. 00. 11
Ex8418. 10. 00. 12
8418. 10. 00. 19
Ex8418. 10. 00. 18
8418. 10. 00. 30
Ex8418. 10. 00. 40
8418. 10. 00. 90
Ex8418. 10. 00. 80
8418. 30. 00. 11
Ex8418. 30. 00. 20
8418. 30. 00. 19
Ex8418. 30. 00. 20
8418. 40. 00. 11
Ex8418. 40. 00. 00
8418. 40. 00. 19
Ex8418. 40. 00. 00
8418. 40. 00. 30
Ex8418. 40. 00. 00
8418. 40. 00. 90
Ex8418. 40. 00. 00
8418. 50. 80. 11
Ex8418. 10. 00. 12
Ex8418. 50. 80. 20
8418. 50. 80. 17
Ex8418. 10. 00. 18
Ex8418. 50. 80. 20
8418. 50. 80. 40
Ex8418. 10. 00. 40
8418. 50. 80. 50
8418. 50. 80. 90
Ex8418. 10. 00. 80
8418. 50. 80. 80
8419. 11. 11. 00
Ex8419. 11. 00. 00
Page 177
--- Page 179 (parsed text) --Table de concordance 2017-2022
Codification 2017
Codification 2022
8419. 11. 19. 00
Ex8419. 11. 00. 00
8419. 11. 90. 00
Ex8419. 11. 00. 00
8419. 19. 11. 00
Ex8419. 12. 00. 00
8419. 19. 19. 00
Ex8419. 19. 00. 00
8419. 19. 91. 00
Ex8419. 12. 00. 00
8419. 19. 99. 00
Ex8419. 19. 00. 00
8419. 20. 10. 00
Ex8419. 20. 00. 00
8419. 20. 90. 00
Ex8419. 20. 00. 00
8419. 31. 00. 00
Ex8419. 33. 00. 00
8419. 34. 00. 00
8419. 32. 00. 00
Ex8419. 33. 00. 00
8419. 35. 00. 00
8419. 39. 00. 10
Ex8419. 39. 00. 00
8419. 39. 00. 90
Ex8419. 33. 00. 00
Ex8419. 39. 00. 00
8419. 40. 00. 10
Ex8419. 40. 00. 00
8419. 40. 00. 20
Ex8419. 40. 00. 00
8419. 40. 00. 30
Ex8419. 40. 00. 00
8419. 40. 00. 40
Ex8419. 40. 00. 00
8419. 40. 00. 50
Ex8419. 40. 00. 00
8419. 40. 00. 60
Ex8419. 40. 00. 00
8419. 40. 00. 70
Ex8419. 40. 00. 00
8419. 40. 00. 80
Ex8419. 40. 00. 00
8419. 40. 00. 90
Ex8419. 40. 00. 00
8419. 81. 10. 10
Ex8419. 81. 70. 00
8419. 81. 10. 90
Ex8419. 81. 70. 00
8419. 81. 30. 00
Ex8419. 81. 70. 00
8419. 81. 80. 00
Ex8419. 81. 70. 00
8419. 89. 00. 91
Ex8419. 89. 00. 90
8419. 89. 00. 92
Ex8419. 89. 00. 90
8419. 89. 00. 93
Ex8419. 89. 00. 90
8419. 89. 00. 94
Ex8419. 89. 00. 90
8419. 89. 00. 95
Ex8419. 89. 00. 90
8419. 89. 00. 96
Ex8419. 89. 00. 90
8419. 89. 00. 97
Ex8419. 89. 00. 90
8419. 89. 00. 98
Ex8419. 89. 00. 90
8419. 89. 00. 99
Ex8419. 89. 00. 90
8419. 90. 90. 10
Ex8419. 90. 90. 00
8419. 90. 90. 80
Ex8419. 90. 90. 00
8420. 10. 00. 11
Ex8420. 10. 00. 10
8420. 10. 00. 12
Ex8420. 10. 00. 10
8420. 10. 00. 19
Ex8420. 10. 00. 10
8420. 10. 00. 90
8420. 10. 00. 20
8420. 91. 00. 10
Ex8420. 91. 00. 00
8420. 91. 00. 90
Ex8420. 91. 00. 00
8421. 12. 00. 10
Ex8421. 12. 00. 30
8421. 12. 00. 20
Ex8421. 12. 00. 30
8421. 39. 10. 00
8421. 32. 00. 10
Page 178
--- Page 180 (parsed text) --Table de concordance 2017-2022
Codification 2017
Codification 2022
8421. 39. 00. 10
8421. 39. 90. 00
Ex8414. 70. 00. 00
8421. 32. 00. 90
8421. 39. 00. 90
8421. 99. 99. 00
8414. 90. 00. 10
8421. 99. 98. 00
8422. 11. 00. 10
Ex8422. 11. 00. 00
8422. 11. 00. 90
Ex8422. 11. 00. 00
8422. 19. 00. 10
Ex8422. 19. 00. 00
8422. 19. 00. 90
Ex8422. 19. 00. 00
8422. 90. 90. 10
Ex8422. 90. 90. 00
8422. 90. 90. 90
Ex8422. 90. 90. 00
8423. 81. 20. 00
Ex8423. 81. 00. 00
8423. 81. 81. 00
Ex8423. 81. 00. 00
8423. 81. 89. 00
Ex8423. 81. 00. 00
8423. 82. 20. 00
Ex8423. 82. 00. 00
8423. 82. 81. 00
Ex8423. 82. 00. 00
8423. 82. 89. 00
Ex8423. 82. 00. 00
8423. 90. 11. 00
Ex8423. 90. 00. 20
8423. 90. 19. 00
Ex8423. 90. 00. 20
8423. 90. 90. 00
8423. 90. 00. 10
8424. 90. 00. 10
Ex8424. 90. 00. 00
8424. 90. 00. 80
Ex8424. 90. 00. 00
8425. 31. 00. 10
Ex8425. 31. 00. 00
8425. 31. 00. 90
Ex8425. 31. 00. 00
8425. 39. 00. 10
Ex8425. 39. 00. 00
8425. 39. 00. 90
Ex8425. 39. 00. 00
8426. 12. 10. 00
Ex8426. 12. 00. 10
8426. 12. 90. 10
Ex8426. 12. 00. 20
8426. 12. 90. 21
Ex8426. 12. 00. 20
8426. 12. 90. 29
Ex8426. 12. 00. 20
8426. 12. 90. 31
Ex8426. 12. 00. 20
8426. 12. 90. 39
Ex8426. 12. 00. 20
8426. 12. 90. 90
Ex8426. 12. 00. 10
Ex8426. 12. 00. 20
8426. 20. 10. 10
Ex8426. 20. 00. 00
8426. 20. 10. 90
Ex8426. 20. 00. 00
8426. 20. 90. 00
Ex8426. 20. 00. 00
8426. 30. 10. 10
Ex8426. 30. 00. 00
8426. 30. 10. 90
Ex8426. 30. 00. 00
8426. 30. 90. 00
Ex8426. 30. 00. 00
8426. 41. 10. 00
Ex8426. 41. 00. 90
8426. 41. 90. 10
Ex8426. 41. 00. 10
8426. 41. 90. 21
Ex8426. 41. 00. 10
8426. 41. 90. 29
Ex8426. 41. 00. 10
8426. 41. 90. 31
Ex8426. 41. 00. 10
8426. 41. 90. 39
Ex8426. 41. 00. 10
8426. 41. 90. 90
Ex8426. 41. 00. 90
Page 179
--- Page 181 (parsed text) --Table de concordance 2017-2022
Codification 2017
Codification 2022
8426. 49. 10. 00
Ex8426. 49. 00. 00
8426. 49. 90. 00
Ex8426. 49. 00. 00
8427. 10. 00. 10
Ex8427. 10. 00. 00
8427. 10. 00. 91
Ex8427. 10. 00. 00
8427. 10. 00. 99
Ex8427. 10. 00. 00
8427. 20. 00. 10
Ex8427. 20. 00. 00
8427. 20. 00. 91
Ex8427. 20. 00. 00
8427. 20. 00. 99
Ex8427. 20. 00. 00
8427. 90. 10. 10
Ex8427. 90. 00. 00
8427. 90. 10. 90
Ex8427. 90. 00. 00
8427. 90. 90. 10
Ex8427. 90. 00. 00
8427. 90. 90. 90
Ex8427. 90. 00. 00
8428. 90. 10. 00
Ex8428. 90. 00. 00
8428. 90. 20. 00
Ex8428. 90. 00. 00
8428. 90. 35. 00
Ex8428. 90. 00. 00
8428. 90. 45. 00
Ex8428. 90. 00. 00
8428. 90. 50. 00
Ex8428. 90. 00. 00
8428. 90. 70. 10
Ex8428. 90. 00. 00
8428. 90. 70. 90
Ex8428. 90. 00. 00
8428. 90. 90. 00
8428. 70. 00. 00
Ex8428. 90. 00. 00
8429. 40. 00. 10
Ex8429. 40. 20. 00
8429. 40. 00. 20
Ex8429. 40. 20. 00
8429. 40. 00. 90
8429. 40. 10. 00
8429. 51. 10. 00
Ex8429. 51. 00. 00
8429. 51. 90. 00
Ex8429. 51. 00. 00
8429. 52. 10. 00
Ex8429. 52. 00. 00
8429. 52. 90. 00
Ex8429. 52. 00. 00
8429. 59. 10. 00
Ex8429. 59. 00. 00
8429. 59. 90. 00
Ex8429. 59. 00. 00
8430. 10. 10. 00
Ex8430. 10. 00. 00
8430. 10. 90. 00
Ex8430. 10. 00. 00
8430. 50. 00. 00
8430. 50. 00. 10
8430. 50. 00. 20
8430. 50. 00. 30
8430. 50. 00. 40
8430. 50. 00. 50
8430. 50. 00. 90
8430. 69. 00. 10
Ex8430. 69. 00. 00
8430. 69. 00. 90
Ex8430. 69. 00. 00
8431. 20. 00. 10
Ex8431. 20. 00. 30
8431. 20. 00. 20
Ex8431. 20. 00. 30
8431. 49. 11. 00
Ex8431. 49. 10. 00
8431. 49. 19. 00
Ex8431. 49. 10. 00
8431. 49. 22. 00
Ex8431. 49. 28. 00
8431. 49. 29. 00
Ex8431. 49. 28. 00
8431. 49. 30. 10
Ex8431. 49. 30. 00
8431. 49. 30. 90
Ex8431. 49. 30. 00
Page 180
--- Page 182 (parsed text) --Table de concordance 2017-2022
Codification 2017
Codification 2022
8432. 10. 90. 10
Ex8432. 10. 90. 00
8432. 10. 90. 20
Ex8432. 10. 90. 00
8432. 10. 90. 90
Ex8432. 10. 90. 00
8432. 29. 10. 00
Ex8432. 29. 00. 10
Ex8432. 29. 00. 20
8432. 29. 90. 11
Ex8432. 29. 00. 10
8432. 29. 90. 12
Ex8432. 29. 00. 90
8432. 29. 90. 19
Ex8432. 29. 00. 30
8432. 29. 90. 90
Ex8432. 29. 00. 10
Ex8432. 29. 00. 20
Ex8432. 29. 00. 30
Ex8432. 29. 00. 90
8432. 80. 10. 00
Ex8432. 80. 00. 90
8432. 80. 90. 10
8432. 80. 00. 10
8432. 80. 90. 20
8432. 80. 00. 20
8432. 80. 90. 31
Ex8432. 80. 00. 90
8432. 80. 90. 32
Ex8432. 80. 00. 90
8432. 80. 90. 33
Ex8432. 80. 00. 90
8432. 80. 90. 39
Ex8432. 80. 00. 90
8432. 80. 90. 90
Ex8432. 80. 00. 90
8432. 90. 90. 10
Ex8432. 90. 90. 00
8432. 90. 90. 20
Ex8432. 90. 90. 00
8432. 90. 90. 30
Ex8432. 90. 90. 00
8432. 90. 90. 90
Ex8432. 90. 90. 00
8433. 19. 00. 10
Ex8433. 19. 00. 00
8433. 19. 00. 90
Ex8433. 19. 00. 00
8433. 20. 00. 10
Ex8433. 20. 10. 00
8433. 20. 00. 21
Ex8433. 20. 10. 00
8433. 20. 00. 29
Ex8433. 20. 10. 00
8433. 20. 00. 30
8433. 20. 20. 00
8433. 20. 00. 90
Ex8433. 20. 10. 00
8433. 30. 00. 10
Ex8433. 30. 00. 00
8433. 30. 00. 90
Ex8433. 30. 00. 00
8433. 51. 00. 93
Ex8433. 51. 00. 90
8433. 51. 00. 95
Ex8433. 51. 00. 90
8433. 51. 00. 97
Ex8433. 51. 00. 90
8433. 59. 00. 10
Ex8433. 59. 00. 00
8433. 59. 00. 90
Ex8433. 59. 00. 00
8433. 60. 00. 10
Ex8433. 60. 00. 00
8433. 60. 00. 20
Ex8433. 60. 00. 00
8433. 60. 00. 30
Ex8433. 60. 00. 00
8433. 60. 00. 90
Ex8433. 60. 00. 00
8433. 90. 00. 10
Ex8433. 90. 00. 00
8433. 90. 00. 20
Ex8433. 90. 00. 00
8433. 90. 00. 31
Ex8433. 90. 00. 00
8433. 90. 00. 39
Ex8433. 90. 00. 00
8433. 90. 00. 41
Ex8433. 90. 00. 00
8433. 90. 00. 42
Ex8433. 90. 00. 00
Page 181
--- Page 183 (parsed text) --Table de concordance 2017-2022
Codification 2017
Codification 2022
8433. 90. 00. 43
Ex8433. 90. 00. 00
8433. 90. 00. 49
Ex8433. 90. 00. 00
8433. 90. 00. 90
Ex8433. 90. 00. 00
8436. 29. 10. 00
Ex8436. 29. 00. 00
8436. 29. 90. 00
Ex8436. 29. 00. 00
8438. 10. 10. 00
Ex8438. 10. 00. 10
8438. 10. 90. 00
Ex8438. 10. 00. 10
8438. 10. 00. 20
8438. 80. 11. 00
Ex8438. 80. 10. 00
8438. 80. 19. 00
Ex8438. 80. 10. 00
8438. 80. 90. 00
8438. 80. 80. 00
Ex8479. 20. 00. 00
8441. 80. 00. 00
8441. 80. 00. 00
Ex8485. 80. 00. 00
8441. 90. 10. 00
Ex8441. 90. 20. 00
8441. 90. 90. 00
Ex8441. 90. 20. 00
8441. 90. 80. 00
8442. 30. 10. 00
Ex8442. 30. 00. 10
8442. 30. 20. 10
Ex8442. 30. 00. 10
8442. 30. 20. 91
Ex8442. 30. 00. 10
8442. 30. 20. 99
Ex8442. 30. 00. 10
8442. 30. 80. 10
8442. 30. 00. 91
8442. 30. 80. 91
8442. 30. 00. 20
8442. 30. 80. 99
8442. 30. 00. 99
8442. 40. 10. 00
Ex8442. 40. 00. 00
8442. 40. 90. 00
Ex8442. 40. 00. 00
8442. 50. 00. 10
Ex8442. 50. 00. 00
8442. 50. 00. 20
Ex8442. 50. 00. 00
8442. 50. 00. 31
Ex8442. 50. 00. 00
8442. 50. 00. 39
Ex8442. 50. 00. 00
8442. 50. 00. 40
Ex8442. 50. 00. 00
8442. 50. 00. 50
Ex8442. 50. 00. 00
8442. 50. 00. 90
Ex8442. 50. 00. 00
8443. 14. 00. 91
Ex8443. 14. 00. 90
8443. 14. 00. 99
Ex8443. 14. 00. 90
8443. 15. 00. 91
Ex8443. 15. 00. 90
8443. 15. 00. 99
Ex8443. 15. 00. 90
8443. 16. 00. 91
Ex8443. 16. 00. 90
8443. 16. 00. 99
Ex8443. 16. 00. 90
8443. 19. 00. 20
Ex8443. 19. 00. 80
8443. 19. 00. 31
Ex8443. 19. 00. 80
8443. 19. 00. 39
Ex8443. 19. 00. 80
8443. 19. 00. 90
Ex8443. 19. 00. 80
8443. 32. 10. 00
8443. 32. 00. 11
8443. 32. 20. 00
8443. 32. 00. 20
8443. 32. 30. 10
Ex8443. 32. 00. 30
8443. 32. 30. 90
Ex8443. 32. 00. 30
8443. 32. 90. 00
8443. 32. 00. 12
Page 182
--- Page 184 (parsed text) --Table de concordance 2017-2022
Codification 2017
Codification 2022
8443. 32. 00. 19
8443. 32. 00. 90
8443. 39. 10. 00
8443. 39. 11. 00
8443. 39. 20. 00
8443. 39. 19. 00
8443. 39. 40. 10
Ex8443. 39. 40. 00
8443. 39. 40. 90
Ex8443. 39. 40. 00
8443. 39. 80. 10
Ex8443. 39. 90. 00
8443. 39. 80. 20
Ex8443. 39. 90. 00
8443. 39. 80. 90
Ex8443. 39. 90. 00
8443. 91. 10. 00
Ex8443. 91. 00. 00
8443. 91. 20. 00
Ex8443. 91. 00. 00
8443. 91. 30. 00
Ex8443. 91. 00. 00
8443. 91. 40. 00
Ex8443. 91. 00. 00
8443. 91. 50. 00
Ex8443. 91. 00. 00
8443. 91. 90. 00
Ex8443. 91. 00. 00
8443. 99. 80. 10
Ex8443. 99. 80. 85
8443. 99. 80. 20
Ex8443. 99. 80. 85
8443. 99. 80. 30
Ex8443. 99. 80. 85
8443. 99. 80. 40
Ex8443. 99. 80. 85
8443. 99. 80. 80
Ex8443. 99. 80. 85
8447. 20. 00. 99
8447. 20. 00. 92
8447. 20. 00. 93
8447. 20. 00. 98
8447. 90. 00. 10
Ex8447. 90. 00. 00
8447. 90. 00. 90
Ex8447. 90. 00. 00
8448. 11. 00. 10
Ex8448. 11. 00. 00
8448. 11. 00. 90
Ex8448. 11. 00. 00
8448. 33. 00. 10
Ex8448. 33. 00. 00
8448. 33. 00. 90
Ex8448. 33. 00. 00
8448. 49. 00. 10
Ex8448. 49. 00. 00
8448. 49. 00. 90
Ex8448. 49. 00. 00
8449. 00. 11. 00
Ex8449. 00. 10. 00
8449. 00. 19. 00
Ex8449. 00. 10. 00
8449. 00. 90. 11
Ex8449. 00. 20. 00
8449. 00. 90. 19
Ex8449. 00. 20. 00
8449. 00. 90. 91
8449. 00. 30. 00
8449. 00. 90. 99
8449. 00. 90. 00
8450. 12. 10. 10
Ex8450. 12. 10. 00
8450. 12. 10. 90
Ex8450. 12. 10. 00
8450. 19. 10. 10
Ex8450. 19. 10. 00
8450. 19. 10. 90
Ex8450. 19. 10. 00
8450. 90. 10. 10
Ex8450. 90. 10. 00
8450. 90. 10. 20
Ex8450. 90. 10. 00
8450. 90. 10. 30
Ex8450. 90. 10. 00
8450. 90. 10. 90
Ex8450. 90. 10. 00
8451. 30. 00. 10
Ex8451. 30. 00. 00
8451. 30. 00. 90
Ex8451. 30. 00. 00
8451. 80. 10. 00
Ex8451. 80. 00. 00
Page 183
--- Page 185 (parsed text) --Table de concordance 2017-2022
Codification 2017
Codification 2022
8451. 80. 90. 10
Ex8451. 80. 00. 00
8451. 80. 90. 90
Ex8451. 80. 00. 00
8453. 90. 00. 10
Ex8453. 90. 00. 00
8453. 90. 00. 90
Ex8453. 90. 00. 00
8454. 20. 00. 91
Ex8454. 20. 00. 20
8454. 20. 00. 99
Ex8454. 20. 00. 20
8455. 10. 00. 10
Ex8455. 10. 00. 00
8455. 10. 00. 90
Ex8455. 10. 00. 00
8455. 21. 00. 10
Ex8455. 21. 00. 00
8455. 21. 00. 90
Ex8455. 21. 00. 00
8455. 22. 00. 10
Ex8455. 22. 00. 00
8455. 22. 00. 90
Ex8455. 22. 00. 00
8456. 11. 00. 20
Ex8456. 11. 00. 80
8456. 11. 00. 90
Ex8456. 11. 00. 80
8456. 12. 00. 20
Ex8456. 12. 00. 80
8456. 12. 00. 90
Ex8456. 12. 00. 80
8456. 20. 00. 12
Ex8456. 20. 00. 10
8456. 20. 00. 18
Ex8456. 20. 00. 10
8456. 20. 00. 30
Ex8456. 20. 00. 70
8456. 20. 00. 80
Ex8456. 20. 00. 70
8456. 30. 00. 12
Ex8456. 30. 00. 10
8456. 30. 00. 18
Ex8456. 30. 00. 10
8456. 30. 00. 30
Ex8456. 30. 00. 70
8456. 30. 00. 80
Ex8456. 30. 00. 70
8456. 40. 00. 10
Ex8456. 40. 00. 00
8456. 40. 00. 90
Ex8456. 40. 00. 00
8456. 50. 00. 11
Ex8456. 50. 00. 10
8456. 50. 00. 19
Ex8456. 50. 00. 10
8456. 50. 00. 20
Ex8456. 50. 00. 80
8456. 50. 00. 90
Ex8456. 50. 00. 80
8456. 90. 00. 12
Ex8456. 90. 00. 10
8456. 90. 00. 18
Ex8456. 90. 00. 10
8456. 90. 00. 40
Ex8456. 90. 00. 80
8456. 90. 00. 90
Ex8456. 90. 00. 80
8457. 10. 00. 10
Ex8457. 10. 00. 20
Ex8457. 10. 00. 80
8457. 10. 00. 90
Ex8457. 10. 00. 20
Ex8457. 10. 00. 80
8457. 20. 00. 10
Ex8457. 20. 00. 00
8457. 20. 00. 90
Ex8457. 20. 00. 00
8457. 30. 00. 10
Ex8457. 30. 00. 00
8457. 30. 00. 90
Ex8457. 30. 00. 00
8458. 11. 10. 00
Ex8458. 11. 20. 00
Ex8458. 11. 80. 00
8458. 11. 90. 00
Ex8458. 11. 20. 00
Ex8458. 11. 80. 00
8458. 19. 10. 00
Ex8458. 19. 20. 00
Ex8458. 19. 80. 00
Page 184
--- Page 186 (parsed text) --Table de concordance 2017-2022
Codification 2017
Codification 2022
8458. 19. 90. 00
Ex8458. 19. 20. 00
Ex8458. 19. 80. 00
8458. 91. 10. 00
Ex8458. 91. 20. 00
Ex8458. 91. 80. 00
8458. 91. 90. 00
Ex8458. 91. 20. 00
Ex8458. 91. 80. 00
8458. 99. 10. 00
Ex8458. 99. 00. 00
8458. 99. 90. 10
Ex8458. 99. 00. 00
8458. 99. 90. 90
Ex8458. 99. 00. 00
8459. 51. 10. 00
Ex8459. 51. 00. 00
8459. 51. 90. 00
Ex8459. 51. 00. 00
8459. 59. 10. 00
Ex8459. 59. 00. 00
8459. 59. 90. 00
Ex8459. 59. 00. 00
8459. 61. 10. 00
Ex8459. 61. 00. 00
8459. 61. 90. 00
Ex8459. 61. 00. 00
8459. 69. 10. 00
Ex8459. 69. 00. 00
8459. 69. 90. 00
Ex8459. 69. 00. 00
8460. 12. 00. 10
Ex8460. 12. 00. 00
8460. 12. 00. 90
Ex8460. 12. 00. 00
8460. 19. 00. 10
Ex8460. 19. 00. 00
8460. 19. 00. 90
Ex8460. 19. 00. 00
8460. 22. 00. 10
Ex8460. 22. 00. 00
8460. 22. 00. 90
Ex8460. 22. 00. 00
8460. 23. 00. 10
Ex8460. 23. 00. 00
8460. 23. 00. 90
Ex8460. 23. 00. 00
8460. 24. 00. 10
Ex8460. 24. 00. 00
8460. 24. 00. 90
Ex8460. 24. 00. 00
8460. 29. 00. 10
Ex8460. 29. 00. 00
8460. 29. 00. 90
Ex8460. 29. 00. 00
8460. 31. 00. 10
Ex8460. 31. 00. 00
8460. 31. 00. 90
Ex8460. 31. 00. 00
8460. 39. 00. 10
Ex8460. 39. 00. 00
8460. 39. 00. 90
Ex8460. 39. 00. 00
8460. 40. 00. 11
Ex8460. 40. 00. 20
8460. 40. 00. 19
Ex8460. 40. 00. 80
8460. 40. 00. 91
Ex8460. 40. 00. 20
8460. 40. 00. 99
Ex8460. 40. 00. 80
8460. 90. 00. 12
Ex8460. 90. 00. 20
8460. 90. 00. 18
Ex8460. 90. 00. 80
8460. 90. 00. 92
Ex8460. 90. 00. 20
8460. 90. 00. 98
Ex8460. 90. 00. 80
8461. 20. 00. 90
8461. 20. 00. 20
8461. 30. 00. 10
Ex8461. 30. 00. 00
8461. 30. 00. 90
Ex8461. 30. 00. 00
8461. 40. 00. 10
Ex8461. 40. 10. 00
Ex8461. 40. 20. 00
8461. 40. 00. 90
Ex8461. 40. 10. 00
Ex8461. 40. 20. 00
Page 185
--- Page 187 (parsed text) --Table de concordance 2017-2022
Codification 2017
Codification 2022
8461. 50. 00. 10
Ex8461. 50. 10. 00
Ex8461. 50. 20. 00
8461. 50. 00. 90
Ex8461. 50. 10. 00
Ex8461. 50. 20. 00
8461. 90. 00. 11
Ex8461. 90. 00. 10
8461. 90. 00. 19
Ex8461. 90. 00. 10
8462. 10. 00. 10
8462. 11. 00. 10
8462. 19. 00. 10
Ex8462. 51. 00. 00
Ex8462. 61. 00. 10
Ex8462. 62. 00. 10
Ex8462. 63. 00. 10
Ex8462. 69. 00. 10
Ex8462. 90. 00. 10
8462. 10. 00. 90
8462. 11. 00. 90
8462. 19. 00. 90
Ex8462. 59. 00. 00
Ex8462. 61. 00. 90
Ex8462. 62. 00. 90
Ex8462. 63. 00. 90
Ex8462. 69. 00. 90
Ex8462. 90. 00. 90
8462. 21. 00. 00
Ex8462. 22. 00. 00
8462. 23. 00. 00
8462. 24. 00. 00
8462. 25. 00. 00
8462. 26. 00. 00
8462. 29. 00. 10
Ex8462. 51. 00. 00
Ex8462. 61. 00. 10
Ex8462. 62. 00. 10
Ex8462. 63. 00. 10
Ex8462. 69. 00. 10
Ex8462. 90. 00. 10
8462. 29. 00. 00
Ex8462. 22. 00. 00
8462. 29. 00. 90
Ex8462. 59. 00. 00
Ex8462. 61. 00. 90
Ex8462. 62. 00. 90
Ex8462. 63. 00. 90
Ex8462. 69. 00. 90
Ex8462. 90. 00. 90
8462. 31. 00. 00
Ex8462. 32. 00. 00
8462. 33. 00. 00
Ex8462. 51. 00. 00
Ex8462. 61. 00. 10
Ex8462. 62. 00. 10
Ex8462. 63. 00. 10
Page 186
--- Page 188 (parsed text) --Table de concordance 2017-2022
Codification 2017
Codification 2022
Ex8462. 69. 00. 10
Ex8462. 90. 00. 10
8462. 39. 00. 00
Ex8462. 32. 00. 00
8462. 39. 00. 00
Ex8462. 59. 00. 00
Ex8462. 61. 00. 90
Ex8462. 62. 00. 90
Ex8462. 63. 00. 90
Ex8462. 69. 00. 90
Ex8462. 90. 00. 90
8462. 41. 00. 00
Ex8462. 42. 00. 00
Ex8462. 51. 00. 00
Ex8462. 61. 00. 10
Ex8462. 62. 00. 10
Ex8462. 63. 00. 10
Ex8462. 69. 00. 10
Ex8462. 90. 00. 10
8462. 49. 00. 00
Ex8462. 49. 00. 00
Ex8462. 59. 00. 00
Ex8462. 61. 00. 90
Ex8462. 62. 00. 90
Ex8462. 63. 00. 90
Ex8462. 69. 00. 90
Ex8462. 90. 00. 90
8462. 91. 00. 10
Ex8462. 61. 00. 10
Ex8462. 90. 00. 10
8462. 91. 00. 90
Ex8462. 61. 00. 90
Ex8462. 90. 00. 90
8462. 99. 00. 11
Ex8462. 62. 00. 10
Ex8462. 63. 00. 10
Ex8462. 69. 00. 10
8462. 99. 00. 19
Ex8462. 62. 00. 90
Ex8462. 63. 00. 90
Ex8462. 69. 00. 90
8462. 99. 00. 90
Ex8462. 42. 00. 00
Ex8462. 49. 00. 00
Ex8462. 90. 00. 10
Ex8462. 90. 00. 90
8463. 90. 00. 11
Ex8463. 90. 00. 00
8463. 90. 00. 19
Ex8463. 90. 00. 00
8463. 90. 00. 90
Ex8463. 90. 00. 00
8485. 10. 00. 00
8465. 99. 00. 00
8465. 99. 00. 00
Ex8485. 80. 00. 00
8466. 94. 00. 00
8466. 94. 00. 00
Ex8485. 90. 00. 00
8467. 22. 00. 10
8467. 22. 90. 00
8467. 22. 00. 91
Ex8467. 22. 10. 00
Page 187
--- Page 189 (parsed text) --Table de concordance 2017-2022
Codification 2017
Codification 2022
8467. 22. 00. 99
Ex8467. 22. 10. 00
8467. 29. 10. 00
Ex8467. 29. 00. 10
8467. 29. 90. 10
Ex8467. 29. 00. 10
8467. 29. 90. 91
8467. 29. 00. 91
8467. 29. 90. 99
8467. 29. 00. 99
8470. 10. 10. 00
Ex8470. 10. 00. 00
8470. 10. 21. 00
Ex8470. 10. 00. 00
8470. 10. 29. 00
Ex8470. 10. 00. 00
8470. 10. 90. 00
Ex8470. 10. 00. 00
8470. 30. 00. 11
Ex8470. 30. 00. 00
8470. 30. 00. 19
Ex8470. 30. 00. 00
8470. 30. 00. 20
Ex8470. 30. 00. 00
8470. 30. 00. 91
Ex8470. 30. 00. 00
8470. 30. 00. 99
Ex8470. 30. 00. 00
8470. 90. 00. 10
Ex8470. 90. 00. 00
8470. 90. 00. 90
Ex8470. 90. 00. 00
8471. 30. 00. 11
Ex8471. 30. 00. 90
8471. 30. 00. 19
Ex8471. 30. 00. 90
8471. 30. 00. 91
Ex8471. 30. 00. 90
8471. 30. 00. 99
8471. 30. 00. 10
Ex8471. 30. 00. 90
8471. 41. 00. 11
Ex8471. 41. 00. 00
8471. 41. 00. 19
Ex8471. 41. 00. 00
8471. 41. 00. 91
Ex8471. 41. 00. 00
8471. 41. 00. 99
Ex8471. 41. 00. 00
8471. 49. 00. 11
Ex8471. 49. 00. 90
8471. 49. 00. 19
Ex8471. 49. 00. 10
Ex8471. 49. 00. 90
8471. 49. 00. 91
Ex8471. 49. 00. 90
8471. 49. 00. 99
Ex8471. 49. 00. 10
Ex8471. 49. 00. 90
8471. 50. 00. 11
Ex8471. 50. 00. 90
8471. 50. 00. 19
Ex8471. 50. 00. 10
Ex8471. 50. 00. 20
Ex8471. 50. 00. 90
8471. 50. 00. 91
Ex8471. 50. 00. 90
8471. 50. 00. 99
Ex8471. 50. 00. 10
Ex8471. 50. 00. 20
Ex8471. 50. 00. 90
8471. 60. 00. 12
Ex8471. 60. 00. 10
Ex8471. 60. 00. 20
Ex8471. 60. 00. 90
8471. 60. 00. 18
Ex8471. 60. 00. 10
Ex8471. 60. 00. 20
Ex8471. 60. 00. 90
8471. 60. 00. 92
Ex8471. 60. 00. 90
8471. 60. 00. 98
Ex8471. 60. 00. 90
8471. 70. 00. 11
Ex8471. 70. 00. 30
Page 188
--- Page 190 (parsed text) --Table de concordance 2017-2022
Codification 2017
Codification 2022
8471. 70. 00. 19
Ex8471. 70. 00. 30
8471. 70. 00. 91
Ex8471. 70. 00. 10
Ex8471. 70. 00. 21
Ex8471. 70. 00. 29
Ex8471. 70. 00. 40
Ex8471. 70. 00. 90
8471. 70. 00. 99
Ex8471. 70. 00. 10
Ex8471. 70. 00. 21
Ex8471. 70. 00. 29
Ex8471. 70. 00. 40
Ex8471. 70. 00. 90
8471. 80. 00. 11
Ex8471. 80. 00. 80
8471. 80. 00. 18
Ex8471. 80. 00. 21
Ex8471. 80. 00. 22
Ex8471. 80. 00. 23
Ex8471. 80. 00. 29
Ex8471. 80. 00. 80
8471. 80. 00. 91
Ex8471. 80. 00. 80
8471. 80. 00. 98
Ex8471. 80. 00. 21
Ex8471. 80. 00. 22
Ex8471. 80. 00. 23
Ex8471. 80. 00. 29
Ex8471. 80. 00. 80
8471. 90. 00. 11
Ex8471. 90. 00. 90
8471. 90. 00. 12
Ex8471. 90. 00. 90
8471. 90. 00. 13
Ex8471. 90. 00. 90
8471. 90. 00. 14
Ex8471. 90. 00. 90
8471. 90. 00. 19
Ex8471. 90. 00. 90
8471. 90. 00. 91
Ex8471. 90. 00. 90
8471. 90. 00. 92
Ex8471. 90. 00. 90
8471. 90. 00. 93
Ex8471. 90. 00. 90
8471. 90. 00. 94
Ex8471. 90. 00. 90
8471. 90. 00. 99
8471. 90. 00. 10
Ex8471. 90. 00. 90
8472. 90. 20. 10
Ex8472. 90. 20. 00
8472. 90. 20. 20
Ex8472. 90. 20. 00
8472. 90. 20. 31
Ex8472. 90. 20. 00
8472. 90. 20. 39
Ex8472. 90. 20. 00
8472. 90. 20. 91
Ex8472. 90. 20. 00
8472. 90. 20. 99
Ex8472. 90. 20. 00
8472. 90. 90. 20
Ex8472. 90. 90. 80
8472. 90. 90. 30
Ex8472. 90. 90. 80
8472. 90. 90. 90
Ex8472. 90. 90. 80
8473. 30. 00. 10
Ex8473. 30. 00. 20
Ex8473. 30. 00. 30
Ex8473. 30. 00. 80
8473. 30. 00. 90
Ex8473. 30. 00. 20
Ex8473. 30. 00. 30
Page 189
--- Page 191 (parsed text) --Table de concordance 2017-2022
Codification 2017
Codification 2022
Ex8473. 30. 00. 80
8473. 40. 00. 10
Ex8473. 40. 00. 00
8473. 40. 00. 70
Ex8473. 40. 00. 00
8474. 10. 20. 00
Ex8474. 10. 80. 00
8474. 10. 90. 00
Ex8474. 10. 80. 00
8475. 29. 00. 10
Ex8475. 29. 00. 00
Ex8485. 30. 00. 00
8475. 29. 00. 20
Ex8475. 29. 00. 00
Ex8485. 30. 00. 00
8475. 29. 00. 31
Ex8475. 29. 00. 00
Ex8485. 30. 00. 00
8475. 29. 00. 39
Ex8475. 29. 00. 00
Ex8485. 30. 00. 00
8475. 29. 00. 90
Ex8475. 29. 00. 00
Ex8485. 30. 00. 00
8475. 90. 00. 00
8475. 90. 00. 00
Ex8485. 90. 00. 00
8476. 89. 00. 10
Ex8476. 89. 00. 00
8476. 89. 00. 90
Ex8476. 89. 00. 00
8477. 51. 00. 10
Ex8477. 51. 00. 00
8477. 51. 00. 90
Ex8477. 51. 00. 00
8477. 80. 00. 00
8477. 80. 00. 00
8485. 20. 00. 00
8477. 90. 00. 90
8477. 90. 00. 80
Ex8485. 90. 00. 00
8479. 20. 00. 10
Ex8479. 20. 00. 00
8479. 20. 00. 90
Ex8479. 20. 00. 00
8479. 71. 00. 10
Ex8479. 71. 00. 00
8479. 71. 00. 90
Ex8479. 71. 00. 00
8479. 81. 00. 10
Ex8479. 81. 00. 00
8479. 81. 00. 91
Ex8479. 81. 00. 00
Ex8479. 83. 00. 00
8479. 81. 00. 99
Ex8479. 81. 00. 00
8479. 89. 10. 00
Ex8479. 89. 70. 00
8479. 89. 90. 00
Ex8479. 83. 00. 00
Ex8479. 89. 70. 00
Ex8485. 30. 00. 00
Ex8485. 80. 00. 00
8479. 90. 10. 00
Ex8479. 90. 00. 00
8479. 90. 90. 10
Ex8479. 90. 00. 00
8479. 90. 90. 20
Ex8479. 90. 00. 00
8479. 90. 90. 30
Ex8479. 90. 00. 00
8479. 90. 90. 40
Ex8479. 90. 00. 00
8479. 90. 90. 60
Ex8479. 90. 00. 00
8479. 90. 90. 80
Ex8479. 90. 00. 00
Ex8485. 90. 00. 00
8480. 20. 00. 10
Ex8480. 20. 00. 00
8480. 20. 00. 20
Ex8480. 20. 00. 00
Page 190
--- Page 192 (parsed text) --Table de concordance 2017-2022
Codification 2017
Codification 2022
8480. 20. 00. 30
Ex8480. 20. 00. 00
8480. 20. 00. 90
Ex8480. 20. 00. 00
8480. 30. 90. 10
Ex8480. 30. 90. 00
8480. 30. 90. 90
Ex8480. 30. 90. 00
8480. 50. 00. 10
Ex8480. 50. 00. 00
8480. 50. 00. 90
Ex8480. 50. 00. 00
8486. 20. 30. 10
Ex8486. 20. 30. 00
8486. 20. 30. 20
Ex8486. 20. 30. 00
8486. 20. 30. 90
Ex8486. 20. 30. 00
8486. 40. 10. 10
Ex8486. 40. 10. 00
8486. 40. 10. 20
Ex8486. 40. 10. 00
8486. 40. 10. 90
Ex8486. 40. 10. 00
8486. 90. 50. 00
Ex8486. 90. 80. 00
8486. 90. 60. 00
Ex8486. 90. 80. 00
8486. 90. 90. 00
Ex8486. 90. 80. 00
8487. 90. 92. 00
Ex8487. 90. 97. 20
8487. 90. 98. 10
Ex8487. 90. 97. 10
8487. 90. 98. 20
Ex8487. 90. 97. 10
8487. 90. 98. 31
Ex8487. 90. 97. 20
8487. 90. 98. 39
Ex8487. 90. 97. 20
8487. 90. 98. 50
Ex8487. 90. 97. 90
8487. 90. 98. 90
Ex8487. 90. 97. 90
8501. 10. 21. 00
Ex8501. 10. 80. 00
8501. 10. 29. 00
Ex8501. 10. 80. 00
8501. 10. 91. 00
Ex8501. 10. 80. 00
8501. 10. 99. 00
Ex8501. 10. 80. 00
8501. 20. 10. 10
Ex8501. 20. 00. 00
8501. 20. 10. 90
Ex8501. 20. 00. 00
8501. 20. 90. 00
Ex8501. 20. 00. 00
8501. 31. 10. 10
Ex8501. 31. 10. 00
Ex8501. 71. 00. 00
8501. 31. 10. 90
Ex8501. 31. 10. 00
Ex8501. 72. 00. 00
8501. 31. 91. 00
Ex8501. 31. 90. 00
8501. 31. 99. 00
Ex8501. 31. 90. 00
Ex8501. 71. 00. 00
Ex8501. 72. 00. 00
8501. 32. 10. 00
8501. 32. 20. 00
Ex8501. 72. 00. 00
8501. 32. 92. 00
Ex8501. 32. 98. 00
8501. 32. 99. 00
Ex8501. 32. 98. 00
Ex8501. 72. 00. 00
8501. 33. 10. 00
8501. 33. 20. 00
Ex8501. 72. 00. 00
8501. 33. 90. 00
8501. 33. 80. 00
Ex8501. 72. 00. 00
8501. 34. 10. 00
Ex8501. 34. 00. 00
Ex8501. 72. 00. 00
Page 191
--- Page 193 (parsed text) --Table de concordance 2017-2022
Codification 2017
Codification 2022
8501. 34. 90. 00
Ex8501. 34. 00. 00
Ex8501. 72. 00. 00
8501. 40. 21. 00
Ex8501. 40. 80. 00
8501. 40. 29. 00
Ex8501. 40. 80. 00
8501. 40. 30. 00
Ex8501. 40. 80. 00
8501. 40. 91. 00
Ex8501. 40. 80. 00
8501. 40. 99. 00
Ex8501. 40. 80. 00
8501. 51. 11. 00
Ex8501. 51. 18. 00
8501. 51. 13. 00
Ex8501. 51. 18. 00
8501. 51. 19. 00
Ex8501. 51. 18. 00
8501. 52. 21. 00
Ex8501. 52. 30. 00
8501. 52. 29. 00
Ex8501. 52. 30. 00
8501. 52. 91. 00
Ex8501. 52. 80. 00
8501. 52. 99. 00
Ex8501. 52. 80. 00
8501. 53. 10. 00
Ex8501. 53. 00. 00
8501. 53. 91. 00
Ex8501. 53. 00. 00
8501. 53. 99. 00
Ex8501. 53. 00. 00
8501. 61. 00. 10
Ex8501. 61. 00. 00
Ex8501. 80. 00. 00
8501. 61. 00. 91
Ex8501. 61. 00. 00
8501. 61. 00. 99
Ex8501. 61. 00. 00
Ex8501. 80. 00. 00
8501. 62. 00. 10
Ex8501. 62. 00. 00
8501. 62. 00. 90
Ex8501. 62. 00. 00
Ex8501. 80. 00. 00
8501. 63. 10. 00
Ex8501. 63. 00. 00
8501. 63. 90. 00
Ex8501. 63. 00. 00
Ex8501. 80. 00. 00
8501. 64. 00. 10
Ex8501. 64. 00. 00
8501. 64. 00. 90
Ex8501. 64. 00. 00
Ex8501. 80. 00. 00
8502. 11. 00. 10
Ex8502. 11. 00. 00
8502. 11. 00. 91
Ex8502. 11. 00. 00
8502. 11. 00. 99
Ex8502. 11. 00. 00
8502. 20. 00. 10
Ex8502. 20. 00. 00
8502. 20. 00. 91
Ex8502. 20. 00. 00
8502. 20. 00. 99
Ex8502. 20. 00. 00
8502. 31. 00. 10
Ex8502. 31. 00. 00
8502. 31. 00. 91
Ex8502. 31. 00. 00
8502. 31. 00. 99
Ex8502. 31. 00. 00
8502. 39. 00. 10
Ex8502. 39. 00. 00
8502. 39. 00. 91
Ex8502. 39. 00. 00
8502. 39. 00. 99
Ex8502. 39. 00. 00
8503. 00. 21. 00
Ex8503. 00. 81. 00
Ex8503. 00. 82. 00
8503. 00. 22. 00
Ex8503. 00. 89. 00
8503. 00. 29. 00
Ex8503. 00. 89. 00
8503. 00. 90. 00
Ex8503. 00. 81. 00
Page 192
--- Page 194 (parsed text) --Table de concordance 2017-2022
Codification 2017
Codification 2022
Ex8503. 00. 82. 00
Ex8503. 00. 89. 00
8504. 10. 10. 00
Ex8504. 10. 00. 00
8504. 10. 91. 00
Ex8504. 10. 00. 00
8504. 10. 98. 00
Ex8504. 10. 00. 00
8504. 21. 81. 00
8504. 21. 92. 00
8504. 21. 89. 00
Ex8504. 21. 98. 00
8504. 21. 99. 00
Ex8504. 21. 98. 00
8504. 23. 81. 00
Ex8504. 23. 90. 00
8504. 23. 89. 00
Ex8504. 23. 90. 00
8504. 23. 99. 00
Ex8504. 23. 90. 00
8504. 31. 92. 00
8504. 31. 95. 00
8504. 31. 93. 00
Ex8504. 31. 97. 00
8504. 31. 98. 00
Ex8504. 31. 97. 00
8504. 32. 92. 00
Ex8504. 32. 97. 00
8504. 32. 98. 00
Ex8504. 32. 97. 00
8504. 33. 91. 00
Ex8504. 33. 80. 00
8504. 33. 99. 00
Ex8504. 33. 80. 00
8504. 34. 81. 00
Ex8504. 34. 90. 00
8504. 34. 89. 00
Ex8504. 34. 90. 00
8504. 34. 99. 00
Ex8504. 34. 90. 00
8504. 90. 20. 00
Ex8504. 90. 70. 00
8504. 90. 80. 10
Ex8504. 90. 70. 00
8504. 90. 80. 90
Ex8504. 90. 70. 00
8506. 10. 00. 10
Ex8506. 10. 00. 11
Ex8506. 10. 00. 19
Ex8506. 10. 00. 91
Ex8506. 10. 00. 99
8506. 10. 00. 90
Ex8506. 10. 00. 11
Ex8506. 10. 00. 19
Ex8506. 10. 00. 91
Ex8506. 10. 00. 99
8506. 30. 00. 10
Ex8506. 30. 00. 00
8506. 30. 00. 90
Ex8506. 30. 00. 00
8506. 40. 00. 10
Ex8506. 40. 00. 00
8506. 40. 00. 90
Ex8506. 40. 00. 00
8506. 50. 11. 00
8506. 50. 20. 00
8506. 50. 19. 00
Ex8506. 50. 80. 00
8506. 50. 90. 00
Ex8506. 50. 80. 00
8506. 60. 00. 10
Ex8506. 60. 00. 00
8506. 60. 00. 90
Ex8506. 60. 00. 00
8506. 80. 11. 00
8506. 80. 30. 00
8506. 80. 19. 00
Ex8506. 80. 80. 00
8506. 80. 20. 00
Ex8506. 80. 80. 00
8506. 80. 90. 10
Ex8506. 80. 80. 00
8506. 80. 90. 20
Ex8506. 80. 80. 00
8506. 80. 90. 30
Ex8506. 80. 80. 00
8506. 80. 90. 90
Ex8506. 80. 80. 00
Page 193
--- Page 195 (parsed text) --Table de concordance 2017-2022
Codification 2017
Codification 2022
8506. 90. 11. 00
Ex8506. 90. 20. 00
8506. 90. 19. 00
Ex8506. 90. 20. 00
8507. 10. 00. 10
8507. 10. 00. 11
8507. 10. 00. 19
8507. 30. 10. 00
8507. 30. 10. 10
8507. 30. 10. 90
8507. 40. 10. 00
Ex8507. 80. 15. 00
8507. 40. 90. 00
Ex8507. 80. 80. 00
8507. 80. 05. 00
Ex8507. 80. 15. 00
8507. 80. 98. 00
Ex8507. 80. 80. 00
8507. 90. 10. 00
Ex8507. 90. 40. 00
8507. 90. 21. 00
Ex8507. 90. 40. 00
8507. 90. 23. 00
Ex8507. 90. 40. 00
8507. 90. 29. 00
Ex8507. 90. 40. 00
8507. 90. 30. 00
Ex8507. 90. 40. 00
8508. 19. 10. 00
Ex8508. 19. 00. 00
8508. 19. 90. 00
Ex8508. 19. 00. 00
8508. 70. 10. 00
Ex8508. 70. 00. 00
8508. 70. 90. 00
Ex8508. 70. 00. 00
8509. 80. 00. 10
Ex8509. 80. 00. 00
8509. 80. 00. 20
Ex8509. 80. 00. 00
8509. 80. 00. 90
Ex8509. 80. 00. 00
8510. 10. 91. 00
Ex8510. 10. 80. 00
8510. 10. 99. 00
Ex8510. 10. 80. 00
8510. 90. 10. 00
Ex8510. 90. 00. 10
8510. 90. 20. 00
Ex8510. 90. 00. 10
8510. 90. 31. 00
Ex8510. 90. 00. 10
8510. 90. 32. 00
Ex8510. 90. 00. 10
8510. 90. 39. 00
Ex8510. 90. 00. 10
8510. 90. 91. 00
Ex8510. 90. 00. 90
8510. 90. 99. 00
Ex8510. 90. 00. 90
8511. 20. 00. 11
Ex8511. 20. 10. 00
8511. 20. 00. 19
Ex8511. 20. 10. 00
8511. 20. 00. 91
Ex8511. 20. 20. 00
8511. 20. 00. 99
Ex8511. 20. 20. 00
8511. 90. 10. 00
Ex8511. 90. 80. 00
8511. 90. 90. 00
Ex8511. 90. 80. 00
8512. 20. 00. 11
Ex8512. 20. 00. 00
8512. 20. 00. 19
Ex8512. 20. 00. 00
8512. 20. 00. 90
Ex8512. 20. 00. 00
8514. 10. 00. 10
8514. 11. 00. 10
8514. 10. 00. 80
8514. 11. 00. 90
8514. 19. 00. 00
8514. 30. 00. 10
Ex8514. 31. 00. 00
Ex8514. 32. 00. 00
Ex8514. 39. 00. 00
8514. 30. 00. 92
Ex8514. 31. 00. 00
Ex8514. 32. 00. 00
Page 194
--- Page 196 (parsed text) --Table de concordance 2017-2022
Codification 2017
Codification 2022
Ex8514. 39. 00. 00
8514. 30. 00. 98
Ex8514. 31. 00. 00
Ex8514. 32. 00. 00
Ex8514. 39. 00. 00
8514. 40. 00. 10
Ex8514. 40. 00. 00
8514. 40. 00. 90
Ex8514. 40. 00. 00
8515. 31. 00. 10
Ex8515. 31. 00. 00
8515. 31. 00. 90
Ex8515. 31. 00. 00
8515. 39. 00. 10
Ex8515. 39. 00. 00
8515. 39. 00. 90
Ex8515. 39. 00. 00
8515. 80. 00. 05
Ex8515. 80. 00. 00
8515. 80. 00. 22
Ex8515. 80. 00. 00
8515. 80. 00. 28
Ex8515. 80. 00. 00
8515. 80. 00. 80
Ex8515. 80. 00. 00
8516. 90. 10. 00
Ex8516. 90. 00. 00
8516. 90. 90. 00
Ex8516. 90. 00. 00
8517. 11. 00. 10
Ex8517. 11. 00. 30
8517. 11. 00. 20
Ex8517. 11. 00. 30
8517. 12. 00. 10
Ex8517. 13. 00. 00
Ex8517. 14. 00. 00
8517. 12. 00. 20
Ex8517. 13. 00. 00
Ex8517. 14. 00. 00
8517. 12. 00. 90
Ex8517. 13. 00. 00
Ex8517. 14. 00. 00
8517. 18. 00. 10
Ex8517. 18. 00. 00
8517. 18. 00. 20
Ex8517. 18. 00. 00
8517. 18. 00. 90
Ex8517. 18. 00. 00
8517. 70. 00. 10
8517. 79. 00. 10
8517. 70. 00. 90
8517. 71. 00. 00
8517. 79. 00. 90
8518. 30. 10. 00
Ex8518. 30. 00. 00
8518. 30. 90. 00
Ex8518. 30. 00. 00
8518. 50. 10. 00
Ex8518. 50. 00. 00
8518. 50. 90. 00
Ex8518. 50. 00. 00
8518. 90. 20. 00
Ex8518. 90. 80. 00
8518. 90. 90. 00
Ex8518. 90. 80. 00
8519. 20. 10. 00
Ex8519. 20. 00. 00
8519. 20. 90. 00
Ex8519. 20. 00. 00
8519. 30. 10. 00
Ex8519. 30. 00. 00
8519. 30. 90. 00
Ex8519. 30. 00. 00
8519. 50. 00. 00
Ex8519. 81. 00. 00
8519. 81. 11. 00
Ex8519. 81. 00. 00
8519. 81. 19. 10
Ex8519. 81. 00. 00
8519. 81. 19. 20
Ex8519. 81. 00. 00
8519. 81. 19. 91
Ex8519. 81. 00. 00
8519. 81. 19. 99
Ex8519. 81. 00. 00
8519. 81. 90. 10
Ex8519. 81. 00. 00
8519. 81. 90. 21
Ex8519. 81. 00. 00
Page 195
--- Page 197 (parsed text) --Table de concordance 2017-2022
Codification 2017
Codification 2022
8519. 81. 90. 29
Ex8519. 81. 00. 00
8519. 81. 90. 91
Ex8519. 81. 00. 00
8519. 81. 90. 99
Ex8519. 81. 00. 00
8519. 89. 10. 10
Ex8519. 89. 00. 00
8519. 89. 10. 20
Ex8519. 89. 00. 00
8519. 89. 10. 91
Ex8519. 89. 00. 00
8519. 89. 10. 99
Ex8519. 89. 00. 00
8519. 89. 90. 10
Ex8519. 89. 00. 00
8519. 89. 90. 90
Ex8519. 89. 00. 00
8521. 10. 00. 10
Ex8521. 10. 00. 00
8521. 10. 00. 90
Ex8521. 10. 00. 00
8521. 90. 00. 10
Ex8521. 90. 00. 00
8521. 90. 00. 90
Ex8521. 90. 00. 00
8522. 90. 10. 20
Ex8522. 90. 00. 90
8522. 90. 10. 80
Ex8522. 90. 00. 90
8522. 90. 80. 12
Ex8522. 90. 00. 90
8522. 90. 80. 13
8522. 90. 00. 10
8522. 90. 80. 19
8522. 90. 00. 20
8522. 90. 80. 20
8522. 90. 00. 30
8522. 90. 80. 92
Ex8522. 90. 00. 90
8522. 90. 80. 98
Ex8522. 90. 00. 90
8523. 21. 10. 10
Ex8523. 21. 10. 00
8523. 21. 10. 90
Ex8523. 21. 10. 00
8523. 21. 90. 10
Ex8523. 21. 90. 00
8523. 21. 90. 90
Ex8523. 21. 90. 00
8523. 29. 10. 10
Ex8523. 29. 10. 00
8523. 29. 10. 91
Ex8523. 29. 10. 00
8523. 29. 10. 99
Ex8523. 29. 10. 00
8523. 29. 91. 11
Ex8523. 29. 91. 10
8523. 29. 91. 19
Ex8523. 29. 91. 10
8523. 29. 92. 11
Ex8523. 29. 92. 10
8523. 29. 92. 19
Ex8523. 29. 92. 10
8523. 29. 99. 10
Ex8523. 29. 99. 00
8523. 29. 99. 90
Ex8523. 29. 99. 00
8523. 59. 99. 10
8523. 59. 99. 00
Sous-positions applicables,
notamment dans les
Chapitres 84, 85, 90 et 95
8524. 11. 00. 00
Sous-positions applicables,
notamment dans les
Chapitres 84, 85, 90 et 95
8524. 12. 00. 00
Sous-positions applicables,
notamment dans les
Chapitres 84, 85, 90 et 95
8524. 19. 00. 00
Sous-positions applicables,
notamment dans les
Chapitres 84, 85, 90 et 95
8524. 91. 00. 00
Page 196
--- Page 198 (parsed text) --Table de concordance 2017-2022
Codification 2017
Codification 2022
Sous-positions applicables,
notamment dans les
Chapitres 84, 85, 90 et 95
8524. 92. 00. 00
Sous-positions applicables,
notamment dans les
Chapitres 84, 85, 90 et 95
8524. 99. 00. 00
8525. 50. 00. 10
Ex8525. 50. 00. 00
8525. 50. 00. 90
Ex8525. 50. 00. 00
8525. 60. 00. 10
Ex8525. 60. 00. 00
8525. 60. 00. 90
Ex8525. 60. 00. 00
8525. 80. 10. 00
Ex8525. 81. 00. 00
Ex8525. 82. 00. 00
Ex8525. 83. 00. 00
Ex8525. 89. 00. 00
Ex8806. 21. 00. 00
Ex8806. 22. 00. 00
Ex8806. 23. 00. 00
Ex8806. 24. 00. 00
Ex8806. 29. 00. 00
Ex8806. 91. 00. 00
Ex8806. 92. 00. 00
Ex8806. 93. 00. 00
Ex8806. 94. 00. 00
Ex8806. 99. 00. 00
8525. 80. 90. 00
Ex8525. 81. 00. 00
Ex8525. 82. 00. 00
Ex8525. 83. 00. 00
Ex8525. 89. 00. 00
Ex8806. 21. 00. 00
Ex8806. 22. 00. 00
Ex8806. 23. 00. 00
Ex8806. 24. 00. 00
Ex8806. 29. 00. 00
Ex8806. 91. 00. 00
Ex8806. 92. 00. 00
Ex8806. 93. 00. 00
Ex8806. 94. 00. 00
Ex8806. 99. 00. 00
8527. 12. 10. 00
Ex8527. 12. 00. 00
8527. 12. 91. 00
Ex8527. 12. 00. 00
8527. 12. 99. 10
Ex8527. 12. 00. 00
8527. 12. 99. 90
Ex8527. 12. 00. 00
8527. 13. 10. 10
8527. 13. 00. 10
8527. 13. 10. 90
Ex8527. 13. 00. 90
8527. 13. 91. 00
Ex8527. 13. 00. 90
8527. 13. 99. 10
Ex8527. 13. 00. 90
8527. 13. 99. 91
Ex8527. 13. 00. 90
8527. 13. 99. 99
Ex8527. 13. 00. 90
Page 197
--- Page 199 (parsed text) --Table de concordance 2017-2022
Codification 2017
Codification 2022
8527. 19. 10. 10
8527. 19. 00. 10
8527. 19. 10. 90
Ex8527. 19. 00. 90
8527. 19. 91. 00
Ex8527. 19. 00. 90
8527. 19. 99. 10
Ex8527. 19. 00. 90
8527. 19. 99. 91
Ex8527. 19. 00. 90
8527. 19. 99. 99
Ex8527. 19. 00. 90
8527. 21. 10. 10
8527. 21. 00. 10
8527. 21. 10. 90
Ex8527. 21. 00. 99
8527. 21. 91. 00
Ex8527. 21. 00. 99
8527. 21. 99. 10
Ex8527. 21. 00. 99
8527. 21. 99. 91
Ex8527. 21. 00. 99
8527. 21. 99. 93
8527. 21. 00. 91
8527. 21. 99. 99
Ex8527. 21. 00. 99
8527. 29. 10. 10
8527. 29. 00. 10
8527. 29. 10. 90
Ex8527. 29. 00. 90
8527. 29. 91. 00
Ex8527. 29. 00. 90
8527. 29. 99. 10
Ex8527. 29. 00. 90
8527. 29. 99. 91
Ex8527. 29. 00. 90
8527. 29. 99. 93
Ex8527. 29. 00. 90
8527. 29. 99. 99
Ex8527. 29. 00. 90
8527. 91. 10. 10
8527. 91. 00. 10
8527. 91. 10. 90
Ex8527. 91. 00. 90
8527. 91. 91. 00
Ex8527. 91. 00. 90
8527. 91. 99. 10
Ex8527. 91. 00. 90
8527. 91. 99. 91
Ex8527. 91. 00. 90
8527. 91. 99. 99
Ex8527. 91. 00. 90
8527. 92. 10. 10
8527. 92. 00. 10
8527. 92. 10. 90
Ex8527. 92. 00. 90
8527. 92. 91. 00
Ex8527. 92. 00. 90
8527. 92. 99. 10
Ex8527. 92. 00. 90
8527. 92. 99. 91
Ex8527. 92. 00. 90
8527. 92. 99. 99
Ex8527. 92. 00. 90
8527. 99. 10. 10
8527. 99. 00. 10
8527. 99. 10. 90
Ex8527. 99. 00. 90
8527. 99. 91. 00
Ex8527. 99. 00. 90
8527. 99. 99. 10
Ex8527. 99. 00. 90
8527. 99. 99. 91
Ex8527. 99. 00. 90
8527. 99. 99. 99
Ex8527. 99. 00. 90
8528. 71. 10. 10
Ex8528. 71. 00. 99
8528. 71. 10. 90
Ex8528. 71. 00. 99
8528. 71. 91. 00
Ex8528. 71. 00. 99
8528. 71. 99. 10
8528. 71. 00. 10
8528. 71. 99. 20
8528. 71. 00. 20
8528. 71. 99. 91
Ex8528. 71. 00. 99
8528. 71. 99. 99
8528. 71. 00. 91
8528. 72. 10. 10
Ex8528. 72. 00. 99
8528. 72. 10. 90
Ex8528. 72. 00. 99
8528. 72. 91. 00
Ex8528. 72. 00. 99
Page 198
--- Page 200 (parsed text) --Table de concordance 2017-2022
Codification 2017
Codification 2022
8528. 72. 99. 10
8528. 72. 00. 10
8528. 72. 99. 20
8528. 72. 00. 20
8528. 72. 99. 91
Ex8528. 72. 00. 99
8528. 72. 99. 99
8528. 72. 00. 91
8529. 10. 10. 00
Ex8529. 10. 80. 00
8529. 10. 90. 00
Ex8529. 10. 80. 00
Sous-positions applicables,
notamment dans les
Chapitres 84, 85, 90 et 95
Ex8529. 90. 00. 20
Sous-positions applicables,
notamment dans les
Chapitres 84, 85, 90 et 95
Ex8529. 90. 00. 80
Sous-positions applicables,
notamment dans les
Chapitres 84, 85, 90 et 95
Ex8529. 90. 00. 97
8529. 90. 00. 12
Ex8529. 90. 00. 20
8529. 90. 00. 18
Ex8529. 90. 00. 20
8529. 90. 00. 82
Ex8529. 90. 00. 80
8529. 90. 00. 88
Ex8529. 90. 00. 80
8529. 90. 00. 96
Ex8529. 90. 00. 97
8529. 90. 00. 98
Ex8529. 90. 00. 97
8532. 21. 00. 10
Ex8532. 21. 00. 00
8532. 21. 00. 90
Ex8532. 21. 00. 00
8532. 22. 00. 10
Ex8532. 22. 00. 00
8532. 22. 00. 90
Ex8532. 22. 00. 00
8532. 23. 00. 10
Ex8532. 23. 00. 00
8532. 23. 00. 90
Ex8532. 23. 00. 00
8532. 24. 00. 10
Ex8532. 24. 00. 00
8532. 24. 00. 90
Ex8532. 24. 00. 00
8532. 25. 00. 10
Ex8532. 25. 00. 00
8532. 25. 00. 90
Ex8532. 25. 00. 00
8532. 29. 00. 11
Ex8532. 29. 00. 00
8532. 29. 00. 19
Ex8532. 29. 00. 00
8532. 29. 00. 90
Ex8532. 29. 00. 00
8533. 10. 00. 10
Ex8533. 10. 00. 00
8533. 10. 00. 90
Ex8533. 10. 00. 00
8533. 21. 00. 10
Ex8533. 21. 00. 00
8533. 21. 00. 90
Ex8533. 21. 00. 00
8533. 29. 00. 10
Ex8533. 29. 00. 00
8533. 29. 00. 90
Ex8533. 29. 00. 00
8533. 31. 00. 11
Ex8533. 31. 00. 00
8533. 31. 00. 19
Ex8533. 31. 00. 00
8533. 31. 00. 91
Ex8533. 31. 00. 00
8533. 31. 00. 99
Ex8533. 31. 00. 00
8533. 39. 00. 11
Ex8533. 39. 00. 00
8533. 39. 00. 19
Ex8533. 39. 00. 00
8533. 39. 00. 91
Ex8533. 39. 00. 00
8533. 39. 00. 99
Ex8533. 39. 00. 00
Page 199
--- Page 201 (parsed text) --Table de concordance 2017-2022
Codification 2017
Codification 2022
8533. 40. 00. 11
Ex8533. 40. 00. 00
8533. 40. 00. 19
Ex8533. 40. 00. 00
8533. 40. 00. 91
Ex8533. 40. 00. 00
8533. 40. 00. 99
Ex8533. 40. 00. 00
8534. 00. 10. 00
Ex8534. 00. 00. 00
8534. 00. 90. 00
Ex8534. 00. 00. 00
8535. 10. 00. 10
Ex8535. 10. 00. 00
8535. 10. 00. 90
Ex8535. 10. 00. 00
8535. 21. 00. 10
Ex8535. 21. 00. 80
8535. 21. 00. 92
Ex8535. 21. 00. 80
8535. 21. 00. 98
Ex8535. 21. 00. 80
8535. 29. 00. 10
Ex8535. 29. 00. 00
8535. 29. 00. 90
Ex8535. 29. 00. 00
8535. 30. 10. 10
Ex8535. 30. 10. 00
8535. 30. 10. 91
Ex8535. 30. 10. 00
8535. 30. 10. 99
Ex8535. 30. 10. 00
8535. 30. 90. 10
Ex8535. 30. 90. 80
8535. 30. 90. 92
Ex8535. 30. 90. 80
8535. 30. 90. 98
Ex8535. 30. 90. 80
8535. 40. 00. 10
Ex8535. 40. 00. 00
8535. 40. 00. 90
Ex8535. 40. 00. 00
8535. 90. 90. 21
Ex8535. 90. 90. 20
8535. 90. 90. 23
Ex8535. 90. 90. 20
8535. 90. 90. 25
Ex8535. 90. 90. 20
8535. 90. 90. 29
Ex8535. 90. 90. 20
8536. 10. 90. 10
Ex8536. 10. 90. 97
8536. 10. 90. 99
Ex8536. 10. 90. 97
8536. 30. 11. 00
Ex8536. 30. 00. 00
8536. 30. 19. 00
Ex8536. 30. 00. 00
8536. 30. 90. 10
Ex8536. 30. 00. 00
8536. 30. 90. 90
Ex8536. 30. 00. 00
8536. 41. 00. 11
Ex8536. 41. 00. 00
8536. 41. 00. 19
Ex8536. 41. 00. 00
8536. 41. 00. 30
Ex8536. 41. 00. 00
8536. 41. 00. 91
Ex8536. 41. 00. 00
8536. 41. 00. 99
Ex8536. 41. 00. 00
8536. 49. 00. 11
Ex8536. 49. 00. 00
8536. 49. 00. 19
Ex8536. 49. 00. 00
8536. 49. 00. 30
Ex8536. 49. 00. 00
8536. 49. 00. 91
Ex8536. 49. 00. 00
8536. 49. 00. 99
Ex8536. 49. 00. 00
8536. 50. 13. 00
Ex8536. 50. 90. 70
8536. 50. 19. 00
Ex8536. 50. 90. 70
8536. 50. 90. 80
Ex8536. 50. 90. 70
8536. 61. 90. 10
Ex8536. 61. 90. 00
8536. 61. 90. 90
Ex8536. 61. 90. 00
8536. 69. 90. 10
Ex8536. 69. 90. 00
8536. 69. 90. 90
Ex8536. 69. 90. 00
Page 200
--- Page 202 (parsed text) --Table de concordance 2017-2022
Codification 2017
Codification 2022
8536. 90. 10. 00
Ex8536. 90. 90. 96
8536. 90. 90. 13
Ex8536. 90. 90. 18
8536. 90. 90. 17
Ex8536. 90. 90. 18
8536. 90. 90. 19
Ex8536. 90. 90. 96
8536. 90. 90. 21
8536. 90. 40. 00
8536. 90. 90. 29
Ex8536. 90. 90. 96
8536. 90. 90. 30
Ex8536. 90. 90. 96
8536. 90. 90. 91
Ex8536. 90. 90. 96
8536. 90. 90. 97
Ex8536. 90. 90. 96
8537. 10. 11. 00
Ex8537. 10. 00. 90
8537. 10. 19. 10
8537. 10. 00. 10
8537. 10. 19. 90
Ex8537. 10. 00. 90
8537. 10. 30. 00
Ex8537. 10. 00. 90
8537. 10. 90. 00
Ex8537. 10. 00. 90
8538. 90. 10. 00
Ex8538. 90. 00. 90
8538. 90. 20. 00
Ex8538. 90. 00. 90
8538. 90. 91. 10
Ex8538. 90. 00. 90
8538. 90. 91. 90
Ex8538. 90. 00. 90
8538. 90. 99. 11
8538. 90. 00. 11
8538. 90. 99. 13
8538. 90. 00. 13
8538. 90. 99. 17
8538. 90. 00. 19
8538. 90. 99. 30
Ex8538. 90. 00. 90
8538. 90. 99. 91
Ex8538. 90. 00. 90
8538. 90. 99. 99
Ex8538. 90. 00. 90
8539. 10. 11. 00
8539. 10. 10. 00
8539. 10. 19. 00
8539. 10. 20. 00
8539. 10. 91. 00
Ex8539. 10. 90. 00
8539. 10. 99. 00
Ex8539. 10. 90. 00
8539. 31. 00. 10
Ex8539. 31. 00. 00
8539. 31. 00. 90
Ex8539. 31. 00. 00
8539. 41. 10. 00
Ex8539. 41. 00. 00
8539. 41. 90. 00
Ex8539. 41. 00. 00
8539. 49. 10. 00
Ex8539. 49. 00. 00
8539. 49. 90. 00
Ex8539. 49. 00. 00
8539. 50. 00. 00
8539. 52. 00. 00
8539. 90. 10. 00
Ex8539. 51. 00. 90
8539. 90. 10. 11
8539. 90. 10. 19
8539. 90. 90. 10
Ex8539. 51. 00. 90
Ex8539. 90. 90. 00
8539. 90. 90. 90
Ex8539. 51. 00. 90
Ex8539. 90. 90. 00
8540. 40. 00. 20
Ex8540. 40. 00. 00
8540. 40. 00. 80
Ex8540. 40. 00. 00
8540. 60. 00. 10
Ex8540. 60. 00. 00
8540. 60. 00. 90
Ex8540. 60. 00. 00
8540. 79. 00. 10
Ex8540. 79. 00. 00
8540. 79. 00. 90
Ex8540. 79. 00. 00
Page 201
--- Page 203 (parsed text) --Table de concordance 2017-2022
Codification 2017
Codification 2022
8540. 81. 00. 10
Ex8540. 81. 00. 00
8540. 81. 00. 90
Ex8540. 81. 00. 00
8540. 89. 00. 10
Ex8540. 89. 00. 00
8540. 89. 00. 90
Ex8540. 89. 00. 00
8541. 40. 10. 00
8541. 42. 00. 00
8541. 43. 00. 00
8541. 40. 90. 00
8541. 41. 00. 00
8541. 49. 00. 00
8541. 50. 00. 00
Sous-positions applicables,
notamment dans les
Chapitres 84, 85, 90, 93 et 95
8541. 51. 00. 00
8541. 59. 00. 00
8543. 20. 10. 00
Ex8543. 20. 00. 00
8543. 20. 90. 00
Ex8543. 20. 00. 00
8543. 30. 00. 10
Ex8543. 30. 00. 00
8543. 30. 00. 90
Ex8543. 30. 00. 00
8543. 70. 80. 00
Ex8539. 51. 00. 90
8543. 40. 00. 00
8543. 70. 70. 00
8543. 90. 20. 00
Ex8539. 90. 90. 00
Ex8543. 90. 00. 00
8543. 90. 80. 00
Ex8539. 90. 90. 00
Ex8543. 90. 00. 00
8544. 20. 21. 00
Ex8544. 20. 20. 00
8544. 20. 29. 00
Ex8544. 20. 20. 00
8544. 42. 10. 91
Ex8544. 42. 10. 90
8544. 42. 10. 99
Ex8544. 42. 10. 90
8544. 42. 90. 11
Ex8544. 42. 90. 10
8544. 42. 90. 19
Ex8544. 42. 90. 10
8544. 42. 90. 91
Ex8544. 42. 90. 90
8544. 42. 90. 99
Ex8544. 42. 90. 90
8544. 49. 90. 11
Ex8544. 49. 90. 10
8544. 49. 90. 19
Ex8544. 49. 90. 10
8544. 49. 90. 21
Ex8544. 49. 90. 20
8544. 49. 90. 29
Ex8544. 49. 90. 20
8544. 60. 11. 00
Ex8544. 60. 10. 00
8544. 60. 19. 00
Ex8544. 60. 10. 00
8544. 60. 21. 00
Ex8544. 60. 20. 00
8544. 60. 29. 00
Ex8544. 60. 20. 00
8544. 60. 31. 00
Ex8544. 60. 30. 00
8544. 60. 39. 00
Ex8544. 60. 30. 00
8545. 19. 00. 10
Ex8545. 19. 00. 00
8545. 19. 00. 90
Ex8545. 19. 00. 00
8545. 90. 00. 10
Ex8545. 90. 00. 00
8545. 90. 00. 90
Ex8545. 90. 00. 00
8547. 90. 00. 10
Ex8547. 90. 00. 90
Page 202
--- Page 204 (parsed text) --Table de concordance 2017-2022
Codification 2017
Codification 2022
8547. 90. 00. 91
8547. 90. 00. 20
8547. 90. 00. 93
8547. 90. 00. 30
8547. 90. 00. 99
Ex8547. 90. 00. 90
8548. 10. 10. 10
8549. 12. 00. 13
8548. 10. 10. 20
Ex8549. 13. 00. 10
8548. 10. 10. 90
Ex8549. 13. 00. 10
8548. 10. 21. 00
8549. 12. 00. 11
8548. 10. 22. 00
8549. 12. 00. 12
8548. 10. 29. 10
Ex8549. 14. 00. 10
Ex8549. 19. 00. 10
8548. 10. 29. 20
Ex8549. 14. 00. 10
Ex8549. 19. 00. 10
8548. 10. 29. 30
Ex8549. 14. 00. 10
Ex8549. 19. 00. 10
8548. 10. 29. 40
Ex8549. 14. 00. 10
Ex8549. 19. 00. 10
8548. 10. 29. 90
8549. 11. 00. 10
Ex8549. 19. 00. 10
8548. 10. 90. 00
8549. 11. 00. 20
8549. 12. 00. 90
8549. 13. 00. 90
8549. 14. 00. 90
8549. 19. 00. 90
8548. 90. 00. 00
8548. 00. 00. 00
Sous-positions applicables,
notamment dans les
Chapitres 38, 70, 71, 84, 85,
90, 91 et 95
Ex8549. 21. 00. 00
Sous-positions applicables,
notamment dans les
Chapitres 38, 70, 71, 84, 85,
90, 91 et 95
Ex8549. 29. 00. 00
Sous-positions applicables,
notamment dans les
Chapitres 38, 70, 71, 84, 85,
90, 91 et 95
Ex8549. 31. 00. 00
Sous-positions applicables,
notamment dans les
Chapitres 38, 70, 71, 84, 85,
90, 91 et 95
8549. 39. 00. 00
Sous-positions applicables,
notamment dans les
Chapitres 38, 70, 71, 84, 85,
90, 91 et 95
Ex8549. 91. 00. 00
Sous-positions applicables,
notamment dans les
Chapitres 38, 70, 71, 84, 85,
90, 91 et 95
8549. 99. 00. 00
Page 203
--- Page 205 (parsed text) --Table de concordance 2017-2022
Codification 2017
Codification 2022
8701. 10. 11. 11
Ex8701. 10. 11. 00
8701. 10. 11. 19
Ex8701. 10. 11. 00
8701. 10. 11. 90
Ex8701. 10. 11. 00
8701. 10. 91. 11
Ex8701. 10. 91. 20
8701. 10. 91. 19
Ex8701. 10. 91. 80
8701. 10. 91. 21
Ex8701. 10. 91. 20
8701. 10. 91. 29
Ex8701. 10. 91. 80
8701. 10. 91. 91
Ex8701. 10. 91. 20
8701. 10. 91. 99
Ex8701. 10. 91. 80
8701. 20. 10. 00
8701. 21. 10. 00
8701. 22. 10. 00
8701. 23. 10. 00
8701. 24. 10. 00
8701. 29. 10. 00
8701. 20. 90. 11
8701. 21. 91. 00
8701. 22. 91. 00
8701. 23. 91. 00
8701. 29. 21. 00
8701. 20. 90. 12
8701. 21. 99. 00
8701. 22. 99. 00
8701. 23. 99. 00
8701. 29. 29. 00
8701. 20. 90. 91
8701. 24. 91. 00
8701. 29. 91. 00
8701. 20. 90. 99
8701. 24. 99. 00
8701. 29. 99. 00
8702. 10. 93. 10
Ex8702. 10. 93. 00
8702. 10. 93. 90
Ex8702. 10. 93. 00
8702. 20. 91. 10
Ex8702. 20. 91. 00
8702. 20. 91. 90
Ex8702. 20. 91. 00
8702. 30. 91. 10
Ex8702. 30. 91. 00
8702. 30. 91. 90
Ex8702. 30. 91. 00
8702. 30. 99. 11
Ex8702. 30. 99. 20
8702. 30. 99. 19
Ex8702. 30. 99. 80
8702. 30. 99. 91
Ex8702. 30. 99. 20
8702. 30. 99. 99
Ex8702. 30. 99. 80
8702. 90. 23. 10
Ex8702. 90. 23. 00
8702. 90. 23. 90
Ex8702. 90. 23. 00
8702. 90. 28. 11
Ex8702. 90. 28. 20
8702. 90. 28. 19
Ex8702. 90. 28. 80
8702. 90. 28. 91
Ex8702. 90. 28. 20
8702. 90. 28. 99
Ex8702. 90. 28. 80
8703. 10. 10. 11
Ex8703. 10. 10. 00
8703. 10. 10. 13
Ex8703. 10. 10. 00
8703. 10. 10. 15
Ex8703. 10. 10. 00
8703. 10. 10. 19
Ex8703. 10. 10. 00
8703. 10. 10. 90
Ex8703. 10. 10. 00
8703. 10. 20. 10
Ex8703. 10. 20. 00
Page 204
--- Page 206 (parsed text) --Table de concordance 2017-2022
Codification 2017
Codification 2022
8703. 10. 20. 90
Ex8703. 10. 20. 00
8703. 10. 31. 00
Ex8703. 10. 71. 00
8703. 10. 39. 00
Ex8703. 10. 79. 00
8703. 10. 41. 00
Ex8703. 10. 71. 00
8703. 10. 49. 00
Ex8703. 10. 79. 00
8703. 10. 51. 00
Ex8703. 10. 71. 00
8703. 10. 59. 00
Ex8703. 10. 79. 00
8703. 10. 61. 00
Ex8703. 10. 71. 00
8703. 10. 69. 00
Ex8703. 10. 79. 00
8703. 10. 81. 00
Ex8703. 10. 71. 00
8703. 10. 89. 00
Ex8703. 10. 79. 00
8703. 21. 10. 10
Ex8703. 21. 10. 00
8703. 21. 10. 90
Ex8703. 21. 10. 00
8703. 21. 31. 00
Ex8703. 21. 82. 00
8703. 21. 39. 00
Ex8703. 21. 88. 00
8703. 21. 41. 00
Ex8703. 21. 71. 00
8703. 21. 49. 00
Ex8703. 21. 79. 00
8703. 21. 61. 00
Ex8703. 21. 71. 00
8703. 21. 69. 00
Ex8703. 21. 79. 00
8703. 21. 83. 00
Ex8703. 21. 82. 00
8703. 21. 87. 00
Ex8703. 21. 88. 00
8703. 22. 10. 10
Ex8703. 22. 10. 00
8703. 22. 10. 90
Ex8703. 22. 10. 00
8703. 22. 31. 00
Ex8703. 22. 84. 00
8703. 22. 39. 00
Ex8703. 22. 86. 00
8703. 22. 83. 00
Ex8703. 22. 84. 00
8703. 22. 88. 00
Ex8703. 22. 86. 00
8703. 23. 10. 11
Ex8703. 23. 10. 00
8703. 23. 10. 19
Ex8703. 23. 10. 00
8703. 23. 10. 90
Ex8703. 23. 10. 00
8703. 23. 31. 00
Ex8703. 23. 44. 00
Ex8703. 23. 54. 00
Ex8703. 23. 84. 00
8703. 23. 39. 00
Ex8703. 23. 46. 00
Ex8703. 23. 56. 00
Ex8703. 23. 86. 00
8703. 23. 43. 00
Ex8703. 23. 44. 00
8703. 23. 48. 00
Ex8703. 23. 46. 00
8703. 23. 53. 00
Ex8703. 23. 54. 00
8703. 23. 58. 00
Ex8703. 23. 56. 00
8703. 23. 83. 00
Ex8703. 23. 84. 00
8703. 23. 88. 00
Ex8703. 23. 86. 00
8703. 24. 10. 10
Ex8703. 24. 10. 00
8703. 24. 10. 90
Ex8703. 24. 10. 00
8703. 24. 31. 00
Ex8703. 24. 84. 00
8703. 24. 39. 00
Ex8703. 24. 86. 00
8703. 24. 83. 00
Ex8703. 24. 84. 00
8703. 24. 88. 00
Ex8703. 24. 86. 00
Page 205
--- Page 207 (parsed text) --Table de concordance 2017-2022
Codification 2017
Codification 2022
8703. 31. 31. 00
Ex8703. 31. 91. 00
8703. 31. 39. 00
Ex8703. 31. 99. 00
8703. 31. 41. 00
Ex8703. 31. 91. 00
8703. 31. 49. 00
Ex8703. 31. 99. 00
8703. 31. 81. 00
Ex8703. 31. 91. 00
8703. 31. 89. 00
Ex8703. 31. 99. 00
8703. 32. 31. 00
Ex8703. 32. 45. 00
Ex8703. 32. 53. 80
Ex8703. 32. 83. 80
8703. 32. 39. 00
Ex8703. 32. 47. 00
Ex8703. 32. 58. 80
Ex8703. 32. 88. 80
8703. 32. 43. 00
Ex8703. 32. 45. 00
8703. 32. 48. 00
Ex8703. 32. 47. 00
8703. 32. 53. 90
Ex8703. 32. 53. 80
8703. 32. 58. 90
Ex8703. 32. 58. 80
8703. 32. 83. 90
Ex8703. 32. 83. 80
8703. 32. 88. 90
Ex8703. 32. 88. 80
8703. 33. 31. 00
Ex8703. 33. 83. 80
8703. 33. 39. 00
Ex8703. 33. 88. 80
8703. 33. 83. 90
Ex8703. 33. 83. 80
8703. 33. 88. 90
Ex8703. 33. 88. 80
8703. 90. 30. 10
Ex8703. 90. 80. 10
8703. 90. 30. 90
Ex8703. 90. 80. 90
8703. 90. 80. 00
Ex8703. 90. 80. 10
Ex8703. 90. 80. 90
8704. 21. 11. 10
Ex8704. 21. 21. 00
Ex8704. 41. 10. 11
8704. 21. 11. 90
Ex8704. 21. 29. 00
Ex8704. 41. 10. 19
8704. 21. 19. 10
Ex8704. 21. 21. 00
Ex8704. 41. 10. 11
8704. 21. 19. 90
Ex8704. 21. 29. 00
Ex8704. 41. 10. 19
8704. 21. 30. 10
Ex8704. 21. 21. 00
Ex8704. 41. 10. 11
8704. 21. 30. 90
Ex8704. 21. 29. 00
Ex8704. 41. 10. 19
8704. 21. 91. 00
8704. 21. 92. 00
8704. 41. 91. 00
8704. 21. 99. 11
8704. 21. 98. 11
8704. 41. 99. 11
8704. 21. 99. 19
8704. 21. 98. 19
8704. 41. 99. 19
8704. 21. 99. 22
8704. 21. 98. 22
8704. 41. 99. 21
8704. 21. 99. 24
8704. 21. 98. 24
8704. 41. 99. 23
Page 206
--- Page 208 (parsed text) --Table de concordance 2017-2022
Codification 2017
Codification 2022
8704. 21. 99. 26
8704. 21. 98. 26
8704. 41. 99. 27
8704. 21. 99. 28
8704. 21. 98. 28
8704. 41. 99. 29
8704. 21. 99. 31
8704. 21. 98. 31
8704. 41. 99. 31
8704. 21. 99. 39
8704. 21. 98. 39
8704. 41. 99. 39
8704. 21. 99. 40
8704. 21. 98. 40
8704. 41. 99. 40
8704. 21. 99. 52
8704. 21. 98. 52
8704. 41. 99. 51
8704. 21. 99. 54
8704. 21. 98. 54
8704. 41. 99. 53
8704. 21. 99. 56
8704. 21. 98. 56
8704. 41. 99. 57
8704. 21. 99. 58
8704. 21. 98. 58
8704. 41. 99. 59
8704. 21. 99. 71
8704. 21. 98. 71
8704. 41. 99. 71
8704. 21. 99. 79
8704. 21. 98. 79
8704. 41. 99. 79
8704. 21. 99. 80
8704. 21. 98. 80
8704. 41. 99. 80
8704. 21. 99. 92
8704. 21. 98. 92
8704. 41. 99. 91
8704. 21. 99. 94
8704. 21. 98. 94
8704. 41. 99. 93
8704. 21. 99. 96
8704. 21. 98. 96
8704. 41. 99. 97
8704. 21. 99. 98
8704. 21. 98. 98
8704. 41. 99. 99
8704. 22. 10. 11
Ex8704. 22. 30. 10
Ex8704. 42. 10. 11
8704. 22. 10. 19
Ex8704. 22. 30. 90
Ex8704. 42. 10. 19
8704. 22. 10. 91
Ex8704. 22. 30. 10
Ex8704. 42. 10. 11
8704. 22. 10. 99
Ex8704. 22. 30. 90
Ex8704. 42. 10. 19
8704. 22. 20. 00
8704. 22. 40. 00
8704. 42. 20. 00
8704. 22. 91. 00
8704. 22. 92. 00
8704. 42. 91. 00
8704. 22. 99. 11
8704. 22. 98. 11
8704. 42. 99. 11
8704. 22. 99. 19
8704. 22. 98. 19
8704. 42. 99. 19
Page 207
--- Page 209 (parsed text) --Table de concordance 2017-2022
Codification 2017
Codification 2022
8704. 22. 99. 21
8704. 22. 98. 21
8704. 42. 99. 21
8704. 22. 99. 29
8704. 22. 98. 29
8704. 42. 99. 29
8704. 22. 99. 30
8704. 22. 98. 30
8704. 42. 99. 30
8704. 22. 99. 41
8704. 22. 98. 41
8704. 42. 99. 41
8704. 22. 99. 49
8704. 22. 98. 49
8704. 42. 99. 49
8704. 22. 99. 51
8704. 22. 98. 51
8704. 42. 99. 51
8704. 22. 99. 59
8704. 22. 98. 59
8704. 42. 99. 59
8704. 22. 99. 60
8704. 22. 98. 60
8704. 42. 99. 60
8704. 22. 99. 91
8704. 22. 98. 91
8704. 42. 99. 91
8704. 22. 99. 99
8704. 22. 98. 99
8704. 42. 99. 99
8704. 23. 10. 10
8704. 23. 30. 10
8704. 43. 10. 10
8704. 23. 10. 90
8704. 23. 30. 90
8704. 43. 10. 90
8704. 23. 20. 00
8704. 23. 40. 00
8704. 43. 20. 00
8704. 23. 80. 10
8704. 23. 90. 10
8704. 43. 90. 10
8704. 23. 80. 21
8704. 23. 90. 21
8704. 43. 90. 21
8704. 23. 80. 29
8704. 23. 90. 29
8704. 43. 90. 29
8704. 23. 80. 30
8704. 23. 90. 30
8704. 43. 90. 30
8704. 23. 80. 41
8704. 23. 90. 41
8704. 43. 90. 41
8704. 23. 80. 49
8704. 23. 90. 49
8704. 43. 90. 49
8704. 23. 80. 51
8704. 23. 90. 51
8704. 43. 90. 51
8704. 23. 80. 59
8704. 23. 90. 59
8704. 43. 90. 59
8704. 23. 80. 60
8704. 23. 90. 60
8704. 43. 90. 60
8704. 23. 80. 91
8704. 23. 90. 91
8704. 43. 90. 91
8704. 23. 80. 99
8704. 23. 90. 99
8704. 43. 90. 99
Page 208
--- Page 210 (parsed text) --Table de concordance 2017-2022
Codification 2017
Codification 2022
8704. 31. 10. 11
Ex8704. 31. 20. 10
Ex8704. 51. 10. 11
8704. 31. 10. 19
Ex8704. 31. 20. 90
Ex8704. 51. 10. 19
8704. 31. 10. 91
Ex8704. 31. 20. 10
Ex8704. 51. 10. 11
8704. 31. 10. 99
Ex8704. 31. 20. 90
Ex8704. 51. 10. 19
8704. 31. 90. 11
8704. 31. 80. 11
8704. 51. 90. 11
8704. 31. 90. 19
8704. 31. 80. 19
8704. 51. 90. 19
8704. 31. 90. 21
8704. 31. 80. 21
8704. 51. 90. 21
8704. 31. 90. 29
8704. 31. 80. 29
8704. 51. 90. 29
8704. 31. 90. 31
8704. 31. 80. 31
8704. 51. 90. 31
8704. 31. 90. 39
8704. 31. 80. 39
8704. 51. 90. 39
8704. 31. 90. 40
8704. 31. 80. 40
8704. 51. 90. 40
8704. 31. 90. 52
8704. 31. 80. 52
8704. 51. 90. 51
8704. 31. 90. 54
8704. 31. 80. 54
8704. 51. 90. 53
8704. 31. 90. 56
8704. 31. 80. 56
8704. 51. 90. 57
8704. 31. 90. 58
8704. 31. 80. 58
8704. 51. 90. 59
8704. 31. 90. 71
8704. 31. 80. 71
8704. 51. 90. 71
8704. 31. 90. 79
8704. 31. 80. 79
8704. 51. 90. 79
8704. 31. 90. 80
8704. 31. 80. 80
8704. 51. 90. 80
8704. 31. 90. 92
8704. 31. 80. 92
8704. 51. 90. 91
8704. 31. 90. 94
8704. 31. 80. 94
8704. 51. 90. 93
8704. 31. 90. 96
8704. 31. 80. 96
8704. 51. 90. 97
8704. 31. 90. 98
8704. 31. 80. 98
8704. 51. 90. 99
8704. 32. 10. 11
Ex8704. 32. 20. 10
Ex8704. 52. 10. 11
8704. 32. 10. 19
Ex8704. 32. 20. 90
Ex8704. 52. 10. 19
Page 209
--- Page 211 (parsed text) --Table de concordance 2017-2022
Codification 2017
Codification 2022
8704. 32. 10. 91
Ex8704. 32. 20. 10
Ex8704. 52. 10. 11
8704. 32. 10. 99
Ex8704. 32. 20. 90
Ex8704. 52. 10. 19
8704. 32. 90. 11
8704. 32. 80. 11
8704. 52. 90. 11
8704. 32. 90. 19
8704. 32. 80. 19
8704. 52. 90. 19
8704. 32. 90. 21
8704. 32. 80. 21
8704. 52. 90. 21
8704. 32. 90. 29
8704. 32. 80. 29
8704. 52. 90. 29
8704. 32. 90. 30
8704. 32. 80. 30
8704. 52. 90. 30
8704. 32. 90. 41
8704. 32. 80. 41
8704. 52. 90. 41
8704. 32. 90. 49
8704. 32. 80. 49
8704. 52. 90. 49
8704. 32. 90. 51
8704. 32. 80. 51
8704. 52. 90. 51
8704. 32. 90. 59
8704. 32. 80. 59
8704. 52. 90. 59
8704. 32. 90. 60
8704. 32. 80. 60
8704. 52. 90. 60
8704. 32. 90. 91
8704. 32. 80. 91
8704. 52. 90. 91
8704. 32. 90. 99
8704. 32. 80. 99
8704. 52. 90. 99
8704. 90. 91. 00
8704. 60. 00. 00
8704. 90. 99. 11
Ex8704. 90. 90. 10
8704. 90. 99. 19
Ex8704. 90. 90. 90
8704. 90. 99. 90
Ex8704. 90. 90. 10
Ex8704. 90. 90. 90
8708. 29. 89. 00
8708. 22. 00. 00
8708. 29. 88. 00
8709. 11. 00. 10
Ex8709. 11. 00. 00
8709. 11. 00. 90
Ex8709. 11. 00. 00
8709. 19. 10. 00
Ex8709. 19. 00. 00
8709. 19. 90. 00
Ex8709. 19. 00. 00
8709. 90. 00. 10
Ex8709. 90. 00. 00
8709. 90. 00. 90
Ex8709. 90. 00. 00
8712. 00. 90. 11
Ex8712. 00. 90. 10
8712. 00. 90. 19
Ex8712. 00. 90. 10
8714. 10. 10. 10
Ex8714. 10. 00. 10
8714. 10. 10. 90
Ex8714. 10. 00. 10
8714. 10. 90. 11
Ex8714. 10. 00. 20
8714. 10. 90. 12
Ex8714. 10. 00. 30
8714. 10. 90. 13
Ex8714. 10. 00. 40
Page 210
--- Page 212 (parsed text) --Table de concordance 2017-2022
Codification 2017
Codification 2022
8714. 10. 90. 14
Ex8714. 10. 00. 50
8714. 10. 90. 19
Ex8714. 10. 00. 90
8714. 10. 90. 91
Ex8714. 10. 00. 40
8714. 10. 90. 92
8714. 10. 00. 60
8714. 10. 90. 93
Ex8714. 10. 00. 30
8714. 10. 90. 94
8714. 10. 00. 70
8714. 10. 90. 95
Ex8714. 10. 00. 50
8714. 10. 90. 96
Ex8714. 10. 00. 20
8714. 10. 90. 99
Ex8714. 10. 00. 90
8714. 20. 10. 00
Ex8714. 20. 00. 00
8714. 20. 90. 00
Ex8714. 20. 00. 00
8714. 91. 00. 11
Ex8714. 91. 00. 10
8714. 91. 00. 19
Ex8714. 91. 00. 10
8714. 92. 00. 11
Ex8714. 92. 00. 10
8714. 92. 00. 19
Ex8714. 92. 00. 10
8714. 93. 00. 11
Ex8714. 93. 00. 10
8714. 93. 00. 19
Ex8714. 93. 00. 10
8714. 94. 00. 11
Ex8714. 94. 00. 10
8714. 94. 00. 19
Ex8714. 94. 00. 10
8714. 95. 00. 11
Ex8714. 95. 00. 10
8714. 95. 00. 19
Ex8714. 95. 00. 10
8714. 96. 00. 11
Ex8714. 96. 00. 10
8714. 96. 00. 19
Ex8714. 96. 00. 10
8714. 99. 00. 11
Ex8714. 99. 00. 10
8714. 99. 00. 19
Ex8714. 99. 00. 10
8716. 80. 10. 10
Ex8716. 80. 00. 99
8716. 80. 10. 90
Ex8716. 80. 00. 99
8716. 80. 91. 00
8716. 80. 00. 10
8716. 80. 92. 00
8716. 80. 00. 91
8716. 80. 99. 10
8716. 80. 00. 92
8716. 80. 99. 90
Ex8716. 80. 00. 99
8802. 11. 00. 00
8802. 11. 00. 00
Ex8806. 10. 00. 00
Ex8806. 21. 00. 00
Ex8806. 22. 00. 00
Ex8806. 23. 00. 00
Ex8806. 24. 00. 00
Ex8806. 29. 00. 00
Ex8806. 91. 00. 00
Ex8806. 92. 00. 00
Ex8806. 93. 00. 00
Ex8806. 94. 00. 00
Ex8806. 99. 00. 00
8802. 12. 00. 00
8802. 12. 00. 00
Ex8806. 10. 00. 00
Ex8806. 29. 00. 00
Ex8806. 99. 00. 00
8802. 20. 00. 00
8802. 20. 00. 00
Page 211
--- Page 213 (parsed text) --Table de concordance 2017-2022
Codification 2017
Codification 2022
Ex8806. 10. 00. 00
Ex8806. 21. 00. 00
Ex8806. 22. 00. 00
Ex8806. 23. 00. 00
Ex8806. 24. 00. 00
Ex8806. 29. 00. 00
Ex8806. 91. 00. 00
Ex8806. 92. 00. 00
Ex8806. 93. 00. 00
Ex8806. 94. 00. 00
Ex8806. 99. 00. 00
8802. 30. 00. 00
8802. 30. 00. 00
Ex8806. 10. 00. 00
Ex8806. 29. 00. 00
Ex8806. 99. 00. 00
8802. 40. 00. 00
8802. 40. 00. 00
Ex8806. 10. 00. 00
Ex8806. 29. 00. 00
Ex8806. 99. 00. 00
8803. 10. 10. 00
8807. 10. 10. 00
8803. 10. 80. 00
8807. 10. 90. 00
8803. 20. 00. 00
8807. 20. 00. 00
8803. 30. 00. 00
8807. 30. 00. 00
8803. 90. 10. 00
8807. 90. 10. 00
8803. 90. 21. 00
Ex8807. 90. 20. 00
8803. 90. 29. 00
Ex8807. 90. 20. 00
8803. 90. 30. 00
8807. 90. 30. 00
8803. 90. 90. 10
Ex8807. 90. 90. 00
8803. 90. 90. 80
Ex8807. 90. 90. 00
8903. 10. 00. 00
8903. 11. 00. 00
8903. 12. 00. 00
8903. 19. 00. 00
8903. 91. 00. 00
8903. 21. 00. 00
8903. 22. 00. 00
8903. 23. 00. 00
8903. 92. 00. 00
8903. 31. 00. 00
8903. 32. 00. 00
8903. 33. 00. 00
8903. 99. 00. 00
8903. 93. 00. 00
8903. 99. 00. 00
9001. 10. 90. 10
Ex9001. 10. 90. 00
9001. 10. 90. 90
Ex9001. 10. 90. 00
9002. 11. 11. 00
Ex9002. 11. 10. 00
9002. 11. 12. 00
Ex9002. 11. 10. 00
9002. 11. 18. 00
Ex9002. 11. 10. 00
9002. 20. 11. 00
Ex9002. 20. 10. 00
9002. 20. 19. 00
Ex9002. 20. 10. 00
9002. 90. 11. 00
Ex9002. 90. 10. 00
Page 212
--- Page 214 (parsed text) --Table de concordance 2017-2022
Codification 2017
Codification 2022
9002. 90. 17. 00
Ex9002. 90. 10. 00
9002. 90. 30. 00
Ex9002. 90. 10. 00
9003. 19. 20. 00
Ex9003. 19. 80. 00
9003. 19. 90. 00
Ex9003. 19. 80. 00
9004. 10. 90. 10
Ex9004. 10. 90. 00
9004. 10. 90. 90
Ex9004. 10. 90. 00
9004. 90. 93. 00
Ex9004. 90. 98. 00
9004. 90. 99. 00
Ex9004. 90. 98. 00
9005. 10. 00. 10
Ex9005. 10. 00. 00
9005. 10. 00. 90
Ex9005. 10. 00. 00
9005. 80. 10. 00
Ex9005. 80. 00. 00
9005. 80. 90. 00
Ex9005. 80. 00. 00
9005. 90. 20. 00
Ex9005. 90. 00. 00
9005. 90. 80. 00
Ex9005. 90. 00. 00
9006. 30. 90. 10
Ex9006. 30. 90. 00
9006. 30. 90. 90
Ex9006. 30. 90. 00
9006. 51. 00. 00
Ex9006. 53. 00. 00
Ex9006. 59. 00. 80
9006. 52. 00. 10
Ex9006. 59. 00. 80
9006. 52. 00. 90
Ex9006. 59. 00. 30
Ex9006. 59. 00. 80
9006. 53. 00. 10
Ex9006. 53. 00. 00
9006. 53. 00. 90
Ex9006. 53. 00. 00
9006. 59. 00. 10
Ex9006. 59. 00. 80
9006. 59. 00. 20
Ex9006. 59. 00. 30
9006. 59. 00. 90
Ex9006. 59. 00. 80
9006. 69. 00. 10
Ex9006. 69. 00. 00
9006. 69. 00. 90
Ex9006. 69. 00. 00
9006. 91. 90. 91
Ex9006. 91. 90. 90
9006. 91. 90. 97
Ex9006. 91. 90. 90
9007. 10. 10. 10
Ex9007. 10. 00. 00
9007. 10. 10. 91
Ex9007. 10. 00. 00
9007. 10. 10. 99
Ex9007. 10. 00. 00
9007. 10. 90. 10
Ex9007. 10. 00. 00
9007. 10. 90. 91
Ex9007. 10. 00. 00
9007. 10. 90. 99
Ex9007. 10. 00. 00
9007. 20. 10. 11
Ex9007. 20. 10. 00
9007. 20. 10. 19
Ex9007. 20. 10. 00
9007. 20. 90. 20
Ex9007. 20. 90. 00
9007. 20. 90. 31
Ex9007. 20. 90. 00
9007. 20. 90. 39
Ex9007. 20. 90. 00
9007. 20. 90. 80
Ex9007. 20. 90. 00
9007. 91. 40. 00
Ex9007. 91. 00. 00
9007. 91. 80. 10
Ex9007. 91. 00. 00
9007. 91. 80. 90
Ex9007. 91. 00. 00
9007. 92. 00. 10
Ex9007. 92. 00. 00
9007. 92. 00. 91
Ex9007. 92. 00. 00
9007. 92. 00. 92
Ex9007. 92. 00. 00
Page 213
--- Page 215 (parsed text) --Table de concordance 2017-2022
Codification 2017
Codification 2022
9007. 92. 00. 93
Ex9007. 92. 00. 00
9007. 92. 00. 94
Ex9007. 92. 00. 00
9007. 92. 00. 99
Ex9007. 92. 00. 00
9008. 50. 10. 00
Ex9008. 50. 00. 00
9008. 50. 20. 00
Ex9008. 50. 00. 00
9008. 50. 30. 10
Ex9008. 50. 00. 00
9008. 50. 30. 90
Ex9008. 50. 00. 00
9008. 50. 40. 10
Ex9008. 50. 00. 00
9008. 50. 40. 90
Ex9008. 50. 00. 00
9008. 90. 10. 00
Ex9008. 90. 00. 00
9008. 90. 90. 00
Ex9008. 90. 00. 00
9010. 10. 00. 10
Ex9010. 10. 00. 00
9010. 10. 00. 90
Ex9010. 10. 00. 00
9010. 50. 00. 20
Ex9010. 50. 00. 00
9010. 50. 00. 31
Ex9010. 50. 00. 00
9010. 50. 00. 39
Ex9010. 50. 00. 00
9010. 50. 00. 90
Ex9010. 50. 00. 00
9010. 90. 41. 00
Ex9010. 90. 40. 00
9010. 90. 49. 10
Ex9010. 90. 40. 00
9010. 90. 49. 90
Ex9010. 90. 40. 00
9013. 80. 00. 10
Ex9013. 80. 00. 00
9013. 80. 00. 90
Ex9013. 80. 00. 00
9014. 10. 00. 10
Ex9014. 10. 00. 00
9014. 10. 00. 90
Ex9014. 10. 00. 00
9014. 20. 00. 91
Ex9014. 20. 00. 20
9014. 20. 00. 99
Ex9014. 20. 00. 20
9014. 80. 00. 91
Ex9014. 80. 00. 90
9014. 80. 00. 99
Ex9014. 80. 00. 90
9014. 90. 00. 10
Ex9014. 90. 00. 00
9014. 90. 00. 20
Ex9014. 90. 00. 00
9014. 90. 00. 30
Ex9014. 90. 00. 00
9014. 90. 00. 90
Ex9014. 90. 00. 00
9015. 10. 00. 10
Ex9015. 10. 00. 00
9015. 10. 00. 90
Ex9015. 10. 00. 00
9015. 20. 00. 10
Ex9015. 20. 00. 00
9015. 20. 00. 90
Ex9015. 20. 00. 00
9015. 30. 00. 10
Ex9015. 30. 00. 00
9015. 30. 00. 90
Ex9015. 30. 00. 00
9015. 40. 00. 10
Ex9015. 40. 00. 00
9015. 40. 00. 90
Ex9015. 40. 00. 00
9015. 80. 00. 10
Ex9015. 80. 00. 00
9015. 80. 00. 90
Ex9015. 80. 00. 00
9015. 90. 00. 30
Ex9015. 90. 00. 00
9015. 90. 00. 40
Ex9015. 90. 00. 00
9015. 90. 00. 80
Ex9015. 90. 00. 00
9016. 00. 00. 10
Ex9016. 00. 00. 00
9016. 00. 00. 90
Ex9016. 00. 00. 00
9017. 10. 00. 10
Ex9017. 10. 00. 00
Page 214
--- Page 216 (parsed text) --Table de concordance 2017-2022
Codification 2017
Codification 2022
9017. 10. 00. 90
Ex9017. 10. 00. 00
9017. 30. 00. 10
Ex9017. 30. 00. 00
9017. 30. 00. 90
Ex9017. 30. 00. 00
9017. 90. 00. 12
Ex9017. 90. 00. 00
9017. 90. 00. 18
Ex9017. 90. 00. 00
9017. 90. 00. 92
Ex9017. 90. 00. 00
9017. 90. 00. 98
Ex9017. 90. 00. 00
9018. 90. 10. 00
9018. 90. 20. 00
Ex9022. 21. 00. 00
Ex9022. 29. 00. 00
9018. 90. 90. 10
9018. 90. 90. 20
Ex9022. 21. 00. 00
Ex9022. 29. 00. 00
9018. 90. 90. 93
9018. 90. 90. 92
Ex9022. 21. 00. 00
Ex9022. 29. 00. 00
9018. 90. 90. 95
9018. 90. 90. 96
Ex9022. 21. 00. 00
Ex9022. 29. 00. 00
9018. 90. 90. 99
9018. 90. 90. 98
Ex9022. 21. 00. 00
Ex9022. 29. 00. 00
9021. 10. 10. 00
9021. 10. 10. 90
9021. 10. 90. 00
9021. 10. 90. 90
9021. 29. 00. 90
9021. 29. 00. 40
9021. 29. 00. 80
9022. 21. 00. 00
Ex9022. 21. 00. 00
9022. 29. 00. 00
Ex9022. 29. 00. 00
9024. 10. 10. 00
Ex9024. 10. 00. 10
Ex9024. 10. 00. 20
Ex9024. 10. 00. 90
9024. 10. 90. 10
Ex9024. 10. 00. 10
9024. 10. 90. 20
Ex9024. 10. 00. 20
9024. 10. 90. 90
Ex9024. 10. 00. 90
9024. 80. 10. 00
Ex9024. 80. 00. 00
9024. 80. 90. 10
Ex9024. 80. 00. 00
9024. 80. 90. 90
Ex9024. 80. 00. 00
9024. 90. 10. 00
Ex9024. 90. 00. 00
9024. 90. 90. 00
Ex9024. 90. 00. 00
9025. 19. 10. 00
9025. 19. 00. 91
9025. 19. 90. 10
9025. 19. 00. 10
9025. 19. 90. 90
9025. 19. 00. 99
9025. 80. 12. 11
Ex9025. 80. 00. 30
9025. 80. 12. 19
Ex9025. 80. 00. 10
Ex9025. 80. 00. 20
9025. 80. 00. 91
9025. 80. 92. 10
Ex9025. 80. 00. 10
9025. 80. 92. 20
Ex9025. 80. 00. 20
Page 215
--- Page 217 (parsed text) --Table de concordance 2017-2022
Codification 2017
Codification 2022
9025. 80. 92. 30
Ex9025. 80. 00. 30
9025. 80. 92. 90
9025. 80. 00. 99
9026. 10. 00. 10
Ex9026. 10. 00. 20
Ex9026. 10. 00. 30
9026. 10. 00. 80
9026. 10. 00. 91
Ex9026. 10. 00. 20
9026. 10. 00. 99
Ex9026. 10. 00. 30
9026. 20. 00. 10
Ex9026. 20. 00. 00
9026. 20. 00. 91
Ex9026. 20. 00. 00
9026. 20. 00. 99
Ex9026. 20. 00. 00
9026. 80. 00. 10
Ex9026. 80. 00. 00
9026. 80. 00. 91
Ex9026. 80. 00. 00
9026. 80. 00. 99
Ex9026. 80. 00. 00
9026. 90. 00. 10
Ex9026. 90. 00. 00
9026. 90. 00. 90
Ex9026. 90. 00. 00
9027. 10. 00. 10
Ex9027. 10. 00. 00
9027. 10. 00. 90
Ex9027. 10. 00. 00
9027. 20. 00. 10
Ex9027. 20. 00. 00
9027. 20. 00. 90
Ex9027. 20. 00. 00
9027. 30. 00. 10
Ex9027. 30. 00. 00
9027. 30. 00. 90
Ex9027. 30. 00. 00
9027. 50. 00. 10
Ex9027. 50. 00. 00
9027. 50. 00. 90
Ex9027. 50. 00. 00
9027. 80. 00. 20
Ex9027. 81. 00. 00
Ex9027. 89. 00. 10
Ex9027. 89. 00. 20
Ex9027. 89. 00. 90
9027. 80. 00. 91
Ex9027. 89. 00. 10
9027. 80. 00. 92
Ex9027. 89. 00. 20
9027. 80. 00. 99
Ex9027. 81. 00. 00
Ex9027. 89. 00. 90
9029. 10. 10. 00
Ex9029. 10. 00. 10
Ex9029. 10. 00. 90
9029. 10. 90. 10
Ex9029. 10. 00. 10
9029. 10. 90. 90
Ex9029. 10. 00. 90
9029. 20. 05. 00
9029. 20. 00. 30
9029. 20. 20. 00
9029. 20. 00. 21
9029. 20. 30. 00
Ex9029. 20. 00. 10
Ex9029. 20. 00. 29
9029. 20. 80. 91
Ex9029. 20. 00. 10
Ex9029. 20. 00. 29
9029. 20. 80. 99
Ex9029. 20. 00. 10
Ex9029. 20. 00. 29
9030. 10. 00. 10
Ex9030. 10. 00. 00
9030. 10. 00. 90
Ex9030. 10. 00. 00
9030. 20. 00. 20
Ex9030. 20. 00. 00
9030. 20. 00. 80
Ex9030. 20. 00. 00
9030. 31. 00. 10
Ex9030. 31. 00. 00
Page 216
--- Page 218 (parsed text) --Table de concordance 2017-2022
Codification 2017
Codification 2022
9030. 31. 00. 90
Ex9030. 31. 00. 00
9030. 32. 00. 10
Ex9030. 32. 00. 00
9030. 32. 00. 90
Ex9030. 32. 00. 00
9030. 33. 00. 10
Ex9030. 33. 00. 00
9030. 33. 00. 90
Ex9030. 33. 00. 00
9030. 39. 00. 10
Ex9030. 39. 00. 00
9030. 39. 00. 90
Ex9030. 39. 00. 00
9030. 40. 00. 10
Ex9030. 40. 00. 00
9030. 40. 00. 90
Ex9030. 40. 00. 00
9030. 82. 00. 10
Ex9030. 82. 00. 00
9030. 82. 00. 90
Ex9030. 82. 00. 00
9030. 84. 00. 10
Ex9030. 84. 00. 00
9030. 84. 00. 90
Ex9030. 84. 00. 00
9030. 89. 00. 12
Ex9030. 89. 00. 00
9030. 89. 00. 92
Ex9030. 89. 00. 00
9031. 10. 00. 10
Ex9031. 10. 00. 00
9031. 10. 00. 90
Ex9031. 10. 00. 00
9031. 20. 00. 10
Ex9031. 20. 00. 00
9031. 20. 00. 90
Ex9031. 20. 00. 00
9031. 41. 00. 10
Ex9031. 41. 00. 00
9031. 41. 00. 90
Ex9031. 41. 00. 00
9031. 80. 00. 10
Ex9031. 80. 00. 20
Ex9031. 80. 00. 30
Ex9031. 80. 00. 80
9031. 80. 00. 91
Ex9031. 80. 00. 20
9031. 80. 00. 92
Ex9031. 80. 00. 30
9031. 80. 00. 99
Ex9031. 80. 00. 80
9031. 90. 00. 10
Ex9031. 90. 00. 00
9031. 90. 00. 90
Ex9031. 90. 00. 00
9032. 10. 91. 00
Ex9032. 10. 90. 00
9032. 10. 99. 00
Ex9032. 10. 90. 00
9032. 20. 00. 10
Ex9032. 20. 00. 00
9032. 20. 00. 90
Ex9032. 20. 00. 00
9032. 89. 10. 00
Ex9032. 89. 00. 00
9032. 89. 90. 10
Ex9032. 89. 00. 00
9032. 89. 90. 90
Ex9032. 89. 00. 00
9032. 90. 00. 10
Ex9032. 90. 00. 00
9032. 90. 00. 90
Ex9032. 90. 00. 00
9033. 00. 00. 15
Ex9033. 00. 00. 70
9033. 00. 00. 80
Ex9033. 00. 00. 70
9114. 10. 00. 00
9114. 90. 05. 00
9401. 30. 00. 11
Ex9401. 31. 00. 10
Ex9401. 39. 00. 10
9401. 30. 00. 19
Ex9401. 31. 00. 10
Ex9401. 39. 00. 10
9401. 30. 00. 91
Ex9401. 31. 00. 90
Ex9401. 39. 00. 90
9401. 30. 00. 99
Ex9401. 31. 00. 90
Page 217
--- Page 219 (parsed text) --Table de concordance 2017-2022
Codification 2017
Codification 2022
Ex9401. 39. 00. 90
9401. 40. 00. 10
9401. 41. 00. 10
Ex9401. 49. 00. 00
9401. 40. 00. 90
9401. 41. 00. 90
Ex9401. 49. 00. 00
9401. 69. 00. 11
Ex9401. 69. 00. 00
9401. 69. 00. 19
Ex9401. 69. 00. 00
9401. 69. 00. 21
Ex9401. 69. 00. 00
9401. 69. 00. 29
Ex9401. 69. 00. 00
9401. 69. 00. 90
Ex9401. 69. 00. 00
9401. 90. 00. 10
9401. 91. 00. 00
9401. 90. 00. 92
9401. 99. 00. 10
9401. 90. 00. 93
9401. 99. 00. 91
9401. 90. 00. 98
9401. 99. 00. 99
9403. 10. 00. 31
Ex9403. 10. 00. 30
9403. 10. 00. 39
Ex9403. 10. 00. 30
9403. 20. 90. 20
Ex9403. 20. 90. 80
9403. 20. 90. 90
Ex9403. 20. 90. 80
9403. 30. 00. 10
Ex9403. 30. 00. 00
9403. 30. 00. 20
Ex9403. 30. 00. 00
9403. 30. 00. 90
Ex9403. 30. 00. 00
9403. 40. 00. 10
Ex9403. 40. 00. 00
9403. 40. 00. 20
Ex9403. 40. 00. 00
9403. 40. 00. 90
Ex9403. 40. 00. 00
9403. 50. 00. 10
Ex9403. 50. 00. 00
9403. 50. 00. 20
Ex9403. 50. 00. 00
9403. 50. 00. 90
Ex9403. 50. 00. 00
9403. 89. 00. 21
Ex9403. 89. 00. 20
9403. 89. 00. 29
Ex9403. 89. 00. 20
9403. 89. 00. 30
Ex9403. 89. 00. 70
9403. 89. 00. 40
Ex9403. 89. 00. 70
9403. 89. 00. 80
Ex9403. 89. 00. 70
9403. 90. 00. 10
9403. 99. 00. 10
9403. 90. 00. 20
9403. 91. 00. 00
9403. 90. 00. 90
9403. 99. 00. 90
9404. 10. 00. 90
9404. 10. 00. 20
9404. 10. 00. 80
9404. 30. 00. 10
Ex9404. 30. 00. 00
9404. 30. 00. 91
Ex9404. 30. 00. 00
9404. 30. 00. 99
Ex9404. 30. 00. 00
9404. 90. 10. 10
Ex9404. 90. 00. 90
Ex9404. 40. 00. 10
9404. 90. 10. 90
Ex9404. 90. 00. 90
Ex9404. 40. 00. 90
9404. 90. 20. 00
Ex9404. 90. 00. 90
9404. 90. 91. 10
Ex9404. 90. 00. 10
9404. 90. 91. 90
Ex9404. 90. 00. 10
9404. 90. 92. 10
Ex9404. 40. 00. 10
Page 218
--- Page 220 (parsed text) --Table de concordance 2017-2022
Codification 2017
Codification 2022
9404. 90. 92. 90
Ex9404. 40. 00. 90
9404. 90. 99. 10
Ex9404. 40. 00. 10
Ex9404. 90. 00. 90
9404. 90. 99. 90
Ex9404. 40. 00. 90
Ex9404. 90. 00. 90
9405. 10. 05. 00
9405. 11. 00. 00
Ex8539. 51. 00. 90
9405. 10. 09. 10
9405. 19. 00. 11
9405. 10. 09. 90
9405. 19. 00. 19
9405. 10. 11. 00
9405. 19. 00. 20
9405. 10. 13. 00
Ex9405. 19. 00. 25
9405. 10. 19. 00
Ex9405. 19. 00. 25
9405. 10. 20. 10
Ex9405. 19. 00. 30
9405. 10. 20. 90
Ex9405. 19. 00. 30
9405. 10. 31. 00
9405. 19. 00. 35
9405. 10. 32. 00
9405. 19. 00. 40
9405. 10. 39. 00
9405. 19. 00. 45
9405. 10. 41. 00
9405. 19. 00. 50
9405. 10. 49. 00
9405. 19. 00. 55
9405. 10. 50. 10
9405. 19. 00. 60
9405. 10. 50. 90
9405. 19. 00. 65
9405. 10. 90. 00
9405. 19. 00. 90
9405. 20. 11. 00
Ex8539. 51. 00. 10
Ex9405. 21. 00. 00
9405. 29. 11. 00
9405. 20. 13. 00
Ex8539. 51. 00. 10
Ex9405. 21. 00. 00
Ex9405. 29. 19. 00
9405. 20. 19. 10
Ex8539. 51. 00. 10
Ex9405. 21. 00. 00
Ex9405. 29. 19. 00
9405. 20. 19. 90
Ex8539. 51. 00. 10
Ex9405. 21. 00. 00
Ex9405. 29. 19. 00
9405. 20. 20. 00
Ex8539. 51. 00. 10
Ex9405. 21. 00. 00
9405. 29. 20. 00
9405. 20. 31. 00
Ex8539. 51. 00. 10
Ex9405. 21. 00. 00
9405. 29. 30. 00
9405. 20. 32. 00
Ex8539. 51. 00. 10
Ex9405. 21. 00. 00
9405. 29. 40. 00
9405. 20. 39. 00
Ex8539. 51. 00. 10
Ex9405. 21. 00. 00
9405. 29. 50. 00
9405. 20. 41. 00
Ex8539. 51. 00. 10
Ex9405. 21. 00. 00
Page 219
--- Page 221 (parsed text) --Table de concordance 2017-2022
Codification 2017
Codification 2022
9405. 29. 60. 00
9405. 20. 49. 00
Ex8539. 51. 00. 10
Ex9405. 21. 00. 00
9405. 29. 70. 00
9405. 20. 50. 10
Ex8539. 51. 00. 10
Ex9405. 21. 00. 00
9405. 29. 80. 00
9405. 20. 50. 90
Ex8539. 51. 00. 10
Ex9405. 21. 00. 00
9405. 29. 85. 00
9405. 20. 90. 00
Ex8539. 51. 00. 10
Ex9405. 21. 00. 00
9405. 29. 90. 00
9405. 30. 00. 10
Ex8539. 51. 00. 10
Ex9405. 31. 00. 00
Ex9405. 39. 00. 00
9405. 30. 00. 90
Ex8539. 51. 00. 10
Ex9405. 31. 00. 00
Ex9405. 39. 00. 00
9405. 40. 05. 10
Ex8539. 51. 00. 90
9405. 41. 00. 10
9405. 42. 00. 10
9405. 40. 05. 90
Ex8539. 51. 00. 90
9405. 41. 00. 90
9405. 42. 00. 90
9405. 40. 09. 00
9405. 49. 00. 11
9405. 40. 13. 00
9405. 49. 00. 12
9405. 40. 17. 00
9405. 49. 00. 19
9405. 40. 21. 00
9405. 49. 00. 21
9405. 40. 22. 00
Ex9405. 49. 00. 29
9405. 40. 29. 00
Ex9405. 49. 00. 29
9405. 40. 30. 10
Ex9405. 49. 00. 30
9405. 40. 30. 90
Ex9405. 49. 00. 30
9405. 40. 41. 00
9405. 49. 00. 40
9405. 40. 42. 00
9405. 49. 00. 45
9405. 40. 43. 00
9405. 49. 00. 50
9405. 40. 44. 00
9405. 49. 00. 55
9405. 40. 49. 00
9405. 49. 00. 60
9405. 40. 51. 00
9405. 49. 00. 65
9405. 40. 59. 00
9405. 49. 00. 70
9405. 40. 60. 10
9405. 49. 00. 75
9405. 40. 60. 90
9405. 49. 00. 80
9405. 40. 90. 00
9405. 49. 00. 90
9405. 50. 13. 00
Ex9405. 50. 18. 00
9405. 50. 19. 00
Ex9405. 50. 18. 00
9405. 50. 31. 10
Ex9405. 50. 31. 00
9405. 50. 31. 90
Ex9405. 50. 31. 00
9405. 50. 39. 91
Ex9405. 50. 39. 90
Page 220
--- Page 222 (parsed text) --Table de concordance 2017-2022
Codification 2017
Codification 2022
9405. 50. 39. 99
Ex9405. 50. 39. 90
9405. 60. 11. 00
9405. 61. 00. 11
9405. 69. 00. 11
9405. 60. 13. 00
Ex9405. 61. 00. 19
Ex9405. 69. 00. 19
9405. 60. 19. 00
Ex9405. 61. 00. 19
Ex9405. 69. 00. 19
9405. 60. 21. 00
Ex9405. 61. 00. 20
Ex9405. 69. 00. 20
9405. 60. 22. 00
Ex9405. 61. 00. 20
Ex9405. 69. 00. 20
9405. 60. 23. 00
Ex9405. 61. 00. 20
Ex9405. 69. 00. 20
9405. 60. 29. 10
Ex9405. 61. 00. 20
Ex9405. 69. 00. 20
9405. 60. 29. 90
Ex9405. 61. 00. 20
Ex9405. 69. 00. 20
9405. 60. 31. 00
9405. 61. 00. 25
9405. 69. 00. 25
9405. 60. 32. 00
9405. 61. 00. 30
9405. 69. 00. 30
9405. 60. 39. 00
9405. 61. 00. 35
9405. 69. 00. 35
9405. 60. 41. 00
9405. 61. 00. 40
9405. 69. 00. 40
9405. 60. 49. 00
9405. 61. 00. 45
9405. 69. 00. 45
9405. 60. 50. 10
9405. 61. 00. 50
9405. 69. 00. 50
9405. 60. 50. 90
9405. 61. 00. 55
9405. 69. 00. 55
9405. 60. 60. 00
9405. 61. 00. 60
9405. 69. 00. 60
9405. 60. 90. 00
9405. 61. 00. 90
9405. 69. 00. 90
9405. 91. 80. 92
Ex9405. 91. 80. 98
9405. 91. 80. 93
Ex9405. 91. 80. 98
9405. 91. 80. 99
9405. 91. 90. 00
9405. 99. 21. 00
Ex9405. 99. 20. 00
9405. 99. 22. 00
Ex9405. 99. 20. 00
9405. 99. 23. 00
Ex9405. 99. 20. 00
9405. 99. 29. 10
Ex9405. 99. 20. 00
9405. 99. 29. 90
Ex9405. 99. 20. 00
9405. 99. 31. 00
Ex9405. 99. 30. 00
9405. 99. 39. 00
Ex9405. 99. 30. 00
9405. 99. 40. 00
8539. 90. 20. 11
9405. 99. 45. 00
9405. 99. 51. 00
9405. 99. 52. 00
Page 221
--- Page 223 (parsed text) --Table de concordance 2017-2022
Codification 2017
Codification 2022
9405. 99. 59. 00
9405. 99. 58. 00
9405. 99. 91. 00
Ex9405. 99. 80. 00
9405. 99. 92. 00
Ex9405. 99. 80. 00
9405. 99. 93. 00
Ex9405. 99. 80. 00
9405. 99. 99. 00
8539. 90. 20. 19
9405. 99. 98. 00
9406. 90. 20. 00
Ex9406. 90. 98. 00
9406. 90. 91. 00
9406. 20. 00. 00
9406. 90. 93. 00
9406. 90. 99. 00
Ex9406. 90. 98. 00
9508. 90. 00. 00
9508. 21. 00. 00
9508. 22. 00. 00
9508. 23. 00. 00
9508. 24. 00. 00
9508. 25. 00. 00
9508. 26. 00. 00
9508. 29. 00. 00
9508. 30. 00. 00
9508. 40. 00. 00
9701. 10. 00. 00
9701. 21. 00. 00
9701. 91. 00. 00
9701. 90. 10. 00
Ex9701. 29. 90. 00
Ex9701. 99. 90. 00
9701. 90. 20. 00
9701. 29. 10. 00
9701. 99. 10. 00
9701. 90. 90. 00
9701. 22. 00. 00
Ex9701. 29. 90. 00
9701. 92. 00. 00
Ex9701. 99. 90. 00
9702. 00. 00. 00
9702. 10. 00. 00
9702. 90. 00. 00
9703. 00. 00. 00
9703. 10. 00. 00
9703. 90. 00. 00
9705. 00. 00. 00
9705. 10. 00. 00
9705. 21. 00. 00
9705. 22. 00. 00
9705. 29. 00. 00
9705. 31. 00. 00
9705. 39. 00. 00
9706. 00. 00. 00
9706. 10. 00. 00
9706. 90. 00. 00
Page 222